{"type":"FeatureCollection","features":[{"type":"Feature","properties":{"GEOID":"39003010100","NAME":"Census Tract 101","BASENAME":"101","POP100":4126,"HU100":1589,"AREALAND":20489719,"CENTLAT":"+40.8916096","CENTLON":"-083.8996023"},"geometry":{"type":"Polygon","coordinates":[[[-83.91926,40.90377],[-83.91926,40.90304],[-83.91924,40.90229],[-83.91923,40.90136],[-83.91922,40.90095],[-83.91922,40.90063],[-83.91921,40.89982],[-83.9192,40.89928],[-83.91919,40.89872],[-83.91919,40.89869],[-83.91919,40.89838],[-83.91916,40.89636],[-83.91915,40.89577],[-83.91915,40.89573],[-83.91915,40.89548],[-83.91911,40.89277],[-83.91911,40.89274],[-83.91911,40.89261],[-83.91911,40.89258],[-83.91911,40.89236],[-83.91911,40.89203],[-83.91911,40.89185],[-83.9191,40.8913],[-83.91909,40.89076],[-83.91909,40.89021],[-83.91908,40.88965],[-83.91907,40.88848],[-83.91905,40.88659],[-83.91905,40.8863],[-83.91904,40.88573],[-83.91904,40.88521],[-83.91904,40.88474],[-83.91904,40.88465],[-83.91903,40.88408],[-83.91902,40.8835],[-83.91901,40.88291],[-83.919,40.8824],[-83.919,40.88157],[-83.91899,40.88031],[-83.91898,40.8797],[-83.91898,40.87853],[-83.91897,40.87749],[-83.91895,40.87608],[-83.91891,40.87373],[-83.91887,40.87289],[-83.91888,40.8726],[-83.91887,40.87231],[-83.91886,40.87177],[-83.91885,40.87096],[-83.91883,40.87042],[-83.91882,40.87038],[-83.91882,40.87013],[-83.91884,40.8698],[-83.91884,40.86975],[-83.91879,40.86574],[-83.91878,40.86529],[-83.91876,40.86289],[-83.91165,40.86302],[-83.90916,40.86306],[-83.90467,40.86314],[-83.90325,40.86317],[-83.89961,40.86323],[-83.89753,40.86315],[-83.89702,40.86313],[-83.88025,40.86248],[-83.88026,40.86335],[-83.88026,40.86348],[-83.88026,40.86354],[-83.88026,40.86411],[-83.88026,40.86564],[-83.88026,40.86638],[-83.88027,40.86753],[-83.88027,40.86884],[-83.8803,40.87064],[-83.88029,40.8719],[-83.88029,40.87354],[-83.88028,40.87382],[-83.88028,40.8746],[-83.88028,40.87462],[-83.88028,40.87484],[-83.88028,40.87508],[-83.88028,40.8752],[-83.88029,40.87555],[-83.88029,40.87649],[-83.88028,40.87689],[-83.88028,40.87786],[-83.88028,40.87794],[-83.88029,40.87836],[-83.88029,40.87885],[-83.8803,40.87984],[-83.8803,40.88006],[-83.8803,40.88008],[-83.8803,40.88103],[-83.8803,40.88142],[-83.8803,40.88154],[-83.8803,40.8816],[-83.8803,40.88217],[-83.8803,40.88245],[-83.8803,40.8829],[-83.88031,40.88455],[-83.88031,40.88476],[-83.88031,40.88493],[-83.8803,40.88525],[-83.8803,40.88574],[-83.88031,40.88744],[-83.88031,40.88747],[-83.88031,40.88784],[-83.88031,40.88785],[-83.88031,40.88807],[-83.88031,40.88821],[-83.88032,40.88909],[-83.88032,40.8896],[-83.88032,40.88996],[-83.88033,40.89041],[-83.88034,40.89135],[-83.88034,40.89138],[-83.88034,40.89194],[-83.88034,40.89242],[-83.88034,40.89244],[-83.88033,40.89257],[-83.88035,40.89342],[-83.88036,40.89524],[-83.88037,40.89563],[-83.88037,40.89575],[-83.88037,40.89588],[-83.88037,40.89591],[-83.88037,40.89593],[-83.88037,40.89598],[-83.88037,40.89612],[-83.88037,40.89629],[-83.88037,40.89643],[-83.88037,40.89664],[-83.88038,40.89864],[-83.88038,40.89876],[-83.88038,40.89886],[-83.88039,40.89966],[-83.88039,40.90122],[-83.88039,40.90128],[-83.88039,40.90135],[-83.88039,40.90195],[-83.8804,40.90263],[-83.8804,40.90466],[-83.8804,40.9052],[-83.8804,40.90591],[-83.88041,40.90775],[-83.88041,40.90831],[-83.88041,40.90961],[-83.88041,40.91247],[-83.88042,40.91768],[-83.88042,40.91831],[-83.88042,40.91885],[-83.88042,40.9197],[-83.88042,40.92043],[-83.88055,40.92043],[-83.88081,40.92043],[-83.88129,40.92042],[-83.88189,40.92042],[-83.88253,40.92042],[-83.88284,40.92042],[-83.88323,40.92042],[-83.88366,40.92041],[-83.88412,40.92041],[-83.88456,40.92041],[-83.88502,40.92041],[-83.88552,40.92041],[-83.88571,40.92041],[-83.88603,40.9204],[-83.88669,40.92041],[-83.88715,40.9204],[-83.88749,40.9204],[-83.88794,40.9204],[-83.8882,40.9204],[-83.88856,40.9204],[-83.88886,40.9204],[-83.88919,40.9204],[-83.88957,40.9204],[-83.88983,40.9204],[-83.89042,40.9204],[-83.89074,40.92039],[-83.89105,40.92039],[-83.89151,40.92039],[-83.89175,40.92039],[-83.89201,40.92039],[-83.89241,40.92039],[-83.89275,40.92038],[-83.89311,40.92038],[-83.89342,40.92038],[-83.89391,40.92038],[-83.89426,40.92037],[-83.89451,40.92037],[-83.89488,40.92037],[-83.89525,40.92037],[-83.89558,40.92036],[-83.89593,40.92037],[-83.89628,40.92036],[-83.89662,40.92036],[-83.897,40.92036],[-83.89736,40.92035],[-83.89773,40.92035],[-83.89811,40.92035],[-83.89848,40.92034],[-83.89907,40.92035],[-83.89924,40.92035],[-83.89951,40.92035],[-83.89955,40.92035],[-83.8996,40.92034],[-83.90058,40.92034],[-83.90259,40.92033],[-83.90281,40.92033],[-83.9044,40.92032],[-83.90688,40.92032],[-83.90787,40.92031],[-83.909,40.92031],[-83.91441,40.9203],[-83.91443,40.9203],[-83.91453,40.9203],[-83.91455,40.9203],[-83.915,40.9203],[-83.91531,40.9203],[-83.91541,40.9203],[-83.91598,40.9203],[-83.91712,40.9203],[-83.91847,40.9203],[-83.91865,40.92029],[-83.91866,40.91908],[-83.91868,40.91596],[-83.91868,40.91588],[-83.91868,40.9144],[-83.91868,40.90986],[-83.91868,40.90968],[-83.91868,40.90941],[-83.91868,40.90683],[-83.91868,40.90663],[-83.91868,40.9065],[-83.91866,40.90566],[-83.91871,40.90529],[-83.91903,40.90439],[-83.91926,40.90377]]]}},{"type":"Feature","properties":{"GEOID":"39003010200","NAME":"Census Tract 102","BASENAME":"102","POP100":3812,"HU100":1560,"AREALAND":180861498,"CENTLAT":"+40.8627880","CENTLON":"-084.0011560"},"geometry":{"type":"Polygon","coordinates":[[[-84.10994,40.8943],[-84.10994,40.89423],[-84.10993,40.89414],[-84.10992,40.89389],[-84.10993,40.89328],[-84.10992,40.89266],[-84.10991,40.89201],[-84.1099,40.89137],[-84.1099,40.89104],[-84.1099,40.89081],[-84.10989,40.89038],[-84.10989,40.88999],[-84.10989,40.88994],[-84.10988,40.88945],[-84.10988,40.88895],[-84.10987,40.88846],[-84.10987,40.88793],[-84.10987,40.88719],[-84.10988,40.88692],[-84.10986,40.88379],[-84.10986,40.88287],[-84.10987,40.87925],[-84.10987,40.8788],[-84.10987,40.8783],[-84.10987,40.87794],[-84.10988,40.8758],[-84.10976,40.87542],[-84.10973,40.87505],[-84.10973,40.87387],[-84.1097,40.8683],[-84.10968,40.86815],[-84.10967,40.86714],[-84.10966,40.86683],[-84.10966,40.86645],[-84.10966,40.866],[-84.10965,40.86556],[-84.10964,40.86519],[-84.10964,40.86515],[-84.10964,40.86508],[-84.10963,40.86478],[-84.10963,40.86434],[-84.10963,40.86392],[-84.10962,40.86349],[-84.10962,40.86307],[-84.10961,40.86263],[-84.10959,40.86201],[-84.10959,40.86133],[-84.10959,40.86099],[-84.10953,40.85634],[-84.10952,40.85396],[-84.10949,40.8525],[-84.10946,40.85075],[-84.10945,40.85011],[-84.10938,40.84641],[-84.10938,40.84633],[-84.10934,40.84269],[-84.10932,40.84124],[-84.10932,40.84107],[-84.1093,40.83998],[-84.1093,40.83968],[-84.10929,40.83889],[-84.10924,40.83531],[-84.10924,40.83471],[-84.1092,40.83182],[-84.10926,40.82426],[-84.10926,40.82402],[-84.10925,40.81728],[-84.10898,40.81728],[-84.10854,40.81728],[-84.10807,40.81729],[-84.10762,40.81728],[-84.10715,40.81729],[-84.1065,40.81729],[-84.10614,40.8173],[-84.10562,40.8173],[-84.1042,40.81731],[-84.10373,40.81732],[-84.10347,40.81732],[-84.1034,40.81731],[-84.10307,40.81731],[-84.10302,40.81731],[-84.10225,40.81732],[-84.10148,40.81732],[-84.10086,40.81733],[-84.1004,40.81734],[-84.09969,40.81734],[-84.0993,40.81734],[-84.09918,40.81734],[-84.09889,40.81734],[-84.09862,40.81735],[-84.09839,40.81735],[-84.09743,40.81736],[-84.09705,40.81736],[-84.09603,40.81737],[-84.09492,40.81737],[-84.0945,40.81737],[-84.0938,40.81737],[-84.09344,40.81738],[-84.09299,40.81738],[-84.09257,40.81739],[-84.09205,40.81739],[-84.09192,40.81739],[-84.09155,40.81739],[-84.09101,40.81739],[-84.09046,40.8174],[-84.08986,40.8174],[-84.08898,40.81739],[-84.088,40.8174],[-84.08778,40.8174],[-84.08718,40.8174],[-84.08707,40.8174],[-84.08683,40.81741],[-84.08661,40.81741],[-84.08643,40.81742],[-84.08545,40.81743],[-84.08512,40.81743],[-84.08483,40.81743],[-84.08448,40.81743],[-84.08318,40.81744],[-84.08255,40.81744],[-84.08247,40.81744],[-84.08209,40.81744],[-84.08178,40.81745],[-84.0808,40.81746],[-84.08006,40.81747],[-84.07973,40.81748],[-84.07921,40.81748],[-84.07897,40.81748],[-84.07861,40.81748],[-84.07796,40.81749],[-84.07764,40.81749],[-84.07718,40.8175],[-84.07673,40.8175],[-84.0766,40.8175],[-84.07618,40.8175],[-84.07575,40.8175],[-84.07511,40.81751],[-84.07442,40.81752],[-84.07367,40.81753],[-84.07314,40.81753],[-84.07251,40.81753],[-84.07221,40.81753],[-84.0718,40.81754],[-84.07133,40.81755],[-84.07107,40.81756],[-84.07023,40.81756],[-84.06903,40.81756],[-84.06786,40.81756],[-84.06673,40.81756],[-84.06551,40.81757],[-84.06357,40.81758],[-84.06284,40.81759],[-84.06236,40.81759],[-84.06189,40.8176],[-84.06118,40.8176],[-84.06027,40.81762],[-84.05931,40.81763],[-84.05864,40.81764],[-84.05702,40.81764],[-84.05507,40.81764],[-84.0541,40.81764],[-84.05301,40.81765],[-84.05177,40.81766],[-84.0515,40.81765],[-84.05124,40.81766],[-84.04964,40.81767],[-84.04874,40.81767],[-84.04812,40.81768],[-84.04715,40.81768],[-84.04656,40.81769],[-84.04615,40.81769],[-84.04556,40.8177],[-84.04432,40.8177],[-84.04308,40.81772],[-84.04265,40.81772],[-84.04227,40.81772],[-84.04083,40.81772],[-84.04023,40.81772],[-84.03925,40.81773],[-84.03858,40.81773],[-84.03782,40.81773],[-84.03695,40.81774],[-84.03641,40.81774],[-84.03622,40.81774],[-84.03595,40.81774],[-84.03518,40.81774],[-84.03353,40.81776],[-84.03325,40.81776],[-84.03265,40.81777],[-84.03239,40.81777],[-84.03223,40.81776],[-84.03077,40.81777],[-84.02966,40.81778],[-84.02904,40.81778],[-84.02788,40.81778],[-84.02647,40.81779],[-84.02622,40.81779],[-84.02573,40.81779],[-84.02536,40.8178],[-84.02473,40.8178],[-84.0238,40.8178],[-84.02284,40.81781],[-84.02186,40.81782],[-84.0211,40.81782],[-84.0199,40.81783],[-84.01892,40.81783],[-84.01808,40.81783],[-84.017,40.81784],[-84.01596,40.81785],[-84.01587,40.81784],[-84.01541,40.81785],[-84.0149,40.81785],[-84.01416,40.81785],[-84.01392,40.81785],[-84.01348,40.81786],[-84.01322,40.81787],[-84.0126,40.81788],[-84.01182,40.81789],[-84.01108,40.8179],[-84.00934,40.81785],[-84.00744,40.81785],[-84.00689,40.81787],[-84.00674,40.8179],[-84.00658,40.8179],[-84.00639,40.8179],[-84.00284,40.81805],[-83.99976,40.81795],[-83.99941,40.81796],[-83.99909,40.81797],[-83.99889,40.81796],[-83.99873,40.81795],[-83.99434,40.81805],[-83.99082,40.81799],[-83.98999,40.81799],[-83.98524,40.81802],[-83.97647,40.8182],[-83.97564,40.81822],[-83.96137,40.81843],[-83.95725,40.81851],[-83.95184,40.81865],[-83.94599,40.81874],[-83.93746,40.81909],[-83.93703,40.8191],[-83.93636,40.81911],[-83.93488,40.81913],[-83.93396,40.81914],[-83.93264,40.81914],[-83.92741,40.81912],[-83.90872,40.81953],[-83.90836,40.81954],[-83.90781,40.81955],[-83.9077,40.81955],[-83.90706,40.81956],[-83.90528,40.81959],[-83.8991,40.81968],[-83.8933,40.81976],[-83.89133,40.81978],[-83.88363,40.81987],[-83.88006,40.81992],[-83.8801,40.82176],[-83.8801,40.822],[-83.88014,40.82481],[-83.88014,40.82545],[-83.88013,40.82748],[-83.88014,40.82772],[-83.88014,40.82878],[-83.88015,40.83089],[-83.88017,40.83229],[-83.88017,40.83242],[-83.88017,40.83245],[-83.88018,40.83438],[-83.88018,40.83535],[-83.88018,40.83616],[-83.88019,40.83742],[-83.88019,40.83938],[-83.8802,40.84088],[-83.8802,40.84228],[-83.8802,40.84354],[-83.8802,40.84435],[-83.8802,40.84716],[-83.8802,40.84799],[-83.88021,40.84837],[-83.88021,40.84886],[-83.88021,40.84984],[-83.88021,40.85008],[-83.88022,40.85431],[-83.88023,40.85727],[-83.88025,40.86127],[-83.88025,40.86151],[-83.88025,40.86226],[-83.88025,40.86248],[-83.89702,40.86313],[-83.89753,40.86315],[-83.89961,40.86323],[-83.90325,40.86317],[-83.90467,40.86314],[-83.90916,40.86306],[-83.91165,40.86302],[-83.91876,40.86289],[-83.91878,40.86529],[-83.91879,40.86574],[-83.91884,40.86975],[-83.91884,40.8698],[-83.91882,40.87013],[-83.91882,40.87038],[-83.91883,40.87042],[-83.91885,40.87096],[-83.91886,40.87177],[-83.91887,40.87231],[-83.91888,40.8726],[-83.91887,40.87289],[-83.91891,40.87373],[-83.91895,40.87608],[-83.91897,40.87749],[-83.91898,40.87853],[-83.91898,40.8797],[-83.91899,40.88031],[-83.919,40.88157],[-83.919,40.8824],[-83.91901,40.88291],[-83.91902,40.8835],[-83.91903,40.88408],[-83.91904,40.88465],[-83.91904,40.88474],[-83.91904,40.88521],[-83.91904,40.88573],[-83.91905,40.8863],[-83.91905,40.88659],[-83.91907,40.88848],[-83.91908,40.88965],[-83.91909,40.89021],[-83.91909,40.89076],[-83.9191,40.8913],[-83.91911,40.89185],[-83.91911,40.89203],[-83.91911,40.89236],[-83.91911,40.89258],[-83.91911,40.89261],[-83.91911,40.89274],[-83.91911,40.89277],[-83.91915,40.89548],[-83.91915,40.89573],[-83.91915,40.89577],[-83.91916,40.89636],[-83.91919,40.89838],[-83.91919,40.89869],[-83.91919,40.89872],[-83.9192,40.89928],[-83.91921,40.89982],[-83.91922,40.90063],[-83.91922,40.90095],[-83.91923,40.90136],[-83.91924,40.90229],[-83.91926,40.90304],[-83.91926,40.90377],[-83.91903,40.90439],[-83.91871,40.90529],[-83.91866,40.90566],[-83.91868,40.9065],[-83.91868,40.90663],[-83.91868,40.90683],[-83.91868,40.90941],[-83.91868,40.90968],[-83.91868,40.90986],[-83.91868,40.9144],[-83.91868,40.91588],[-83.91868,40.91596],[-83.91866,40.91908],[-83.91865,40.92029],[-83.91935,40.92029],[-83.92007,40.92029],[-83.92036,40.92029],[-83.92153,40.92029],[-83.92442,40.9203],[-83.9248,40.9203],[-83.926,40.9203],[-83.92631,40.9203],[-83.92971,40.9203],[-83.93178,40.9203],[-83.93246,40.9203],[-83.93352,40.92029],[-83.93639,40.92027],[-83.93774,40.92026],[-83.93964,40.92026],[-83.94236,40.92024],[-83.94255,40.92023],[-83.94596,40.92022],[-83.94645,40.92021],[-83.94732,40.92021],[-83.94805,40.9202],[-83.94922,40.9202],[-83.94981,40.9202],[-83.94999,40.9202],[-83.95047,40.92019],[-83.95081,40.92019],[-83.9509,40.92019],[-83.95694,40.92019],[-83.96016,40.92014],[-83.96157,40.92012],[-83.96449,40.92008],[-83.96465,40.92007],[-83.96485,40.92007],[-83.96526,40.92006],[-83.96647,40.92004],[-83.96649,40.92004],[-83.96704,40.92004],[-83.96828,40.92003],[-83.97134,40.91999],[-83.97374,40.91996],[-83.97397,40.91996],[-83.97445,40.91996],[-83.97608,40.91994],[-83.97611,40.91994],[-83.98456,40.91989],[-83.99327,40.91985],[-83.99523,40.91984],[-83.99523,40.91971],[-83.99523,40.91961],[-83.99523,40.91942],[-83.99522,40.91885],[-83.99521,40.91763],[-83.99521,40.91704],[-83.99521,40.91644],[-83.99521,40.91598],[-83.99521,40.91552],[-83.99521,40.91503],[-83.99521,40.91401],[-83.99523,40.91364],[-83.99523,40.9136],[-83.99529,40.91228],[-83.99524,40.91184],[-83.99519,40.91148],[-83.99519,40.91103],[-83.99518,40.90667],[-83.99517,40.90507],[-83.99621,40.90506],[-83.99647,40.90505],[-83.99676,40.90505],[-83.99702,40.90505],[-83.9982,40.90503],[-84.0046,40.90501],[-84.00939,40.90496],[-84.01058,40.90497],[-84.01191,40.90494],[-84.01195,40.90494],[-84.01369,40.90495],[-84.01694,40.90492],[-84.0203,40.90489],[-84.02036,40.90489],[-84.02181,40.90488],[-84.02543,40.90488],[-84.0257,40.90488],[-84.02832,40.90486],[-84.04465,40.90483],[-84.05263,40.90481],[-84.05417,40.90481],[-84.05501,40.90481],[-84.05528,40.90475],[-84.05766,40.90477],[-84.06215,40.90476],[-84.06219,40.90476],[-84.0625,40.90475],[-84.07016,40.9049],[-84.07602,40.90486],[-84.08134,40.90484],[-84.08246,40.9048],[-84.08286,40.90481],[-84.0834,40.90481],[-84.08565,40.90482],[-84.08584,40.90483],[-84.0861,40.90482],[-84.08711,40.90479],[-84.08713,40.90479],[-84.08713,40.90479],[-84.08715,40.90478],[-84.08718,40.90478],[-84.10952,40.90473],[-84.10994,40.8943]]]}},{"type":"Feature","properties":{"GEOID":"39003010300","NAME":"Census Tract 103","BASENAME":"103","POP100":1600,"HU100":661,"AREALAND":74841137,"CENTLAT":"+40.8241857","CENTLON":"-084.1657681"},"geometry":{"type":"Polygon","coordinates":[[[-84.22485,40.85931],[-84.22484,40.85863],[-84.22484,40.85793],[-84.22481,40.85655],[-84.22481,40.85586],[-84.2248,40.85516],[-84.22479,40.85446],[-84.22478,40.85376],[-84.22476,40.85307],[-84.22475,40.85237],[-84.22474,40.85106],[-84.2247,40.8499],[-84.2247,40.8497],[-84.2247,40.84896],[-84.22471,40.84844],[-84.22469,40.84816],[-84.22463,40.84564],[-84.22441,40.83681],[-84.22443,40.83655],[-84.22455,40.83423],[-84.22426,40.82358],[-84.22417,40.81658],[-84.22415,40.80796],[-84.22416,40.80788],[-84.22416,40.80765],[-84.22416,40.80735],[-84.22416,40.80709],[-84.22416,40.80676],[-84.22415,40.80645],[-84.22415,40.80614],[-84.22415,40.80601],[-84.22414,40.80554],[-84.22415,40.80488],[-84.22413,40.80463],[-84.22413,40.80452],[-84.22411,40.80412],[-84.22411,40.80384],[-84.22411,40.80379],[-84.22411,40.80349],[-84.2241,40.8029],[-84.22411,40.80261],[-84.2241,40.80247],[-84.22408,40.80205],[-84.22408,40.80179],[-84.22407,40.80154],[-84.22407,40.80125],[-84.22405,40.8001],[-84.22405,40.79949],[-84.22405,40.79919],[-84.22405,40.79887],[-84.22405,40.79865],[-84.22404,40.7984],[-84.22403,40.79795],[-84.22404,40.79779],[-84.22404,40.79707],[-84.22403,40.79682],[-84.22402,40.79647],[-84.22402,40.79594],[-84.22402,40.79578],[-84.22278,40.79521],[-84.22195,40.79484],[-84.22173,40.79474],[-84.2181,40.79308],[-84.21604,40.79216],[-84.21555,40.79194],[-84.21542,40.79308],[-84.21635,40.7934],[-84.21652,40.79425],[-84.21367,40.79464],[-84.21217,40.79403],[-84.21211,40.7941],[-84.21114,40.79506],[-84.21116,40.79508],[-84.21119,40.79511],[-84.21121,40.79514],[-84.21122,40.79516],[-84.21122,40.79522],[-84.21118,40.79532],[-84.2111,40.79547],[-84.21105,40.79555],[-84.21099,40.79562],[-84.21093,40.79568],[-84.21075,40.7958],[-84.21055,40.79591],[-84.21037,40.79597],[-84.21014,40.79606],[-84.20988,40.79616],[-84.20962,40.79628],[-84.20949,40.79635],[-84.2094,40.7964],[-84.20931,40.79647],[-84.20924,40.79653],[-84.2092,40.79658],[-84.20915,40.79666],[-84.20909,40.79674],[-84.20903,40.79687],[-84.20898,40.797],[-84.20895,40.79721],[-84.20895,40.79742],[-84.20895,40.79776],[-84.20895,40.79804],[-84.20894,40.79818],[-84.20892,40.79831],[-84.20889,40.79846],[-84.20886,40.79855],[-84.20882,40.79861],[-84.20876,40.79865],[-84.20868,40.7987],[-84.20855,40.79874],[-84.20849,40.79876],[-84.20819,40.79878],[-84.2079,40.79879],[-84.20757,40.79878],[-84.20745,40.79878],[-84.20739,40.79879],[-84.20733,40.7988],[-84.2073,40.79882],[-84.20723,40.79888],[-84.20709,40.79903],[-84.20697,40.7993],[-84.20689,40.79953],[-84.20678,40.79984],[-84.20672,40.80007],[-84.20666,40.8002],[-84.20663,40.80024],[-84.20658,40.80029],[-84.20651,40.80034],[-84.20646,40.80035],[-84.20636,40.80035],[-84.20625,40.80036],[-84.20613,40.80036],[-84.20598,40.80035],[-84.2059,40.80033],[-84.20582,40.80029],[-84.20554,40.80015],[-84.2054,40.80008],[-84.20531,40.80004],[-84.20518,40.8],[-84.2051,40.79997],[-84.20499,40.79995],[-84.20491,40.79994],[-84.20481,40.79995],[-84.20477,40.79997],[-84.20456,40.80006],[-84.20439,40.80015],[-84.20428,40.80024],[-84.20412,40.80042],[-84.20401,40.80056],[-84.20375,40.80115],[-84.20372,40.80126],[-84.20371,40.80133],[-84.20373,40.80158],[-84.20374,40.80169],[-84.20379,40.80184],[-84.20385,40.80197],[-84.20389,40.80206],[-84.20393,40.80213],[-84.20402,40.80222],[-84.20421,40.80232],[-84.20441,40.80239],[-84.20462,40.80242],[-84.20501,40.80249],[-84.20519,40.8025],[-84.20533,40.80251],[-84.20554,40.80257],[-84.20561,40.80261],[-84.2057,40.80266],[-84.20579,40.80275],[-84.20581,40.80277],[-84.20581,40.8028],[-84.20581,40.80282],[-84.20581,40.80284],[-84.20595,40.80302],[-84.20602,40.80316],[-84.20605,40.80341],[-84.20604,40.80364],[-84.20599,40.8038],[-84.20593,40.80396],[-84.20584,40.80411],[-84.20582,40.80427],[-84.20575,40.80438],[-84.20568,40.80447],[-84.20566,40.8045],[-84.2056,40.80463],[-84.20556,40.80473],[-84.20557,40.80494],[-84.20564,40.80521],[-84.20568,40.80534],[-84.2057,40.80542],[-84.20577,40.80552],[-84.20587,40.80561],[-84.20595,40.80566],[-84.2061,40.80577],[-84.20614,40.80585],[-84.20613,40.80593],[-84.20607,40.80603],[-84.20599,40.80612],[-84.20596,40.8062],[-84.20594,40.8063],[-84.20594,40.80644],[-84.20598,40.80657],[-84.20605,40.80668],[-84.20634,40.8069],[-84.20675,40.80716],[-84.20689,40.80728],[-84.20697,40.8074],[-84.20703,40.80753],[-84.20707,40.8077],[-84.20705,40.80792],[-84.20695,40.8082],[-84.20695,40.80845],[-84.20694,40.80874],[-84.20689,40.80928],[-84.20689,40.8096],[-84.20705,40.81019],[-84.20715,40.81046],[-84.20722,40.81076],[-84.2072,40.81087],[-84.20715,40.81095],[-84.20713,40.81106],[-84.20709,40.81136],[-84.20643,40.81106],[-84.20627,40.811],[-84.20584,40.81086],[-84.20554,40.81082],[-84.20519,40.81078],[-84.20503,40.81075],[-84.20496,40.81076],[-84.20491,40.81077],[-84.20487,40.81079],[-84.20485,40.8108],[-84.20476,40.81083],[-84.20467,40.81082],[-84.20461,40.81081],[-84.20457,40.81079],[-84.20452,40.81076],[-84.20448,40.81073],[-84.20444,40.8107],[-84.20442,40.81069],[-84.20432,40.81068],[-84.20416,40.81068],[-84.20402,40.81068],[-84.20401,40.81046],[-84.204,40.81013],[-84.20399,40.80979],[-84.20398,40.80963],[-84.20398,40.8094],[-84.20397,40.80913],[-84.20395,40.80813],[-84.20394,40.80789],[-84.20394,40.80781],[-84.20395,40.80745],[-84.20394,40.80725],[-84.20368,40.80725],[-84.20321,40.80726],[-84.20272,40.80727],[-84.20231,40.80727],[-84.20189,40.80728],[-84.20152,40.80728],[-84.20078,40.8073],[-84.20052,40.8073],[-84.20037,40.8073],[-84.19935,40.80731],[-84.19892,40.80731],[-84.19853,40.80731],[-84.19788,40.80734],[-84.19717,40.80736],[-84.19703,40.80737],[-84.19671,40.80738],[-84.19567,40.80741],[-84.1953,40.80741],[-84.19414,40.80743],[-84.19364,40.80744],[-84.19271,40.80744],[-84.19211,40.80745],[-84.19151,40.80746],[-84.19033,40.80747],[-84.18998,40.80748],[-84.18969,40.80747],[-84.18963,40.80745],[-84.18959,40.80742],[-84.18956,40.80739],[-84.18955,40.80737],[-84.18954,40.80732],[-84.18954,40.80718],[-84.18955,40.80658],[-84.18955,40.806],[-84.18953,40.80539],[-84.18954,40.80506],[-84.18954,40.80465],[-84.18952,40.80403],[-84.18951,40.80346],[-84.18951,40.80281],[-84.18951,40.80235],[-84.1895,40.80158],[-84.18949,40.80154],[-84.18949,40.80145],[-84.18949,40.8013],[-84.18947,40.80086],[-84.18946,40.80061],[-84.18946,40.80031],[-84.18946,40.80001],[-84.18945,40.79984],[-84.18944,40.79934],[-84.18943,40.79888],[-84.18943,40.79857],[-84.18942,40.7982],[-84.18942,40.79797],[-84.18941,40.79651],[-84.1894,40.79593],[-84.1894,40.79567],[-84.18939,40.79525],[-84.18937,40.79483],[-84.18937,40.79458],[-84.18936,40.79422],[-84.18936,40.79419],[-84.18936,40.7939],[-84.18936,40.7937],[-84.18936,40.79308],[-84.18937,40.79252],[-84.18937,40.79226],[-84.18937,40.79198],[-84.18936,40.79172],[-84.18936,40.79158],[-84.18936,40.7914],[-84.18936,40.79133],[-84.18937,40.79105],[-84.18937,40.79098],[-84.18938,40.79094],[-84.18937,40.79053],[-84.18938,40.79032],[-84.18937,40.79012],[-84.18937,40.78995],[-84.18937,40.78962],[-84.18936,40.78939],[-84.18937,40.78919],[-84.18937,40.7889],[-84.18936,40.78789],[-84.18935,40.78745],[-84.18934,40.78713],[-84.18934,40.78678],[-84.18934,40.78629],[-84.18933,40.78609],[-84.18933,40.7857],[-84.18933,40.78548],[-84.18932,40.78506],[-84.18932,40.78424],[-84.18932,40.7838],[-84.18932,40.78339],[-84.18932,40.78323],[-84.18932,40.78289],[-84.18932,40.78264],[-84.18932,40.78239],[-84.18932,40.78217],[-84.18934,40.78193],[-84.18906,40.78181],[-84.18878,40.78168],[-84.18837,40.78149],[-84.18691,40.78083],[-84.18663,40.78069],[-84.18614,40.78046],[-84.18579,40.7803],[-84.1855,40.78017],[-84.18518,40.78002],[-84.18508,40.78013],[-84.18502,40.78018],[-84.18492,40.78021],[-84.18482,40.78022],[-84.18471,40.78023],[-84.18446,40.78023],[-84.18389,40.78022],[-84.18243,40.7802],[-84.18192,40.7802],[-84.18161,40.7802],[-84.18112,40.78019],[-84.18059,40.78018],[-84.18042,40.78018],[-84.17889,40.78017],[-84.17822,40.78016],[-84.17464,40.78013],[-84.1734,40.78012],[-84.17254,40.78011],[-84.17112,40.7801],[-84.16914,40.78008],[-84.16877,40.78007],[-84.1677,40.78006],[-84.16752,40.78006],[-84.16535,40.78004],[-84.1648,40.78004],[-84.16335,40.78006],[-84.16257,40.78007],[-84.16145,40.78008],[-84.15954,40.7801],[-84.15861,40.78011],[-84.15714,40.78012],[-84.15651,40.78013],[-84.15602,40.78013],[-84.1543,40.78015],[-84.14588,40.78023],[-84.14554,40.78024],[-84.1378,40.78031],[-84.13756,40.78031],[-84.13684,40.78032],[-84.13522,40.78034],[-84.13217,40.78036],[-84.12976,40.78037],[-84.1296,40.78038],[-84.12802,40.78039],[-84.12803,40.78384],[-84.12804,40.78545],[-84.12804,40.78582],[-84.12804,40.7866],[-84.12805,40.78735],[-84.12806,40.78761],[-84.12808,40.7888],[-84.12819,40.79485],[-84.12821,40.79549],[-84.12822,40.79592],[-84.12822,40.79615],[-84.12823,40.79628],[-84.12824,40.79645],[-84.12825,40.79659],[-84.12825,40.79674],[-84.12825,40.79721],[-84.12825,40.79762],[-84.12825,40.79808],[-84.12826,40.79855],[-84.12826,40.79871],[-84.12827,40.79895],[-84.12828,40.79942],[-84.12829,40.79988],[-84.12829,40.80013],[-84.12832,40.80046],[-84.12836,40.80134],[-84.12837,40.80209],[-84.11022,40.80269],[-84.1089,40.80275],[-84.10893,40.80294],[-84.10896,40.80311],[-84.109,40.80327],[-84.10915,40.80581],[-84.10918,40.80973],[-84.10921,40.81313],[-84.10925,40.81728],[-84.10926,40.82402],[-84.10926,40.82426],[-84.1092,40.83182],[-84.10924,40.83471],[-84.10924,40.83531],[-84.10929,40.83889],[-84.1093,40.83968],[-84.1093,40.83998],[-84.10932,40.84107],[-84.10932,40.84124],[-84.10934,40.84269],[-84.10938,40.84633],[-84.10938,40.84641],[-84.10945,40.85011],[-84.10946,40.85075],[-84.10949,40.8525],[-84.10952,40.85396],[-84.10953,40.85634],[-84.10959,40.86099],[-84.11521,40.86072],[-84.1169,40.86063],[-84.11908,40.86052],[-84.12497,40.86034],[-84.13033,40.86019],[-84.13046,40.86018],[-84.13792,40.86013],[-84.16654,40.85992],[-84.18744,40.85963],[-84.19221,40.85968],[-84.19284,40.85967],[-84.19319,40.85966],[-84.19336,40.85966],[-84.19342,40.85966],[-84.19587,40.8597],[-84.19827,40.85971],[-84.19829,40.85971],[-84.1983,40.85971],[-84.20557,40.85954],[-84.22479,40.85931],[-84.22485,40.85931]]]}},{"type":"Feature","properties":{"GEOID":"39003010600","NAME":"Census Tract 106","BASENAME":"106","POP100":5128,"HU100":2037,"AREALAND":146652808,"CENTLAT":"+40.7316155","CENTLON":"-084.3131354"},"geometry":{"type":"Polygon","coordinates":[[[-84.39719,40.78658],[-84.39718,40.78387],[-84.39718,40.78381],[-84.39716,40.78093],[-84.39716,40.77937],[-84.39713,40.77698],[-84.39712,40.77607],[-84.39711,40.7748],[-84.39711,40.77366],[-84.39709,40.77209],[-84.39711,40.77132],[-84.3971,40.76952],[-84.39711,40.76711],[-84.39712,40.76542],[-84.39711,40.76505],[-84.39702,40.75803],[-84.39701,40.75763],[-84.39701,40.75736],[-84.39701,40.75723],[-84.39702,40.75527],[-84.39706,40.75271],[-84.39708,40.75031],[-84.39708,40.75004],[-84.39706,40.7474],[-84.39705,40.74675],[-84.39703,40.74435],[-84.39702,40.74378],[-84.39702,40.74311],[-84.39702,40.74131],[-84.39703,40.73978],[-84.39703,40.73923],[-84.39703,40.73869],[-84.39702,40.73789],[-84.39702,40.73759],[-84.39702,40.73746],[-84.39702,40.73726],[-84.39703,40.7365],[-84.39703,40.73584],[-84.39703,40.73582],[-84.39704,40.73348],[-84.39705,40.7329],[-84.39706,40.7294],[-84.39706,40.72895],[-84.39704,40.72858],[-84.39702,40.7283],[-84.39699,40.72765],[-84.39699,40.72743],[-84.39699,40.72668],[-84.39698,40.72616],[-84.39698,40.72566],[-84.39698,40.72545],[-84.39697,40.72524],[-84.39697,40.72476],[-84.39696,40.72385],[-84.39695,40.72285],[-84.39695,40.72139],[-84.39694,40.71457],[-84.39694,40.71411],[-84.39694,40.71406],[-84.39695,40.71383],[-84.39695,40.71365],[-84.39692,40.71014],[-84.39689,40.70745],[-84.39689,40.70713],[-84.39688,40.70681],[-84.39689,40.70412],[-84.39687,40.70252],[-84.39686,40.70161],[-84.39686,40.69953],[-84.39686,40.69925],[-84.39685,40.69778],[-84.39683,40.69589],[-84.39683,40.69525],[-84.39683,40.69461],[-84.39682,40.69419],[-84.39682,40.69395],[-84.39683,40.6931],[-84.39682,40.69225],[-84.39678,40.68493],[-84.37761,40.68495],[-84.37495,40.68495],[-84.36606,40.68503],[-84.36571,40.68503],[-84.36501,40.68503],[-84.36469,40.68504],[-84.36463,40.68504],[-84.35273,40.68509],[-84.33929,40.68508],[-84.33929,40.6856],[-84.33866,40.6856],[-84.31821,40.68566],[-84.31779,40.68566],[-84.31694,40.68566],[-84.31273,40.68568],[-84.31206,40.68568],[-84.31109,40.68567],[-84.31005,40.68567],[-84.30916,40.68567],[-84.30805,40.68568],[-84.3076,40.68568],[-84.30672,40.68568],[-84.30566,40.68568],[-84.30393,40.68569],[-84.30251,40.68569],[-84.3025,40.68569],[-84.30201,40.68569],[-84.30196,40.68569],[-84.30179,40.68569],[-84.30013,40.68572],[-84.29947,40.68572],[-84.29927,40.68572],[-84.29915,40.68572],[-84.29791,40.68573],[-84.29694,40.68574],[-84.29573,40.68575],[-84.29448,40.68574],[-84.29333,40.68574],[-84.29288,40.68574],[-84.29202,40.68575],[-84.29007,40.68575],[-84.28949,40.68575],[-84.2886,40.68575],[-84.28853,40.68575],[-84.28769,40.68575],[-84.28751,40.68575],[-84.28724,40.68575],[-84.28675,40.68576],[-84.28564,40.68576],[-84.285,40.68576],[-84.28423,40.68575],[-84.28422,40.68575],[-84.28371,40.68575],[-84.28321,40.68574],[-84.28214,40.68575],[-84.28122,40.68575],[-84.28018,40.68575],[-84.28014,40.68575],[-84.28006,40.68574],[-84.27993,40.68574],[-84.27964,40.68574],[-84.2785,40.68575],[-84.27693,40.68576],[-84.27541,40.68578],[-84.27483,40.68578],[-84.27353,40.68579],[-84.27255,40.6858],[-84.27222,40.6858],[-84.27108,40.68581],[-84.27097,40.68581],[-84.27079,40.68581],[-84.27076,40.68581],[-84.27038,40.6858],[-84.26644,40.68583],[-84.26565,40.68584],[-84.2655,40.68584],[-84.26532,40.68584],[-84.26529,40.68584],[-84.26422,40.68586],[-84.26418,40.68586],[-84.26369,40.68587],[-84.26346,40.68587],[-84.2633,40.68587],[-84.26301,40.68587],[-84.26149,40.68589],[-84.26109,40.6859],[-84.26074,40.6859],[-84.25996,40.68591],[-84.25966,40.68591],[-84.25963,40.68591],[-84.25898,40.68593],[-84.25895,40.68593],[-84.25861,40.68594],[-84.25808,40.68594],[-84.25768,40.68594],[-84.25719,40.68595],[-84.2569,40.68596],[-84.25674,40.68597],[-84.25655,40.686],[-84.25636,40.68604],[-84.25618,40.68608],[-84.24995,40.68593],[-84.2467,40.68594],[-84.24664,40.68594],[-84.2419,40.68601],[-84.2228,40.68596],[-84.22282,40.69103],[-84.22283,40.69197],[-84.22283,40.69279],[-84.22284,40.69323],[-84.22285,40.69343],[-84.22284,40.69368],[-84.22284,40.69487],[-84.22285,40.69527],[-84.22285,40.69567],[-84.22285,40.69645],[-84.22286,40.69726],[-84.22287,40.69807],[-84.22287,40.69838],[-84.22289,40.69887],[-84.22288,40.69902],[-84.22288,40.69926],[-84.22289,40.69967],[-84.2229,40.70006],[-84.2229,40.70046],[-84.22291,40.70116],[-84.22292,40.70252],[-84.22292,40.70275],[-84.22292,40.70309],[-84.22294,40.70483],[-84.22294,40.70496],[-84.22294,40.7056],[-84.22296,40.70656],[-84.22297,40.70704],[-84.22297,40.70754],[-84.22298,40.70806],[-84.22298,40.70842],[-84.22299,40.70856],[-84.223,40.70906],[-84.223,40.70951],[-84.22302,40.7099],[-84.22302,40.70993],[-84.22302,40.71021],[-84.22303,40.71134],[-84.22303,40.71159],[-84.22305,40.71202],[-84.22306,40.71244],[-84.22306,40.71286],[-84.22306,40.71328],[-84.22306,40.71358],[-84.22307,40.7139],[-84.22306,40.71436],[-84.22307,40.71463],[-84.22308,40.71502],[-84.22308,40.71506],[-84.22309,40.71607],[-84.22309,40.71614],[-84.22308,40.71658],[-84.22308,40.71763],[-84.22308,40.71786],[-84.22308,40.71797],[-84.22308,40.71831],[-84.22308,40.71888],[-84.22308,40.71947],[-84.22308,40.71981],[-84.2231,40.7209],[-84.22309,40.72158],[-84.22309,40.72199],[-84.22308,40.72223],[-84.22311,40.72289],[-84.2231,40.72326],[-84.2231,40.72375],[-84.22311,40.72395],[-84.22314,40.72946],[-84.22315,40.73067],[-84.22319,40.7333],[-84.22319,40.73413],[-84.22321,40.73481],[-84.2232,40.73534],[-84.22321,40.73621],[-84.22321,40.7369],[-84.22321,40.73707],[-84.22323,40.73833],[-84.22324,40.73906],[-84.22323,40.7402],[-84.22324,40.74088],[-84.22325,40.7411],[-84.22329,40.74382],[-84.22331,40.7451],[-84.22332,40.74647],[-84.22332,40.74692],[-84.22332,40.7472],[-84.22336,40.74938],[-84.2234,40.75116],[-84.2234,40.75166],[-84.2234,40.75219],[-84.22339,40.75247],[-84.2234,40.75304],[-84.22342,40.75475],[-84.22343,40.75512],[-84.22344,40.75621],[-84.22344,40.75713],[-84.22344,40.75807],[-84.22345,40.75901],[-84.22345,40.76029],[-84.22348,40.76212],[-84.2235,40.76285],[-84.2235,40.76373],[-84.22352,40.7649],[-84.22354,40.7659],[-84.22355,40.767],[-84.22358,40.76818],[-84.22358,40.76833],[-84.22359,40.76942],[-84.22362,40.77057],[-84.22363,40.77118],[-84.22366,40.77345],[-84.23045,40.77327],[-84.23329,40.77326],[-84.24234,40.7732],[-84.24289,40.77314],[-84.24422,40.77312],[-84.24466,40.77311],[-84.245,40.77309],[-84.24558,40.77307],[-84.246,40.77307],[-84.24621,40.77306],[-84.24655,40.77306],[-84.24696,40.77305],[-84.24736,40.77305],[-84.24786,40.77303],[-84.24848,40.77302],[-84.2503,40.77298],[-84.25262,40.77293],[-84.2565,40.77284],[-84.25711,40.77284],[-84.26288,40.77273],[-84.26666,40.77272],[-84.26738,40.77271],[-84.27867,40.77262],[-84.27899,40.77261],[-84.27958,40.77259],[-84.28098,40.77259],[-84.28183,40.77259],[-84.28509,40.77253],[-84.2878,40.7725],[-84.29471,40.77243],[-84.29476,40.7724],[-84.29483,40.77238],[-84.29491,40.77236],[-84.29656,40.77233],[-84.29862,40.7723],[-84.29949,40.77232],[-84.29973,40.77232],[-84.29981,40.77232],[-84.29985,40.77231],[-84.29989,40.77229],[-84.29993,40.77227],[-84.29996,40.77222],[-84.29996,40.77216],[-84.30006,40.77213],[-84.30315,40.77213],[-84.30336,40.77213],[-84.30947,40.77213],[-84.31538,40.77213],[-84.32409,40.77212],[-84.33409,40.77212],[-84.33633,40.77211],[-84.34,40.77211],[-84.34004,40.77381],[-84.33993,40.77969],[-84.34004,40.78566],[-84.34002,40.78686],[-84.34002,40.78695],[-84.34946,40.78683],[-84.35213,40.7868],[-84.35288,40.78678],[-84.35511,40.78676],[-84.35897,40.78676],[-84.36105,40.7868],[-84.36556,40.78678],[-84.37494,40.78677],[-84.37834,40.78671],[-84.38387,40.78668],[-84.38773,40.78664],[-84.39719,40.78658]]]}},{"type":"Feature","properties":{"GEOID":"39003010801","NAME":"Census Tract 108.01","BASENAME":"108.01","POP100":4453,"HU100":1920,"AREALAND":11800486,"CENTLAT":"+40.7780972","CENTLON":"-084.1899361"},"geometry":{"type":"Polygon","coordinates":[[[-84.21652,40.79425],[-84.21635,40.7934],[-84.21542,40.79308],[-84.21555,40.79194],[-84.21527,40.79182],[-84.21451,40.79146],[-84.21428,40.79135],[-84.2141,40.79127],[-84.21366,40.79107],[-84.21327,40.7909],[-84.21245,40.79052],[-84.21117,40.78995],[-84.20984,40.78934],[-84.2088,40.78888],[-84.20875,40.78885],[-84.20851,40.78874],[-84.20769,40.78838],[-84.2074,40.78826],[-84.20723,40.7882],[-84.20697,40.78811],[-84.20653,40.78797],[-84.20576,40.78776],[-84.20513,40.78758],[-84.20482,40.78749],[-84.20455,40.78741],[-84.20421,40.7873],[-84.20368,40.78712],[-84.20367,40.78663],[-84.20367,40.78639],[-84.20367,40.78629],[-84.20366,40.78577],[-84.20365,40.78533],[-84.20365,40.78512],[-84.20365,40.78502],[-84.20364,40.78475],[-84.20364,40.78458],[-84.20363,40.78424],[-84.20363,40.784],[-84.20363,40.78375],[-84.20363,40.78344],[-84.20362,40.78293],[-84.20361,40.78257],[-84.20361,40.78207],[-84.2036,40.78128],[-84.20354,40.77865],[-84.20353,40.77581],[-84.20352,40.77533],[-84.20351,40.77476],[-84.2035,40.77325],[-84.20349,40.77287],[-84.20349,40.7724],[-84.20348,40.77179],[-84.20347,40.77163],[-84.20346,40.77156],[-84.20344,40.7715],[-84.20343,40.77147],[-84.20342,40.77142],[-84.20334,40.77125],[-84.2033,40.77118],[-84.20316,40.77092],[-84.20297,40.77064],[-84.20276,40.77038],[-84.20239,40.77],[-84.20193,40.76956],[-84.20184,40.76948],[-84.20159,40.76924],[-84.20152,40.76918],[-84.20112,40.7688],[-84.20081,40.7685],[-84.20061,40.76828],[-84.20048,40.76812],[-84.20043,40.76805],[-84.20026,40.76779],[-84.20009,40.76747],[-84.20005,40.76739],[-84.19981,40.76696],[-84.19949,40.76639],[-84.19912,40.7657],[-84.19899,40.76547],[-84.19852,40.76461],[-84.19829,40.76419],[-84.19791,40.76348],[-84.19765,40.76305],[-84.1973,40.76253],[-84.19659,40.76142],[-84.19621,40.76087],[-84.19587,40.76045],[-84.19574,40.76026],[-84.1955,40.7599],[-84.19541,40.75974],[-84.19538,40.75965],[-84.19523,40.75925],[-84.19504,40.75865],[-84.19504,40.75864],[-84.19481,40.75783],[-84.19422,40.75609],[-84.1942,40.75604],[-84.19378,40.75521],[-84.19296,40.75547],[-84.19273,40.75554],[-84.19242,40.75565],[-84.19201,40.75578],[-84.19172,40.75587],[-84.19118,40.75603],[-84.19093,40.75605],[-84.19048,40.75606],[-84.18972,40.75607],[-84.18918,40.75608],[-84.1887,40.75608],[-84.18834,40.75608],[-84.18798,40.7561],[-84.18757,40.7561],[-84.18724,40.75611],[-84.18682,40.75612],[-84.18652,40.75612],[-84.18419,40.75615],[-84.18189,40.75615],[-84.18166,40.75615],[-84.17938,40.75618],[-84.17907,40.75618],[-84.1787,40.75619],[-84.17846,40.75619],[-84.178,40.75619],[-84.17772,40.75619],[-84.17741,40.75617],[-84.17726,40.75617],[-84.17715,40.75615],[-84.17696,40.75613],[-84.17494,40.75565],[-84.17482,40.75562],[-84.17467,40.75558],[-84.17376,40.75536],[-84.1712,40.75468],[-84.17061,40.75452],[-84.16972,40.75432],[-84.16765,40.75378],[-84.16726,40.75367],[-84.16544,40.75322],[-84.16514,40.75315],[-84.16512,40.75421],[-84.16511,40.75475],[-84.16507,40.75606],[-84.16508,40.75698],[-84.16508,40.75707],[-84.16508,40.75743],[-84.16509,40.75808],[-84.1651,40.75906],[-84.16512,40.76007],[-84.16512,40.7601],[-84.16513,40.76068],[-84.16513,40.76095],[-84.16515,40.76262],[-84.16516,40.76303],[-84.16516,40.76313],[-84.16516,40.76325],[-84.16517,40.76372],[-84.16517,40.76385],[-84.16517,40.76391],[-84.16519,40.7647],[-84.16519,40.76487],[-84.16518,40.76539],[-84.16517,40.76569],[-84.1652,40.76609],[-84.16522,40.76663],[-84.16522,40.76682],[-84.16522,40.76721],[-84.16522,40.76746],[-84.16525,40.76891],[-84.16521,40.7704],[-84.16576,40.77067],[-84.16626,40.77092],[-84.16671,40.77113],[-84.16744,40.7715],[-84.16821,40.77186],[-84.16875,40.77211],[-84.169,40.77223],[-84.16981,40.77261],[-84.16991,40.77265],[-84.17077,40.77305],[-84.171,40.77316],[-84.17125,40.77328],[-84.17146,40.77338],[-84.17254,40.7739],[-84.17268,40.77396],[-84.17271,40.77398],[-84.17376,40.77448],[-84.17408,40.77463],[-84.17442,40.77478],[-84.17489,40.775],[-84.17493,40.77502],[-84.17536,40.77523],[-84.17539,40.77525],[-84.17562,40.77536],[-84.17572,40.7754],[-84.17597,40.77553],[-84.17625,40.77566],[-84.17698,40.77603],[-84.17754,40.77631],[-84.17802,40.77655],[-84.17856,40.77682],[-84.17953,40.77729],[-84.18018,40.77761],[-84.18036,40.7777],[-84.18115,40.77808],[-84.18202,40.7785],[-84.18266,40.7788],[-84.18353,40.77922],[-84.18372,40.77931],[-84.18389,40.77939],[-84.18449,40.77968],[-84.18478,40.77982],[-84.18518,40.78002],[-84.1855,40.78017],[-84.18579,40.7803],[-84.18614,40.78046],[-84.18663,40.78069],[-84.18691,40.78083],[-84.18837,40.78149],[-84.18878,40.78168],[-84.18906,40.78181],[-84.18934,40.78193],[-84.18932,40.78217],[-84.18932,40.78239],[-84.18932,40.78264],[-84.18932,40.78289],[-84.18932,40.78323],[-84.18932,40.78339],[-84.18932,40.7838],[-84.18932,40.78424],[-84.18932,40.78506],[-84.18933,40.78548],[-84.18933,40.7857],[-84.18933,40.78609],[-84.18934,40.78629],[-84.18934,40.78678],[-84.18934,40.78713],[-84.18935,40.78745],[-84.18936,40.78789],[-84.18937,40.7889],[-84.18937,40.78919],[-84.18936,40.78939],[-84.18937,40.78962],[-84.18937,40.78995],[-84.18937,40.79012],[-84.18938,40.79032],[-84.18937,40.79053],[-84.18938,40.79094],[-84.18937,40.79098],[-84.18937,40.79105],[-84.18936,40.79133],[-84.18936,40.7914],[-84.18936,40.79158],[-84.18936,40.79172],[-84.18937,40.79198],[-84.18937,40.79226],[-84.18937,40.79252],[-84.18936,40.79308],[-84.18936,40.7937],[-84.18936,40.7939],[-84.18936,40.79419],[-84.18936,40.79422],[-84.18937,40.79458],[-84.18937,40.79483],[-84.18939,40.79525],[-84.1894,40.79567],[-84.1894,40.79593],[-84.18941,40.79651],[-84.18942,40.79797],[-84.18942,40.7982],[-84.18943,40.79857],[-84.18943,40.79888],[-84.18944,40.79934],[-84.18945,40.79984],[-84.18946,40.80001],[-84.18946,40.80031],[-84.18946,40.80061],[-84.18947,40.80086],[-84.18949,40.8013],[-84.18949,40.80145],[-84.18949,40.80154],[-84.1895,40.80158],[-84.18951,40.80235],[-84.18951,40.80281],[-84.18951,40.80346],[-84.18952,40.80403],[-84.18954,40.80465],[-84.18954,40.80506],[-84.18953,40.80539],[-84.18955,40.806],[-84.18955,40.80658],[-84.18954,40.80718],[-84.18954,40.80732],[-84.18955,40.80737],[-84.18956,40.80739],[-84.18959,40.80742],[-84.18963,40.80745],[-84.18969,40.80747],[-84.18998,40.80748],[-84.19033,40.80747],[-84.19151,40.80746],[-84.19211,40.80745],[-84.19271,40.80744],[-84.19364,40.80744],[-84.19414,40.80743],[-84.1953,40.80741],[-84.19567,40.80741],[-84.19671,40.80738],[-84.19703,40.80737],[-84.19717,40.80736],[-84.19788,40.80734],[-84.19853,40.80731],[-84.19892,40.80731],[-84.19935,40.80731],[-84.20037,40.8073],[-84.20052,40.8073],[-84.20078,40.8073],[-84.20152,40.80728],[-84.20189,40.80728],[-84.20231,40.80727],[-84.20272,40.80727],[-84.20321,40.80726],[-84.20368,40.80725],[-84.20394,40.80725],[-84.20395,40.80745],[-84.20394,40.80781],[-84.20394,40.80789],[-84.20395,40.80813],[-84.20397,40.80913],[-84.20398,40.8094],[-84.20398,40.80963],[-84.20399,40.80979],[-84.204,40.81013],[-84.20401,40.81046],[-84.20402,40.81068],[-84.20416,40.81068],[-84.20432,40.81068],[-84.20442,40.81069],[-84.20444,40.8107],[-84.20448,40.81073],[-84.20452,40.81076],[-84.20457,40.81079],[-84.20461,40.81081],[-84.20467,40.81082],[-84.20476,40.81083],[-84.20485,40.8108],[-84.20487,40.81079],[-84.20491,40.81077],[-84.20496,40.81076],[-84.20503,40.81075],[-84.20519,40.81078],[-84.20554,40.81082],[-84.20584,40.81086],[-84.20627,40.811],[-84.20643,40.81106],[-84.20709,40.81136],[-84.20713,40.81106],[-84.20715,40.81095],[-84.2072,40.81087],[-84.20722,40.81076],[-84.20715,40.81046],[-84.20705,40.81019],[-84.20689,40.8096],[-84.20689,40.80928],[-84.20694,40.80874],[-84.20695,40.80845],[-84.20695,40.8082],[-84.20705,40.80792],[-84.20707,40.8077],[-84.20703,40.80753],[-84.20697,40.8074],[-84.20689,40.80728],[-84.20675,40.80716],[-84.20634,40.8069],[-84.20605,40.80668],[-84.20598,40.80657],[-84.20594,40.80644],[-84.20594,40.8063],[-84.20596,40.8062],[-84.20599,40.80612],[-84.20607,40.80603],[-84.20613,40.80593],[-84.20614,40.80585],[-84.2061,40.80577],[-84.20595,40.80566],[-84.20587,40.80561],[-84.20577,40.80552],[-84.2057,40.80542],[-84.20568,40.80534],[-84.20564,40.80521],[-84.20557,40.80494],[-84.20556,40.80473],[-84.2056,40.80463],[-84.20566,40.8045],[-84.20568,40.80447],[-84.20575,40.80438],[-84.20582,40.80427],[-84.20584,40.80411],[-84.20593,40.80396],[-84.20599,40.8038],[-84.20604,40.80364],[-84.20605,40.80341],[-84.20602,40.80316],[-84.20595,40.80302],[-84.20581,40.80284],[-84.20581,40.80282],[-84.20581,40.8028],[-84.20581,40.80277],[-84.20579,40.80275],[-84.2057,40.80266],[-84.20561,40.80261],[-84.20554,40.80257],[-84.20533,40.80251],[-84.20519,40.8025],[-84.20501,40.80249],[-84.20462,40.80242],[-84.20441,40.80239],[-84.20421,40.80232],[-84.20402,40.80222],[-84.20393,40.80213],[-84.20389,40.80206],[-84.20385,40.80197],[-84.20379,40.80184],[-84.20374,40.80169],[-84.20373,40.80158],[-84.20371,40.80133],[-84.20372,40.80126],[-84.20375,40.80115],[-84.20401,40.80056],[-84.20412,40.80042],[-84.20428,40.80024],[-84.20439,40.80015],[-84.20456,40.80006],[-84.20477,40.79997],[-84.20481,40.79995],[-84.20491,40.79994],[-84.20499,40.79995],[-84.2051,40.79997],[-84.20518,40.8],[-84.20531,40.80004],[-84.2054,40.80008],[-84.20554,40.80015],[-84.20582,40.80029],[-84.2059,40.80033],[-84.20598,40.80035],[-84.20613,40.80036],[-84.20625,40.80036],[-84.20636,40.80035],[-84.20646,40.80035],[-84.20651,40.80034],[-84.20658,40.80029],[-84.20663,40.80024],[-84.20666,40.8002],[-84.20672,40.80007],[-84.20678,40.79984],[-84.20689,40.79953],[-84.20697,40.7993],[-84.20709,40.79903],[-84.20723,40.79888],[-84.2073,40.79882],[-84.20733,40.7988],[-84.20739,40.79879],[-84.20745,40.79878],[-84.20757,40.79878],[-84.2079,40.79879],[-84.20819,40.79878],[-84.20849,40.79876],[-84.20855,40.79874],[-84.20868,40.7987],[-84.20876,40.79865],[-84.20882,40.79861],[-84.20886,40.79855],[-84.20889,40.79846],[-84.20892,40.79831],[-84.20894,40.79818],[-84.20895,40.79804],[-84.20895,40.79776],[-84.20895,40.79742],[-84.20895,40.79721],[-84.20898,40.797],[-84.20903,40.79687],[-84.20909,40.79674],[-84.20915,40.79666],[-84.2092,40.79658],[-84.20924,40.79653],[-84.20931,40.79647],[-84.2094,40.7964],[-84.20949,40.79635],[-84.20962,40.79628],[-84.20988,40.79616],[-84.21014,40.79606],[-84.21037,40.79597],[-84.21055,40.79591],[-84.21075,40.7958],[-84.21093,40.79568],[-84.21099,40.79562],[-84.21105,40.79555],[-84.2111,40.79547],[-84.21118,40.79532],[-84.21122,40.79522],[-84.21122,40.79516],[-84.21121,40.79514],[-84.21119,40.79511],[-84.21116,40.79508],[-84.21114,40.79506],[-84.21211,40.7941],[-84.21217,40.79403],[-84.21367,40.79464],[-84.21652,40.79425]]]}},{"type":"Feature","properties":{"GEOID":"39003010802","NAME":"Census Tract 108.02","BASENAME":"108.02","POP100":3602,"HU100":1480,"AREALAND":23493531,"CENTLAT":"+40.7504437","CENTLON":"-084.2007792"},"geometry":{"type":"Polygon","coordinates":[[[-84.22402,40.79578],[-84.22401,40.7955],[-84.224,40.79514],[-84.224,40.79504],[-84.22398,40.79476],[-84.22398,40.79463],[-84.22398,40.79446],[-84.22398,40.79419],[-84.22397,40.79405],[-84.22397,40.79404],[-84.22397,40.7939],[-84.22395,40.79279],[-84.22395,40.79277],[-84.22395,40.79239],[-84.22395,40.7922],[-84.22394,40.79201],[-84.22394,40.79182],[-84.22394,40.79163],[-84.22393,40.79144],[-84.22393,40.79118],[-84.22392,40.79094],[-84.22392,40.7909],[-84.22392,40.79068],[-84.22391,40.79043],[-84.2239,40.79015],[-84.22391,40.78999],[-84.22391,40.7897],[-84.22386,40.78725],[-84.22381,40.78372],[-84.2238,40.78308],[-84.22379,40.78239],[-84.22377,40.78185],[-84.22377,40.7811],[-84.22376,40.78081],[-84.22375,40.7803],[-84.22375,40.77983],[-84.22374,40.77949],[-84.22374,40.77869],[-84.2237,40.77685],[-84.2237,40.77672],[-84.2237,40.77649],[-84.22368,40.77519],[-84.22368,40.77494],[-84.22367,40.77474],[-84.22366,40.77345],[-84.22363,40.77118],[-84.22362,40.77057],[-84.22359,40.76942],[-84.22358,40.76833],[-84.22358,40.76818],[-84.22355,40.767],[-84.22354,40.7659],[-84.22352,40.7649],[-84.2235,40.76373],[-84.2235,40.76285],[-84.22348,40.76212],[-84.22345,40.76029],[-84.22345,40.75901],[-84.22344,40.75807],[-84.22344,40.75713],[-84.22344,40.75621],[-84.22343,40.75512],[-84.22342,40.75475],[-84.2234,40.75304],[-84.22339,40.75247],[-84.2234,40.75219],[-84.2234,40.75166],[-84.2234,40.75116],[-84.22336,40.74938],[-84.22332,40.7472],[-84.22332,40.74692],[-84.22332,40.74647],[-84.22331,40.7451],[-84.22329,40.74382],[-84.22325,40.7411],[-84.22324,40.74088],[-84.22323,40.7402],[-84.22324,40.73906],[-84.22323,40.73833],[-84.22321,40.73707],[-84.22321,40.7369],[-84.22321,40.73621],[-84.2232,40.73534],[-84.22321,40.73481],[-84.22319,40.73413],[-84.22319,40.7333],[-84.22315,40.73067],[-84.22314,40.72946],[-84.22311,40.72395],[-84.2231,40.72375],[-84.2228,40.72376],[-84.22201,40.7238],[-84.22121,40.72383],[-84.22041,40.72386],[-84.2196,40.72388],[-84.2188,40.72391],[-84.21799,40.72394],[-84.21716,40.72397],[-84.21559,40.72403],[-84.21478,40.72405],[-84.214,40.72408],[-84.21322,40.72411],[-84.21245,40.72413],[-84.21167,40.72415],[-84.2109,40.72418],[-84.21014,40.72421],[-84.20865,40.72426],[-84.20791,40.72428],[-84.2072,40.7243],[-84.2065,40.72432],[-84.20582,40.72435],[-84.20513,40.72437],[-84.20427,40.72439],[-84.20399,40.72441],[-84.20363,40.72443],[-84.20328,40.72444],[-84.20292,40.72446],[-84.20152,40.7245],[-84.20117,40.72451],[-84.20082,40.72453],[-84.20049,40.72454],[-84.19985,40.72456],[-84.19955,40.72457],[-84.19926,40.72458],[-84.19897,40.72459],[-84.19868,40.7246],[-84.19839,40.72461],[-84.19813,40.72462],[-84.19789,40.72463],[-84.19768,40.72465],[-84.19746,40.72467],[-84.19739,40.72467],[-84.19714,40.72468],[-84.19692,40.72468],[-84.19638,40.72468],[-84.19572,40.72469],[-84.19444,40.72474],[-84.19381,40.72476],[-84.19013,40.72488],[-84.18846,40.72494],[-84.18672,40.72499],[-84.18436,40.72508],[-84.18374,40.7251],[-84.17767,40.72531],[-84.17682,40.72533],[-84.17551,40.72537],[-84.17385,40.72542],[-84.17366,40.72543],[-84.17081,40.72553],[-84.16866,40.7256],[-84.1687,40.72576],[-84.16877,40.72601],[-84.16881,40.72613],[-84.16883,40.72623],[-84.16885,40.72658],[-84.16886,40.72676],[-84.16888,40.72707],[-84.16903,40.72807],[-84.1691,40.72838],[-84.16913,40.72845],[-84.16929,40.72878],[-84.16946,40.72905],[-84.1697,40.72946],[-84.16992,40.72983],[-84.17004,40.73007],[-84.17008,40.73025],[-84.1701,40.73052],[-84.17009,40.73079],[-84.17009,40.73151],[-84.17008,40.73214],[-84.17008,40.73257],[-84.17008,40.73424],[-84.17008,40.73511],[-84.17007,40.73626],[-84.17007,40.73649],[-84.17007,40.73695],[-84.16836,40.73695],[-84.16751,40.73696],[-84.16641,40.73696],[-84.16475,40.73697],[-84.16478,40.7382],[-84.16479,40.73883],[-84.1648,40.73976],[-84.1648,40.7399],[-84.16482,40.74057],[-84.16485,40.74241],[-84.16487,40.74283],[-84.1649,40.74466],[-84.16495,40.74706],[-84.16496,40.74777],[-84.16496,40.74804],[-84.16497,40.74854],[-84.16497,40.7486],[-84.16497,40.74866],[-84.16505,40.74963],[-84.16507,40.75074],[-84.16514,40.75315],[-84.16544,40.75322],[-84.16726,40.75367],[-84.16765,40.75378],[-84.16972,40.75432],[-84.17061,40.75452],[-84.1712,40.75468],[-84.17376,40.75536],[-84.17467,40.75558],[-84.17482,40.75562],[-84.17494,40.75565],[-84.17696,40.75613],[-84.17715,40.75615],[-84.17726,40.75617],[-84.17741,40.75617],[-84.17772,40.75619],[-84.178,40.75619],[-84.17846,40.75619],[-84.1787,40.75619],[-84.17907,40.75618],[-84.17938,40.75618],[-84.18166,40.75615],[-84.18189,40.75615],[-84.18419,40.75615],[-84.18652,40.75612],[-84.18682,40.75612],[-84.18724,40.75611],[-84.18757,40.7561],[-84.18798,40.7561],[-84.18834,40.75608],[-84.1887,40.75608],[-84.18918,40.75608],[-84.18972,40.75607],[-84.19048,40.75606],[-84.19093,40.75605],[-84.19118,40.75603],[-84.19172,40.75587],[-84.19201,40.75578],[-84.19242,40.75565],[-84.19273,40.75554],[-84.19296,40.75547],[-84.19378,40.75521],[-84.1942,40.75604],[-84.19422,40.75609],[-84.19481,40.75783],[-84.19504,40.75864],[-84.19504,40.75865],[-84.19523,40.75925],[-84.19538,40.75965],[-84.19541,40.75974],[-84.1955,40.7599],[-84.19574,40.76026],[-84.19587,40.76045],[-84.19621,40.76087],[-84.19659,40.76142],[-84.1973,40.76253],[-84.19765,40.76305],[-84.19791,40.76348],[-84.19829,40.76419],[-84.19852,40.76461],[-84.19899,40.76547],[-84.19912,40.7657],[-84.19949,40.76639],[-84.19981,40.76696],[-84.20005,40.76739],[-84.20009,40.76747],[-84.20026,40.76779],[-84.20043,40.76805],[-84.20048,40.76812],[-84.20061,40.76828],[-84.20081,40.7685],[-84.20112,40.7688],[-84.20152,40.76918],[-84.20159,40.76924],[-84.20184,40.76948],[-84.20193,40.76956],[-84.20239,40.77],[-84.20276,40.77038],[-84.20297,40.77064],[-84.20316,40.77092],[-84.2033,40.77118],[-84.20334,40.77125],[-84.20342,40.77142],[-84.20343,40.77147],[-84.20344,40.7715],[-84.20346,40.77156],[-84.20347,40.77163],[-84.20348,40.77179],[-84.20349,40.7724],[-84.20349,40.77287],[-84.2035,40.77325],[-84.20351,40.77476],[-84.20352,40.77533],[-84.20353,40.77581],[-84.20354,40.77865],[-84.2036,40.78128],[-84.20361,40.78207],[-84.20361,40.78257],[-84.20362,40.78293],[-84.20363,40.78344],[-84.20363,40.78375],[-84.20363,40.784],[-84.20363,40.78424],[-84.20364,40.78458],[-84.20364,40.78475],[-84.20365,40.78502],[-84.20365,40.78512],[-84.20365,40.78533],[-84.20366,40.78577],[-84.20367,40.78629],[-84.20367,40.78639],[-84.20367,40.78663],[-84.20368,40.78712],[-84.20421,40.7873],[-84.20455,40.78741],[-84.20482,40.78749],[-84.20513,40.78758],[-84.20576,40.78776],[-84.20653,40.78797],[-84.20697,40.78811],[-84.20723,40.7882],[-84.2074,40.78826],[-84.20769,40.78838],[-84.20851,40.78874],[-84.20875,40.78885],[-84.2088,40.78888],[-84.20984,40.78934],[-84.21117,40.78995],[-84.21245,40.79052],[-84.21327,40.7909],[-84.21366,40.79107],[-84.2141,40.79127],[-84.21428,40.79135],[-84.21451,40.79146],[-84.21527,40.79182],[-84.21555,40.79194],[-84.21604,40.79216],[-84.2181,40.79308],[-84.22173,40.79474],[-84.22195,40.79484],[-84.22278,40.79521],[-84.22402,40.79578]]]}},{"type":"Feature","properties":{"GEOID":"39003010900","NAME":"Census Tract 109","BASENAME":"109","POP100":4545,"HU100":2091,"AREALAND":7312838,"CENTLAT":"+40.7450659","CENTLON":"-084.1570349"},"geometry":{"type":"Polygon","coordinates":[[[-84.17009,40.73079],[-84.1701,40.73052],[-84.17008,40.73025],[-84.17004,40.73007],[-84.16992,40.72983],[-84.1697,40.72946],[-84.16946,40.72905],[-84.16929,40.72878],[-84.16913,40.72845],[-84.1691,40.72838],[-84.16903,40.72807],[-84.16888,40.72707],[-84.16886,40.72676],[-84.16885,40.72658],[-84.16883,40.72623],[-84.16881,40.72613],[-84.16877,40.72601],[-84.1687,40.72576],[-84.16866,40.7256],[-84.16593,40.72569],[-84.16574,40.72569],[-84.16299,40.72578],[-84.16165,40.72582],[-84.16128,40.72582],[-84.16117,40.72582],[-84.16064,40.72583],[-84.15286,40.7261],[-84.15223,40.72612],[-84.15107,40.72616],[-84.15097,40.72616],[-84.14905,40.72622],[-84.14765,40.72729],[-84.14746,40.72743],[-84.14744,40.72745],[-84.14711,40.72769],[-84.14703,40.72775],[-84.14674,40.72798],[-84.14622,40.72838],[-84.14596,40.72859],[-84.14574,40.72875],[-84.14513,40.72921],[-84.14423,40.72989],[-84.14407,40.72999],[-84.14401,40.73002],[-84.14392,40.73008],[-84.14367,40.7302],[-84.14372,40.73033],[-84.14378,40.73039],[-84.14381,40.73043],[-84.14387,40.73043],[-84.14451,40.73042],[-84.14562,40.73042],[-84.14676,40.73042],[-84.14677,40.73074],[-84.14677,40.7309],[-84.14677,40.73143],[-84.14677,40.73248],[-84.14678,40.73269],[-84.14678,40.73279],[-84.14678,40.73376],[-84.14677,40.73485],[-84.14679,40.73597],[-84.14679,40.73605],[-84.14679,40.73613],[-84.14678,40.73645],[-84.14678,40.7371],[-84.14675,40.73768],[-84.14675,40.73782],[-84.14675,40.73795],[-84.14676,40.73877],[-84.14677,40.73916],[-84.14684,40.74002],[-84.14685,40.74012],[-84.14685,40.74072],[-84.14685,40.74104],[-84.14685,40.74132],[-84.14685,40.74198],[-84.14685,40.74258],[-84.14686,40.74297],[-84.14688,40.74382],[-84.1469,40.74455],[-84.14692,40.74516],[-84.14693,40.74585],[-84.14695,40.74667],[-84.14697,40.74746],[-84.147,40.74792],[-84.14701,40.74848],[-84.14703,40.74927],[-84.14703,40.7497],[-84.14703,40.74979],[-84.14703,40.74991],[-84.14703,40.7501],[-84.14703,40.75019],[-84.14703,40.75035],[-84.14703,40.75062],[-84.14703,40.75083],[-84.14704,40.75113],[-84.14701,40.75131],[-84.147,40.75151],[-84.14699,40.7518],[-84.147,40.75198],[-84.14702,40.75489],[-84.14703,40.75499],[-84.14704,40.75553],[-84.14704,40.7556],[-84.14704,40.7557],[-84.14704,40.75606],[-84.14705,40.75635],[-84.14705,40.75686],[-84.14706,40.75771],[-84.14706,40.75802],[-84.14707,40.7599],[-84.14708,40.76022],[-84.14708,40.76037],[-84.14708,40.76049],[-84.14708,40.76069],[-84.14708,40.76077],[-84.14708,40.7609],[-84.14708,40.76105],[-84.14706,40.76181],[-84.14711,40.76184],[-84.14717,40.76187],[-84.1472,40.76188],[-84.1475,40.76205],[-84.14842,40.76247],[-84.14861,40.76255],[-84.14936,40.7629],[-84.14972,40.76307],[-84.15036,40.76337],[-84.15164,40.76398],[-84.15209,40.76419],[-84.15222,40.76425],[-84.15242,40.76435],[-84.15265,40.76445],[-84.15307,40.76465],[-84.1535,40.76486],[-84.1539,40.76504],[-84.15401,40.7651],[-84.15469,40.76541],[-84.15478,40.76546],[-84.15488,40.7655],[-84.15521,40.76566],[-84.15541,40.76575],[-84.15543,40.76576],[-84.15563,40.76584],[-84.15609,40.76607],[-84.15615,40.76609],[-84.15636,40.76619],[-84.15681,40.76639],[-84.15693,40.76645],[-84.15756,40.76675],[-84.15773,40.76683],[-84.15835,40.76713],[-84.15902,40.76745],[-84.15948,40.76766],[-84.16006,40.76793],[-84.1604,40.76809],[-84.16078,40.76827],[-84.16086,40.76831],[-84.1613,40.76852],[-84.16141,40.76857],[-84.16302,40.76933],[-84.16382,40.76972],[-84.16521,40.7704],[-84.16525,40.76891],[-84.16522,40.76746],[-84.16522,40.76721],[-84.16522,40.76682],[-84.16522,40.76663],[-84.1652,40.76609],[-84.16517,40.76569],[-84.16518,40.76539],[-84.16519,40.76487],[-84.16519,40.7647],[-84.16517,40.76391],[-84.16517,40.76385],[-84.16517,40.76372],[-84.16516,40.76325],[-84.16516,40.76313],[-84.16516,40.76303],[-84.16515,40.76262],[-84.16513,40.76095],[-84.16513,40.76068],[-84.16512,40.7601],[-84.16512,40.76007],[-84.1651,40.75906],[-84.16509,40.75808],[-84.16508,40.75743],[-84.16508,40.75707],[-84.16508,40.75698],[-84.16507,40.75606],[-84.16511,40.75475],[-84.16512,40.75421],[-84.16514,40.75315],[-84.16507,40.75074],[-84.16505,40.74963],[-84.16497,40.74866],[-84.16497,40.7486],[-84.16497,40.74854],[-84.16496,40.74804],[-84.16496,40.74777],[-84.16495,40.74706],[-84.1649,40.74466],[-84.16487,40.74283],[-84.16485,40.74241],[-84.16482,40.74057],[-84.1648,40.7399],[-84.1648,40.73976],[-84.16479,40.73883],[-84.16478,40.7382],[-84.16475,40.73697],[-84.16641,40.73696],[-84.16751,40.73696],[-84.16836,40.73695],[-84.17007,40.73695],[-84.17007,40.73649],[-84.17007,40.73626],[-84.17008,40.73511],[-84.17008,40.73424],[-84.17008,40.73257],[-84.17008,40.73214],[-84.17009,40.73151],[-84.17009,40.73079]]]}},{"type":"Feature","properties":{"GEOID":"39003011000","NAME":"Census Tract 110","BASENAME":"110","POP100":5437,"HU100":2706,"AREALAND":13509936,"CENTLAT":"+40.7774355","CENTLON":"-084.1344877"},"geometry":{"type":"Polygon","coordinates":[[[-84.18508,40.78013],[-84.18518,40.78002],[-84.18478,40.77982],[-84.18449,40.77968],[-84.18389,40.77939],[-84.18372,40.77931],[-84.18353,40.77922],[-84.18266,40.7788],[-84.18202,40.7785],[-84.18115,40.77808],[-84.18036,40.7777],[-84.18018,40.77761],[-84.17953,40.77729],[-84.17856,40.77682],[-84.17802,40.77655],[-84.17754,40.77631],[-84.17698,40.77603],[-84.17625,40.77566],[-84.17597,40.77553],[-84.17572,40.7754],[-84.17562,40.77536],[-84.17539,40.77525],[-84.17536,40.77523],[-84.17493,40.77502],[-84.17489,40.775],[-84.17442,40.77478],[-84.17408,40.77463],[-84.17376,40.77448],[-84.17271,40.77398],[-84.17268,40.77396],[-84.17254,40.7739],[-84.17146,40.77338],[-84.17125,40.77328],[-84.171,40.77316],[-84.17077,40.77305],[-84.16991,40.77265],[-84.16981,40.77261],[-84.169,40.77223],[-84.16875,40.77211],[-84.16821,40.77186],[-84.16744,40.7715],[-84.16671,40.77113],[-84.16626,40.77092],[-84.16576,40.77067],[-84.16521,40.7704],[-84.16382,40.76972],[-84.16302,40.76933],[-84.16141,40.76857],[-84.1613,40.76852],[-84.16086,40.76831],[-84.16078,40.76827],[-84.1604,40.76809],[-84.16006,40.76793],[-84.15948,40.76766],[-84.15902,40.76745],[-84.15835,40.76713],[-84.15773,40.76683],[-84.15756,40.76675],[-84.15693,40.76645],[-84.15681,40.76639],[-84.15636,40.76619],[-84.15615,40.76609],[-84.15609,40.76607],[-84.15563,40.76584],[-84.15543,40.76576],[-84.15541,40.76575],[-84.15521,40.76566],[-84.15488,40.7655],[-84.15478,40.76546],[-84.15469,40.76541],[-84.15401,40.7651],[-84.1539,40.76504],[-84.1535,40.76486],[-84.15307,40.76465],[-84.15265,40.76445],[-84.15242,40.76435],[-84.15222,40.76425],[-84.15209,40.76419],[-84.15164,40.76398],[-84.15036,40.76337],[-84.14972,40.76307],[-84.14936,40.7629],[-84.14861,40.76255],[-84.14842,40.76247],[-84.1475,40.76205],[-84.1472,40.76188],[-84.14717,40.76187],[-84.14711,40.76184],[-84.14706,40.76181],[-84.14708,40.76105],[-84.14708,40.7609],[-84.14708,40.76077],[-84.14708,40.76069],[-84.14478,40.75964],[-84.14462,40.75957],[-84.14451,40.75951],[-84.14446,40.75949],[-84.14415,40.75935],[-84.14323,40.75895],[-84.14324,40.75893],[-84.14226,40.75849],[-84.14151,40.75815],[-84.14142,40.75811],[-84.14115,40.75797],[-84.14013,40.75747],[-84.13949,40.75718],[-84.13703,40.75606],[-84.13427,40.7548],[-84.13379,40.75458],[-84.1326,40.75406],[-84.13143,40.75353],[-84.13037,40.75306],[-84.12777,40.75197],[-84.12778,40.75213],[-84.12779,40.75306],[-84.12781,40.75352],[-84.12782,40.75407],[-84.12784,40.7549],[-84.12784,40.7557],[-84.12784,40.75682],[-84.12785,40.75718],[-84.12785,40.7574],[-84.12788,40.7584],[-84.12788,40.75848],[-84.1279,40.75877],[-84.12788,40.75934],[-84.12788,40.75992],[-84.12788,40.76011],[-84.12788,40.76054],[-84.12791,40.76135],[-84.12791,40.76174],[-84.12791,40.76176],[-84.12791,40.76182],[-84.12791,40.76217],[-84.12792,40.76238],[-84.12792,40.76258],[-84.12791,40.76279],[-84.1279,40.76308],[-84.12792,40.76403],[-84.12792,40.76458],[-84.12792,40.76463],[-84.12792,40.76475],[-84.12792,40.76538],[-84.12792,40.76565],[-84.12792,40.76578],[-84.12792,40.76637],[-84.12792,40.76723],[-84.12792,40.76761],[-84.12792,40.76851],[-84.12792,40.76865],[-84.12793,40.76876],[-84.12793,40.76882],[-84.12793,40.76921],[-84.12793,40.7695],[-84.12793,40.76959],[-84.12663,40.76962],[-84.12583,40.76964],[-84.1255,40.76965],[-84.12512,40.76966],[-84.12463,40.76968],[-84.12251,40.76973],[-84.1219,40.76975],[-84.1215,40.76977],[-84.12065,40.76979],[-84.11769,40.76987],[-84.11672,40.7699],[-84.11602,40.76992],[-84.11414,40.76996],[-84.11329,40.76999],[-84.1125,40.77001],[-84.11175,40.77003],[-84.11128,40.77005],[-84.11057,40.77007],[-84.11048,40.77007],[-84.11033,40.77007],[-84.11001,40.77009],[-84.10974,40.7701],[-84.10972,40.7701],[-84.10961,40.7701],[-84.10871,40.77014],[-84.10871,40.77088],[-84.10872,40.77179],[-84.10872,40.77253],[-84.10872,40.77272],[-84.10872,40.77294],[-84.10873,40.77364],[-84.10873,40.77448],[-84.10873,40.77483],[-84.1087,40.7749],[-84.10869,40.77552],[-84.1087,40.77571],[-84.10871,40.77716],[-84.10871,40.77762],[-84.10872,40.77834],[-84.10872,40.7786],[-84.10872,40.77869],[-84.10872,40.77966],[-84.10872,40.77975],[-84.10872,40.77988],[-84.10872,40.78027],[-84.10873,40.78117],[-84.10873,40.78137],[-84.10874,40.78161],[-84.10874,40.78168],[-84.10874,40.78176],[-84.10874,40.78189],[-84.10874,40.78192],[-84.10875,40.78248],[-84.10875,40.78328],[-84.10875,40.78365],[-84.10877,40.78464],[-84.1088,40.7865],[-84.10881,40.78827],[-84.10883,40.79119],[-84.10884,40.79324],[-84.10885,40.79494],[-84.10886,40.79548],[-84.10886,40.79564],[-84.10886,40.79576],[-84.10886,40.79602],[-84.10886,40.7965],[-84.10885,40.79706],[-84.10884,40.7975],[-84.10885,40.79762],[-84.10886,40.79855],[-84.10886,40.79874],[-84.10886,40.79897],[-84.10887,40.79914],[-84.10887,40.79919],[-84.10887,40.79949],[-84.10888,40.79965],[-84.10888,40.7999],[-84.10889,40.80139],[-84.10888,40.80181],[-84.10888,40.80191],[-84.10888,40.80196],[-84.10889,40.80228],[-84.1089,40.80255],[-84.1089,40.80275],[-84.11022,40.80269],[-84.12837,40.80209],[-84.12836,40.80134],[-84.12832,40.80046],[-84.12829,40.80013],[-84.12829,40.79988],[-84.12828,40.79942],[-84.12827,40.79895],[-84.12826,40.79871],[-84.12826,40.79855],[-84.12825,40.79808],[-84.12825,40.79762],[-84.12825,40.79721],[-84.12825,40.79674],[-84.12825,40.79659],[-84.12824,40.79645],[-84.12823,40.79628],[-84.12822,40.79615],[-84.12822,40.79592],[-84.12821,40.79549],[-84.12819,40.79485],[-84.12808,40.7888],[-84.12806,40.78761],[-84.12805,40.78735],[-84.12804,40.7866],[-84.12804,40.78582],[-84.12804,40.78545],[-84.12803,40.78384],[-84.12802,40.78039],[-84.1296,40.78038],[-84.12976,40.78037],[-84.13217,40.78036],[-84.13522,40.78034],[-84.13684,40.78032],[-84.13756,40.78031],[-84.1378,40.78031],[-84.14554,40.78024],[-84.14588,40.78023],[-84.1543,40.78015],[-84.15602,40.78013],[-84.15651,40.78013],[-84.15714,40.78012],[-84.15861,40.78011],[-84.15954,40.7801],[-84.16145,40.78008],[-84.16257,40.78007],[-84.16335,40.78006],[-84.1648,40.78004],[-84.16535,40.78004],[-84.16752,40.78006],[-84.1677,40.78006],[-84.16877,40.78007],[-84.16914,40.78008],[-84.17112,40.7801],[-84.17254,40.78011],[-84.1734,40.78012],[-84.17464,40.78013],[-84.17822,40.78016],[-84.17889,40.78017],[-84.18042,40.78018],[-84.18059,40.78018],[-84.18112,40.78019],[-84.18161,40.7802],[-84.18192,40.7802],[-84.18243,40.7802],[-84.18389,40.78022],[-84.18446,40.78023],[-84.18471,40.78023],[-84.18482,40.78022],[-84.18492,40.78021],[-84.18502,40.78018],[-84.18508,40.78013]]]}},{"type":"Feature","properties":{"GEOID":"39003011200","NAME":"Census Tract 112","BASENAME":"112","POP100":2843,"HU100":589,"AREALAND":14818577,"CENTLAT":"+40.7811124","CENTLON":"-084.0887972"},"geometry":{"type":"Polygon","coordinates":[[[-84.10886,40.7965],[-84.10886,40.79602],[-84.10886,40.79576],[-84.10886,40.79564],[-84.10886,40.79548],[-84.10885,40.79494],[-84.10884,40.79324],[-84.10883,40.79119],[-84.10881,40.78827],[-84.1088,40.7865],[-84.10877,40.78464],[-84.10875,40.78365],[-84.10875,40.78328],[-84.10875,40.78248],[-84.10874,40.78192],[-84.10874,40.78189],[-84.10874,40.78176],[-84.10874,40.78168],[-84.10874,40.78161],[-84.10873,40.78137],[-84.10873,40.78117],[-84.10872,40.78027],[-84.10872,40.77988],[-84.10872,40.77975],[-84.10872,40.77966],[-84.10872,40.77869],[-84.10872,40.7786],[-84.10872,40.77834],[-84.10871,40.77762],[-84.10871,40.77716],[-84.1087,40.77571],[-84.10869,40.77552],[-84.1087,40.7749],[-84.10873,40.77483],[-84.10873,40.77448],[-84.10873,40.77364],[-84.10872,40.77294],[-84.10872,40.77272],[-84.10872,40.77253],[-84.10872,40.77179],[-84.10871,40.77088],[-84.10871,40.77014],[-84.10869,40.76907],[-84.10869,40.76904],[-84.10861,40.76904],[-84.10807,40.76904],[-84.10794,40.76904],[-84.1069,40.76906],[-84.1057,40.76907],[-84.10528,40.76907],[-84.10526,40.76907],[-84.10429,40.76907],[-84.10415,40.76907],[-84.10407,40.76907],[-84.10382,40.76907],[-84.103,40.76908],[-84.10172,40.76908],[-84.1001,40.76911],[-84.10001,40.76912],[-84.09991,40.76914],[-84.09975,40.76918],[-84.09957,40.76926],[-84.09893,40.76969],[-84.09821,40.77027],[-84.09778,40.77075],[-84.09742,40.77123],[-84.09709,40.77178],[-84.09684,40.77236],[-84.09668,40.77297],[-84.09645,40.77385],[-84.09642,40.7739],[-84.09641,40.77391],[-84.09635,40.77395],[-84.09628,40.77397],[-84.09613,40.77399],[-84.09607,40.77399],[-84.09654,40.77206],[-84.09668,40.7715],[-84.09685,40.77085],[-84.097,40.77022],[-84.09718,40.76958],[-84.09736,40.76893],[-84.09751,40.76826],[-84.09769,40.76758],[-84.09787,40.76688],[-84.09804,40.76616],[-84.09843,40.76473],[-84.09861,40.76401],[-84.09894,40.76273],[-84.09903,40.7624],[-84.09925,40.76153],[-84.09951,40.76065],[-84.0997,40.75962],[-84.09981,40.75936],[-84.09985,40.75924],[-84.09904,40.75924],[-84.09736,40.75928],[-84.09713,40.75929],[-84.09617,40.75931],[-84.09598,40.75931],[-84.09583,40.75931],[-84.09562,40.75932],[-84.09466,40.75935],[-84.0945,40.75935],[-84.0944,40.75935],[-84.09432,40.75935],[-84.09432,40.75942],[-84.0943,40.75942],[-84.09429,40.75937],[-84.09429,40.75935],[-84.09429,40.75932],[-84.09429,40.75928],[-84.09427,40.75914],[-84.0943,40.75843],[-84.09421,40.75799],[-84.09424,40.75756],[-84.09426,40.75726],[-84.09426,40.75666],[-84.09426,40.75664],[-84.09425,40.75629],[-84.09424,40.75584],[-84.09424,40.75547],[-84.09425,40.75452],[-84.09425,40.75397],[-84.09427,40.75317],[-84.09426,40.7529],[-84.09425,40.7527],[-84.09309,40.75284],[-84.09189,40.75302],[-84.0907,40.7532],[-84.08946,40.75339],[-84.08925,40.7534],[-84.08853,40.75351],[-84.08797,40.7536],[-84.08743,40.75369],[-84.08731,40.7537],[-84.08689,40.75377],[-84.08577,40.75393],[-84.08528,40.75401],[-84.08502,40.75405],[-84.08355,40.75428],[-84.08323,40.75433],[-84.08308,40.75435],[-84.08284,40.75439],[-84.08187,40.75456],[-84.08113,40.75471],[-84.08092,40.75476],[-84.07984,40.75501],[-84.07868,40.75529],[-84.07767,40.75549],[-84.07693,40.75562],[-84.07636,40.75571],[-84.07571,40.75583],[-84.07571,40.75594],[-84.07569,40.75648],[-84.07569,40.75837],[-84.0757,40.75905],[-84.07571,40.75942],[-84.07568,40.76266],[-84.07568,40.76329],[-84.07568,40.76363],[-84.07567,40.76392],[-84.07567,40.76418],[-84.07566,40.76441],[-84.07563,40.76466],[-84.0756,40.76487],[-84.07557,40.76506],[-84.07547,40.76552],[-84.07542,40.76574],[-84.07529,40.76611],[-84.0751,40.76658],[-84.07486,40.76708],[-84.07466,40.76739],[-84.07447,40.76768],[-84.07421,40.76798],[-84.07389,40.76838],[-84.0735,40.76879],[-84.07302,40.76922],[-84.07257,40.76958],[-84.07167,40.77022],[-84.07059,40.77091],[-84.07059,40.77132],[-84.07056,40.77379],[-84.07057,40.77417],[-84.07058,40.77455],[-84.07056,40.77682],[-84.07056,40.77704],[-84.07056,40.77732],[-84.07055,40.77765],[-84.07056,40.77941],[-84.07057,40.77998],[-84.07057,40.78061],[-84.07058,40.78078],[-84.07058,40.78116],[-84.07057,40.78176],[-84.07057,40.78237],[-84.07054,40.78358],[-84.07054,40.78414],[-84.07054,40.78471],[-84.07055,40.78527],[-84.07054,40.78551],[-84.07052,40.78591],[-84.07052,40.78606],[-84.07051,40.78658],[-84.07049,40.78697],[-84.07048,40.78745],[-84.07048,40.78792],[-84.07048,40.78848],[-84.0705,40.78883],[-84.0705,40.78908],[-84.07052,40.78957],[-84.07052,40.78961],[-84.07053,40.78976],[-84.07053,40.78992],[-84.07052,40.79084],[-84.07052,40.79101],[-84.07051,40.79193],[-84.07051,40.79257],[-84.07051,40.79298],[-84.07051,40.79338],[-84.07051,40.79382],[-84.07051,40.79423],[-84.07051,40.79437],[-84.0705,40.7947],[-84.07049,40.7948],[-84.07048,40.79537],[-84.07048,40.7956],[-84.07048,40.79575],[-84.07049,40.79613],[-84.07049,40.79649],[-84.07049,40.79664],[-84.07051,40.79675],[-84.07051,40.79711],[-84.07051,40.79723],[-84.07052,40.79822],[-84.07052,40.79907],[-84.07051,40.79948],[-84.07051,40.80033],[-84.07049,40.80083],[-84.07049,40.8014],[-84.0705,40.8017],[-84.0705,40.80225],[-84.0705,40.80266],[-84.07051,40.80296],[-84.07051,40.80342],[-84.07051,40.80359],[-84.07133,40.80357],[-84.07272,40.80354],[-84.07394,40.8035],[-84.0744,40.80348],[-84.07482,40.80347],[-84.07493,40.80347],[-84.07596,40.80344],[-84.07741,40.80339],[-84.0786,40.80335],[-84.07948,40.80332],[-84.08013,40.8033],[-84.08043,40.80329],[-84.08057,40.80328],[-84.08115,40.80326],[-84.08179,40.80324],[-84.0819,40.80323],[-84.08242,40.80322],[-84.08292,40.8032],[-84.08313,40.80319],[-84.08352,40.80318],[-84.08401,40.80316],[-84.08464,40.80315],[-84.08478,40.80315],[-84.08568,40.80312],[-84.08601,40.80312],[-84.08648,40.80309],[-84.08677,40.80308],[-84.08731,40.80306],[-84.08745,40.80306],[-84.08822,40.80302],[-84.08853,40.803],[-84.08874,40.803],[-84.08899,40.80299],[-84.08936,40.80297],[-84.08953,40.80296],[-84.08999,40.80296],[-84.09095,40.80295],[-84.09113,40.80295],[-84.09149,40.80295],[-84.09173,40.80294],[-84.09209,40.80294],[-84.0924,40.80293],[-84.09312,40.80292],[-84.09356,40.80291],[-84.09427,40.80291],[-84.09463,40.8029],[-84.0956,40.80289],[-84.09708,40.80288],[-84.09958,40.80284],[-84.10026,40.80283],[-84.10084,40.80283],[-84.10125,40.80284],[-84.10235,40.80282],[-84.10293,40.80281],[-84.1031,40.8028],[-84.10317,40.8028],[-84.10323,40.80281],[-84.10334,40.80285],[-84.10351,40.80255],[-84.10369,40.80226],[-84.10398,40.80177],[-84.10407,40.80163],[-84.10411,40.80156],[-84.10439,40.80111],[-84.10452,40.80093],[-84.10473,40.8006],[-84.10495,40.80031],[-84.10521,40.8],[-84.10535,40.79983],[-84.10549,40.7997],[-84.10569,40.79954],[-84.10597,40.79934],[-84.10631,40.79909],[-84.10673,40.7988],[-84.10715,40.79852],[-84.10728,40.79843],[-84.10737,40.79837],[-84.10807,40.798],[-84.10835,40.79786],[-84.10855,40.79775],[-84.10885,40.79762],[-84.10884,40.7975],[-84.10885,40.79706],[-84.10886,40.7965]]]}},{"type":"Feature","properties":{"GEOID":"39003011301","NAME":"Census Tract 113.01","BASENAME":"113.01","POP100":4538,"HU100":2051,"AREALAND":27272641,"CENTLAT":"+40.7505460","CENTLON":"-084.0359932"},"geometry":{"type":"Polygon","coordinates":[[[-84.08928,40.74796],[-84.0893,40.74576],[-84.08834,40.7458],[-84.08785,40.7458],[-84.08595,40.74585],[-84.08012,40.74621],[-84.07991,40.74623],[-84.07974,40.74624],[-84.07961,40.74625],[-84.07837,40.74632],[-84.07725,40.7464],[-84.07572,40.74652],[-84.0757,40.74653],[-84.0757,40.74638],[-84.0757,40.74522],[-84.07569,40.7424],[-84.07569,40.74237],[-84.07567,40.73802],[-84.07566,40.73747],[-84.07569,40.7338],[-84.07563,40.73135],[-84.07564,40.73068],[-84.07564,40.73059],[-84.07541,40.73059],[-84.07536,40.73059],[-84.07525,40.7306],[-84.07525,40.73069],[-84.07443,40.73071],[-84.07331,40.73072],[-84.07203,40.73071],[-84.07089,40.73073],[-84.0708,40.73073],[-84.07073,40.73073],[-84.06962,40.73075],[-84.06841,40.73075],[-84.06694,40.73076],[-84.06558,40.73078],[-84.06504,40.73079],[-84.06503,40.73079],[-84.06384,40.73082],[-84.06364,40.73082],[-84.06169,40.73083],[-84.06082,40.73085],[-84.05741,40.73091],[-84.05471,40.73096],[-84.05417,40.73096],[-84.05169,40.73098],[-84.05165,40.73098],[-84.05147,40.73099],[-84.05061,40.73099],[-84.0502,40.73099],[-84.04747,40.73101],[-84.04682,40.73101],[-84.04655,40.73101],[-84.04629,40.73101],[-84.04589,40.73102],[-84.04565,40.731],[-84.04357,40.73101],[-84.04345,40.73101],[-84.0432,40.73102],[-84.04121,40.73104],[-84.04086,40.73105],[-84.04042,40.73106],[-84.03922,40.73107],[-84.03866,40.73108],[-84.03855,40.73108],[-84.03759,40.7311],[-84.03592,40.73109],[-84.03583,40.7311],[-84.03575,40.73109],[-84.03366,40.73112],[-84.03335,40.73112],[-84.03223,40.73112],[-84.0304,40.73113],[-84.02896,40.73113],[-84.02584,40.73114],[-84.02564,40.73113],[-84.02396,40.73112],[-84.02168,40.73112],[-84.02115,40.73112],[-84.01325,40.73113],[-84.01317,40.73112],[-84.00372,40.73112],[-84.00359,40.73112],[-84.00322,40.73112],[-84.00047,40.73112],[-83.99862,40.73112],[-83.99836,40.73113],[-83.99413,40.73113],[-83.99414,40.73201],[-83.99413,40.73226],[-83.99413,40.73259],[-83.99414,40.7329],[-83.99414,40.73329],[-83.99414,40.73356],[-83.99414,40.73388],[-83.99414,40.73419],[-83.99415,40.7345],[-83.99417,40.73481],[-83.99418,40.73512],[-83.99418,40.73534],[-83.99417,40.73538],[-83.99416,40.73542],[-83.99414,40.73545],[-83.99412,40.73548],[-83.99411,40.7355],[-83.99408,40.73552],[-83.99404,40.73733],[-83.99404,40.73927],[-83.9941,40.73936],[-83.99412,40.73939],[-83.99414,40.73942],[-83.99415,40.73946],[-83.99416,40.7395],[-83.99417,40.73953],[-83.99418,40.7396],[-83.99419,40.73974],[-83.99419,40.73987],[-83.99417,40.74015],[-83.99418,40.7411],[-83.99414,40.74569],[-83.99415,40.74791],[-83.99415,40.74871],[-83.99413,40.74945],[-83.99413,40.74995],[-83.99414,40.75045],[-83.99414,40.75094],[-83.99414,40.75139],[-83.99412,40.75298],[-83.99414,40.7538],[-83.99413,40.75406],[-83.99413,40.75423],[-83.99414,40.75527],[-83.99414,40.7562],[-83.99414,40.75694],[-83.99414,40.75735],[-83.99415,40.75777],[-83.99416,40.75818],[-83.99417,40.75857],[-83.99417,40.75891],[-83.99417,40.7593],[-83.99418,40.75974],[-83.99417,40.76005],[-83.99417,40.76047],[-83.99418,40.76083],[-83.99418,40.7612],[-83.99418,40.76141],[-83.99418,40.76158],[-83.99416,40.76197],[-83.99416,40.76236],[-83.99415,40.76273],[-83.99416,40.7631],[-83.99416,40.76348],[-83.99416,40.76376],[-83.99416,40.76402],[-83.99416,40.7643],[-83.99417,40.76516],[-83.99417,40.76572],[-83.99417,40.76626],[-83.99418,40.7664],[-83.9942,40.76686],[-83.9942,40.76744],[-83.99422,40.76813],[-83.99423,40.76826],[-83.99423,40.76873],[-83.99423,40.76931],[-83.99422,40.76988],[-83.99421,40.77048],[-83.99421,40.77108],[-83.9942,40.77161],[-83.9942,40.77171],[-83.9942,40.77195],[-83.9942,40.77199],[-83.9942,40.77224],[-83.99421,40.77349],[-83.99422,40.77387],[-83.9942,40.77437],[-83.99421,40.77457],[-83.9942,40.77499],[-83.9942,40.77532],[-83.99422,40.77658],[-83.99423,40.7778],[-83.99433,40.77777],[-83.99446,40.77772],[-83.99459,40.77768],[-83.99478,40.77761],[-83.99526,40.77743],[-83.99723,40.77668],[-83.99776,40.77649],[-83.99829,40.7763],[-83.99925,40.77599],[-83.9998,40.77582],[-84.00042,40.77563],[-84.00083,40.77551],[-84.00114,40.77541],[-84.00148,40.7753],[-84.00192,40.77517],[-84.0025,40.77499],[-84.00316,40.77478],[-84.00363,40.77463],[-84.00391,40.77453],[-84.00429,40.77439],[-84.00469,40.77424],[-84.00533,40.774],[-84.00555,40.77392],[-84.00573,40.77385],[-84.00582,40.77382],[-84.00604,40.77373],[-84.00648,40.77356],[-84.00684,40.77342],[-84.00752,40.77317],[-84.00807,40.77296],[-84.00848,40.7728],[-84.00865,40.77274],[-84.00886,40.77266],[-84.00912,40.77256],[-84.00982,40.7723],[-84.00998,40.77224],[-84.01037,40.77209],[-84.01083,40.77191],[-84.01098,40.77185],[-84.01139,40.7717],[-84.01311,40.77103],[-84.01399,40.7707],[-84.01463,40.77045],[-84.01526,40.77022],[-84.01556,40.77014],[-84.01588,40.77006],[-84.01609,40.77003],[-84.01625,40.77001],[-84.0165,40.76998],[-84.01726,40.76991],[-84.01769,40.76987],[-84.01806,40.76984],[-84.01854,40.76979],[-84.01899,40.76975],[-84.0194,40.76971],[-84.01998,40.76965],[-84.02017,40.76963],[-84.02055,40.7696],[-84.02095,40.76955],[-84.02168,40.76947],[-84.02263,40.76938],[-84.02289,40.76935],[-84.02318,40.76931],[-84.0234,40.76927],[-84.02355,40.76924],[-84.02367,40.7692],[-84.02377,40.76917],[-84.02386,40.76913],[-84.02391,40.76911],[-84.02397,40.76907],[-84.02404,40.76904],[-84.02417,40.76895],[-84.02446,40.76871],[-84.02464,40.76857],[-84.02503,40.76824],[-84.02532,40.76799],[-84.02542,40.7679],[-84.02563,40.76772],[-84.02592,40.76747],[-84.02608,40.76733],[-84.02614,40.76726],[-84.02618,40.76717],[-84.02622,40.76708],[-84.02626,40.76697],[-84.02631,40.76683],[-84.02646,40.7664],[-84.02653,40.76616],[-84.02655,40.76603],[-84.02656,40.76592],[-84.02657,40.76573],[-84.02659,40.76519],[-84.0266,40.76499],[-84.02662,40.76476],[-84.02664,40.76466],[-84.02668,40.76457],[-84.02671,40.76451],[-84.02676,40.76442],[-84.02686,40.76428],[-84.02703,40.76402],[-84.02721,40.764],[-84.02744,40.76398],[-84.02788,40.76392],[-84.02847,40.76383],[-84.02891,40.76374],[-84.0298,40.76354],[-84.03011,40.76346],[-84.03081,40.76329],[-84.03137,40.76314],[-84.03203,40.76297],[-84.03239,40.76288],[-84.0329,40.76275],[-84.03311,40.76269],[-84.03328,40.76265],[-84.03386,40.7625],[-84.03425,40.76241],[-84.03534,40.76212],[-84.03587,40.76198],[-84.03652,40.76181],[-84.03695,40.76171],[-84.03774,40.76151],[-84.03838,40.76136],[-84.03889,40.76123],[-84.03954,40.76108],[-84.0401,40.76094],[-84.04058,40.76083],[-84.04111,40.76071],[-84.04178,40.76055],[-84.04197,40.76051],[-84.04224,40.76044],[-84.04265,40.76034],[-84.0429,40.76028],[-84.04343,40.76016],[-84.04376,40.76008],[-84.04394,40.76004],[-84.04411,40.76001],[-84.04437,40.75995],[-84.04458,40.75992],[-84.04475,40.7599],[-84.04486,40.75988],[-84.04505,40.75987],[-84.04559,40.75985],[-84.04612,40.75984],[-84.04675,40.75983],[-84.04692,40.75983],[-84.04727,40.75983],[-84.04817,40.75982],[-84.0493,40.75984],[-84.04947,40.75984],[-84.04959,40.75983],[-84.0497,40.75983],[-84.0498,40.75979],[-84.05009,40.75977],[-84.05033,40.75974],[-84.05066,40.7597],[-84.05119,40.75961],[-84.05119,40.76104],[-84.05118,40.76192],[-84.05121,40.76451],[-84.0512,40.76575],[-84.05121,40.76662],[-84.05124,40.76734],[-84.05126,40.76781],[-84.05125,40.7696],[-84.05125,40.77051],[-84.05125,40.77087],[-84.05124,40.7718],[-84.05124,40.77211],[-84.05126,40.77451],[-84.05241,40.7745],[-84.05256,40.7745],[-84.05296,40.7745],[-84.05427,40.77451],[-84.05484,40.77451],[-84.05565,40.77451],[-84.05597,40.77451],[-84.05632,40.77451],[-84.05732,40.77452],[-84.05769,40.77452],[-84.06193,40.77453],[-84.06253,40.77453],[-84.06464,40.77454],[-84.06504,40.77454],[-84.06509,40.77454],[-84.06639,40.77368],[-84.06712,40.77319],[-84.07059,40.77091],[-84.07167,40.77022],[-84.07257,40.76958],[-84.07302,40.76922],[-84.0735,40.76879],[-84.07389,40.76838],[-84.07421,40.76798],[-84.07447,40.76768],[-84.07466,40.76739],[-84.07486,40.76708],[-84.0751,40.76658],[-84.07529,40.76611],[-84.07542,40.76574],[-84.07547,40.76552],[-84.07557,40.76506],[-84.0756,40.76487],[-84.07563,40.76466],[-84.07566,40.76441],[-84.07567,40.76418],[-84.07567,40.76392],[-84.07568,40.76363],[-84.07568,40.76329],[-84.07568,40.76266],[-84.07571,40.75942],[-84.0757,40.75905],[-84.07569,40.75837],[-84.07569,40.75648],[-84.07571,40.75594],[-84.07571,40.75583],[-84.07636,40.75571],[-84.07693,40.75562],[-84.07767,40.75549],[-84.07868,40.75529],[-84.07984,40.75501],[-84.08092,40.75476],[-84.08113,40.75471],[-84.08187,40.75456],[-84.08284,40.75439],[-84.08308,40.75435],[-84.08323,40.75433],[-84.08355,40.75428],[-84.08502,40.75405],[-84.08528,40.75401],[-84.08577,40.75393],[-84.08689,40.75377],[-84.08731,40.7537],[-84.08743,40.75369],[-84.08797,40.7536],[-84.08853,40.75351],[-84.08925,40.7534],[-84.08926,40.75219],[-84.08927,40.75191],[-84.08927,40.75122],[-84.08926,40.75089],[-84.08926,40.75088],[-84.08927,40.75035],[-84.08928,40.74812],[-84.08928,40.74796]]]}},{"type":"Feature","properties":{"GEOID":"39003011302","NAME":"Census Tract 113.02","BASENAME":"113.02","POP100":2771,"HU100":1075,"AREALAND":39700935,"CENTLAT":"+40.7954074","CENTLON":"-084.0406348"},"geometry":{"type":"Polygon","coordinates":[[[-84.10925,40.81728],[-84.10921,40.81313],[-84.10918,40.80973],[-84.10915,40.80581],[-84.109,40.80327],[-84.10896,40.80311],[-84.10893,40.80294],[-84.1089,40.80275],[-84.1089,40.80255],[-84.10889,40.80228],[-84.10888,40.80196],[-84.10888,40.80191],[-84.10888,40.80181],[-84.10889,40.80139],[-84.10888,40.7999],[-84.10888,40.79965],[-84.10887,40.79949],[-84.10887,40.79919],[-84.10887,40.79914],[-84.10886,40.79897],[-84.10886,40.79874],[-84.10886,40.79855],[-84.10885,40.79762],[-84.10855,40.79775],[-84.10835,40.79786],[-84.10807,40.798],[-84.10737,40.79837],[-84.10728,40.79843],[-84.10715,40.79852],[-84.10673,40.7988],[-84.10631,40.79909],[-84.10597,40.79934],[-84.10569,40.79954],[-84.10549,40.7997],[-84.10535,40.79983],[-84.10521,40.8],[-84.10495,40.80031],[-84.10473,40.8006],[-84.10452,40.80093],[-84.10439,40.80111],[-84.10411,40.80156],[-84.10407,40.80163],[-84.10398,40.80177],[-84.10369,40.80226],[-84.10351,40.80255],[-84.10334,40.80285],[-84.10323,40.80281],[-84.10317,40.8028],[-84.1031,40.8028],[-84.10293,40.80281],[-84.10235,40.80282],[-84.10125,40.80284],[-84.10084,40.80283],[-84.10026,40.80283],[-84.09958,40.80284],[-84.09708,40.80288],[-84.0956,40.80289],[-84.09463,40.8029],[-84.09427,40.80291],[-84.09356,40.80291],[-84.09312,40.80292],[-84.0924,40.80293],[-84.09209,40.80294],[-84.09173,40.80294],[-84.09149,40.80295],[-84.09113,40.80295],[-84.09095,40.80295],[-84.08999,40.80296],[-84.08953,40.80296],[-84.08936,40.80297],[-84.08899,40.80299],[-84.08874,40.803],[-84.08853,40.803],[-84.08822,40.80302],[-84.08745,40.80306],[-84.08731,40.80306],[-84.08677,40.80308],[-84.08648,40.80309],[-84.08601,40.80312],[-84.08568,40.80312],[-84.08478,40.80315],[-84.08464,40.80315],[-84.08401,40.80316],[-84.08352,40.80318],[-84.08313,40.80319],[-84.08292,40.8032],[-84.08242,40.80322],[-84.0819,40.80323],[-84.08179,40.80324],[-84.08115,40.80326],[-84.08057,40.80328],[-84.08043,40.80329],[-84.08013,40.8033],[-84.07948,40.80332],[-84.0786,40.80335],[-84.07741,40.80339],[-84.07596,40.80344],[-84.07493,40.80347],[-84.07482,40.80347],[-84.0744,40.80348],[-84.07394,40.8035],[-84.07272,40.80354],[-84.07133,40.80357],[-84.07051,40.80359],[-84.07051,40.80342],[-84.07051,40.80296],[-84.0705,40.80266],[-84.0705,40.80225],[-84.0705,40.8017],[-84.07049,40.8014],[-84.07049,40.80083],[-84.07051,40.80033],[-84.07051,40.79948],[-84.07052,40.79907],[-84.07052,40.79822],[-84.07051,40.79723],[-84.07051,40.79711],[-84.07051,40.79675],[-84.07049,40.79664],[-84.07049,40.79649],[-84.07049,40.79613],[-84.07048,40.79575],[-84.07048,40.7956],[-84.07048,40.79537],[-84.07049,40.7948],[-84.0705,40.7947],[-84.07051,40.79437],[-84.07051,40.79423],[-84.07051,40.79382],[-84.07051,40.79338],[-84.07051,40.79298],[-84.07051,40.79257],[-84.07051,40.79193],[-84.07052,40.79101],[-84.07052,40.79084],[-84.07053,40.78992],[-84.07053,40.78976],[-84.07052,40.78961],[-84.07052,40.78957],[-84.0705,40.78908],[-84.0705,40.78883],[-84.07048,40.78848],[-84.07048,40.78792],[-84.07048,40.78745],[-84.07049,40.78697],[-84.07051,40.78658],[-84.07052,40.78606],[-84.07052,40.78591],[-84.07054,40.78551],[-84.07055,40.78527],[-84.07054,40.78471],[-84.07054,40.78414],[-84.07054,40.78358],[-84.07057,40.78237],[-84.07057,40.78176],[-84.07058,40.78116],[-84.07058,40.78078],[-84.07057,40.78061],[-84.07057,40.77998],[-84.07056,40.77941],[-84.07055,40.77765],[-84.07056,40.77732],[-84.07056,40.77704],[-84.07056,40.77682],[-84.07058,40.77455],[-84.07057,40.77417],[-84.07056,40.77379],[-84.07059,40.77132],[-84.07059,40.77091],[-84.06712,40.77319],[-84.06639,40.77368],[-84.06509,40.77454],[-84.06504,40.77454],[-84.06464,40.77454],[-84.06253,40.77453],[-84.06193,40.77453],[-84.05769,40.77452],[-84.05732,40.77452],[-84.05632,40.77451],[-84.05597,40.77451],[-84.05565,40.77451],[-84.05484,40.77451],[-84.05427,40.77451],[-84.05296,40.7745],[-84.05256,40.7745],[-84.05241,40.7745],[-84.05126,40.77451],[-84.05124,40.77211],[-84.05124,40.7718],[-84.05125,40.77087],[-84.05125,40.77051],[-84.05125,40.7696],[-84.05126,40.76781],[-84.05124,40.76734],[-84.05121,40.76662],[-84.0512,40.76575],[-84.05121,40.76451],[-84.05118,40.76192],[-84.05119,40.76104],[-84.05119,40.75961],[-84.05066,40.7597],[-84.05033,40.75974],[-84.05009,40.75977],[-84.0498,40.75979],[-84.0497,40.75983],[-84.04959,40.75983],[-84.04947,40.75984],[-84.0493,40.75984],[-84.04817,40.75982],[-84.04727,40.75983],[-84.04692,40.75983],[-84.04675,40.75983],[-84.04612,40.75984],[-84.04559,40.75985],[-84.04505,40.75987],[-84.04486,40.75988],[-84.04475,40.7599],[-84.04458,40.75992],[-84.04437,40.75995],[-84.04411,40.76001],[-84.04394,40.76004],[-84.04376,40.76008],[-84.04343,40.76016],[-84.0429,40.76028],[-84.04265,40.76034],[-84.04224,40.76044],[-84.04197,40.76051],[-84.04178,40.76055],[-84.04111,40.76071],[-84.04058,40.76083],[-84.0401,40.76094],[-84.03954,40.76108],[-84.03889,40.76123],[-84.03838,40.76136],[-84.03774,40.76151],[-84.03695,40.76171],[-84.03652,40.76181],[-84.03587,40.76198],[-84.03534,40.76212],[-84.03425,40.76241],[-84.03386,40.7625],[-84.03328,40.76265],[-84.03311,40.76269],[-84.0329,40.76275],[-84.03239,40.76288],[-84.03203,40.76297],[-84.03137,40.76314],[-84.03081,40.76329],[-84.03011,40.76346],[-84.0298,40.76354],[-84.02891,40.76374],[-84.02847,40.76383],[-84.02788,40.76392],[-84.02744,40.76398],[-84.02721,40.764],[-84.02703,40.76402],[-84.02686,40.76428],[-84.02676,40.76442],[-84.02671,40.76451],[-84.02668,40.76457],[-84.02664,40.76466],[-84.02662,40.76476],[-84.0266,40.76499],[-84.02659,40.76519],[-84.02657,40.76573],[-84.02656,40.76592],[-84.02655,40.76603],[-84.02653,40.76616],[-84.02646,40.7664],[-84.02631,40.76683],[-84.02626,40.76697],[-84.02622,40.76708],[-84.02618,40.76717],[-84.02614,40.76726],[-84.02608,40.76733],[-84.02592,40.76747],[-84.02563,40.76772],[-84.02542,40.7679],[-84.02532,40.76799],[-84.02503,40.76824],[-84.02464,40.76857],[-84.02446,40.76871],[-84.02417,40.76895],[-84.02404,40.76904],[-84.02397,40.76907],[-84.02391,40.76911],[-84.02386,40.76913],[-84.02377,40.76917],[-84.02367,40.7692],[-84.02355,40.76924],[-84.0234,40.76927],[-84.02318,40.76931],[-84.02289,40.76935],[-84.02263,40.76938],[-84.02168,40.76947],[-84.02095,40.76955],[-84.02055,40.7696],[-84.02017,40.76963],[-84.01998,40.76965],[-84.0194,40.76971],[-84.01899,40.76975],[-84.01854,40.76979],[-84.01806,40.76984],[-84.01769,40.76987],[-84.01726,40.76991],[-84.0165,40.76998],[-84.01625,40.77001],[-84.01609,40.77003],[-84.01588,40.77006],[-84.01556,40.77014],[-84.01526,40.77022],[-84.01463,40.77045],[-84.01399,40.7707],[-84.01311,40.77103],[-84.01139,40.7717],[-84.01098,40.77185],[-84.01083,40.77191],[-84.01037,40.77209],[-84.00998,40.77224],[-84.00982,40.7723],[-84.00912,40.77256],[-84.00886,40.77266],[-84.00865,40.77274],[-84.00848,40.7728],[-84.00807,40.77296],[-84.00752,40.77317],[-84.00684,40.77342],[-84.00648,40.77356],[-84.00604,40.77373],[-84.00582,40.77382],[-84.00573,40.77385],[-84.00555,40.77392],[-84.00533,40.774],[-84.00469,40.77424],[-84.00429,40.77439],[-84.00391,40.77453],[-84.00363,40.77463],[-84.00316,40.77478],[-84.0025,40.77499],[-84.00192,40.77517],[-84.00148,40.7753],[-84.00114,40.77541],[-84.00083,40.77551],[-84.00042,40.77563],[-83.9998,40.77582],[-83.99925,40.77599],[-83.99829,40.7763],[-83.99776,40.77649],[-83.99723,40.77668],[-83.99526,40.77743],[-83.99478,40.77761],[-83.99459,40.77768],[-83.99446,40.77772],[-83.99433,40.77777],[-83.99423,40.7778],[-83.99422,40.77892],[-83.99421,40.77973],[-83.99422,40.781],[-83.99424,40.78181],[-83.99425,40.78226],[-83.99425,40.78285],[-83.99425,40.78395],[-83.99425,40.78439],[-83.99426,40.78462],[-83.99426,40.78491],[-83.99426,40.78513],[-83.99426,40.78532],[-83.99426,40.7858],[-83.99426,40.78709],[-83.99426,40.78774],[-83.99426,40.78794],[-83.99427,40.7883],[-83.99427,40.78855],[-83.99427,40.78896],[-83.99427,40.78916],[-83.99427,40.78956],[-83.99428,40.79133],[-83.99428,40.79169],[-83.99428,40.7921],[-83.99429,40.79352],[-83.99431,40.79458],[-83.99432,40.79665],[-83.99432,40.7969],[-83.99432,40.7976],[-83.99432,40.79931],[-83.99432,40.79977],[-83.99434,40.80068],[-83.99434,40.80075],[-83.99436,40.80174],[-83.99435,40.8034],[-83.99435,40.80477],[-83.99436,40.80493],[-83.99435,40.80526],[-83.99436,40.80598],[-83.99437,40.80676],[-83.99438,40.80731],[-83.99439,40.80865],[-83.99441,40.81001],[-83.99442,40.81042],[-83.99442,40.81085],[-83.99443,40.81137],[-83.99443,40.81171],[-83.99443,40.81175],[-83.99443,40.81207],[-83.99443,40.81241],[-83.99444,40.81312],[-83.99443,40.81344],[-83.99443,40.81348],[-83.99444,40.81384],[-83.99444,40.81456],[-83.99445,40.81489],[-83.99445,40.81511],[-83.99434,40.81805],[-83.99873,40.81795],[-83.99889,40.81796],[-83.99909,40.81797],[-83.99941,40.81796],[-83.99976,40.81795],[-84.00284,40.81805],[-84.00639,40.8179],[-84.00658,40.8179],[-84.00674,40.8179],[-84.00689,40.81787],[-84.00744,40.81785],[-84.00934,40.81785],[-84.01108,40.8179],[-84.01182,40.81789],[-84.0126,40.81788],[-84.01322,40.81787],[-84.01348,40.81786],[-84.01392,40.81785],[-84.01416,40.81785],[-84.0149,40.81785],[-84.01541,40.81785],[-84.01587,40.81784],[-84.01596,40.81785],[-84.017,40.81784],[-84.01808,40.81783],[-84.01892,40.81783],[-84.0199,40.81783],[-84.0211,40.81782],[-84.02186,40.81782],[-84.02284,40.81781],[-84.0238,40.8178],[-84.02473,40.8178],[-84.02536,40.8178],[-84.02573,40.81779],[-84.02622,40.81779],[-84.02647,40.81779],[-84.02788,40.81778],[-84.02904,40.81778],[-84.02966,40.81778],[-84.03077,40.81777],[-84.03223,40.81776],[-84.03239,40.81777],[-84.03265,40.81777],[-84.03325,40.81776],[-84.03353,40.81776],[-84.03518,40.81774],[-84.03595,40.81774],[-84.03622,40.81774],[-84.03641,40.81774],[-84.03695,40.81774],[-84.03782,40.81773],[-84.03858,40.81773],[-84.03925,40.81773],[-84.04023,40.81772],[-84.04083,40.81772],[-84.04227,40.81772],[-84.04265,40.81772],[-84.04308,40.81772],[-84.04432,40.8177],[-84.04556,40.8177],[-84.04615,40.81769],[-84.04656,40.81769],[-84.04715,40.81768],[-84.04812,40.81768],[-84.04874,40.81767],[-84.04964,40.81767],[-84.05124,40.81766],[-84.0515,40.81765],[-84.05177,40.81766],[-84.05301,40.81765],[-84.0541,40.81764],[-84.05507,40.81764],[-84.05702,40.81764],[-84.05864,40.81764],[-84.05931,40.81763],[-84.06027,40.81762],[-84.06118,40.8176],[-84.06189,40.8176],[-84.06236,40.81759],[-84.06284,40.81759],[-84.06357,40.81758],[-84.06551,40.81757],[-84.06673,40.81756],[-84.06786,40.81756],[-84.06903,40.81756],[-84.07023,40.81756],[-84.07107,40.81756],[-84.07133,40.81755],[-84.0718,40.81754],[-84.07221,40.81753],[-84.07251,40.81753],[-84.07314,40.81753],[-84.07367,40.81753],[-84.07442,40.81752],[-84.07511,40.81751],[-84.07575,40.8175],[-84.07618,40.8175],[-84.0766,40.8175],[-84.07673,40.8175],[-84.07718,40.8175],[-84.07764,40.81749],[-84.07796,40.81749],[-84.07861,40.81748],[-84.07897,40.81748],[-84.07921,40.81748],[-84.07973,40.81748],[-84.08006,40.81747],[-84.0808,40.81746],[-84.08178,40.81745],[-84.08209,40.81744],[-84.08247,40.81744],[-84.08255,40.81744],[-84.08318,40.81744],[-84.08448,40.81743],[-84.08483,40.81743],[-84.08512,40.81743],[-84.08545,40.81743],[-84.08643,40.81742],[-84.08661,40.81741],[-84.08683,40.81741],[-84.08707,40.8174],[-84.08718,40.8174],[-84.08778,40.8174],[-84.088,40.8174],[-84.08898,40.81739],[-84.08986,40.8174],[-84.09046,40.8174],[-84.09101,40.81739],[-84.09155,40.81739],[-84.09192,40.81739],[-84.09205,40.81739],[-84.09257,40.81739],[-84.09299,40.81738],[-84.09344,40.81738],[-84.0938,40.81737],[-84.0945,40.81737],[-84.09492,40.81737],[-84.09603,40.81737],[-84.09705,40.81736],[-84.09743,40.81736],[-84.09839,40.81735],[-84.09862,40.81735],[-84.09889,40.81734],[-84.09918,40.81734],[-84.0993,40.81734],[-84.09969,40.81734],[-84.1004,40.81734],[-84.10086,40.81733],[-84.10148,40.81732],[-84.10225,40.81732],[-84.10302,40.81731],[-84.10307,40.81731],[-84.1034,40.81731],[-84.10347,40.81732],[-84.10373,40.81732],[-84.1042,40.81731],[-84.10562,40.8173],[-84.10614,40.8173],[-84.1065,40.81729],[-84.10715,40.81729],[-84.10762,40.81728],[-84.10807,40.81729],[-84.10854,40.81728],[-84.10898,40.81728],[-84.10925,40.81728]]]}},{"type":"Feature","properties":{"GEOID":"39003011400","NAME":"Census Tract 114","BASENAME":"114","POP100":3143,"HU100":1286,"AREALAND":92511401,"CENTLAT":"+40.7754114","CENTLON":"-083.9370152"},"geometry":{"type":"Polygon","coordinates":[[[-83.99445,40.81511],[-83.99445,40.81489],[-83.99444,40.81456],[-83.99444,40.81384],[-83.99443,40.81348],[-83.99443,40.81344],[-83.99444,40.81312],[-83.99443,40.81241],[-83.99443,40.81207],[-83.99443,40.81175],[-83.99443,40.81171],[-83.99443,40.81137],[-83.99442,40.81085],[-83.99442,40.81042],[-83.99441,40.81001],[-83.99439,40.80865],[-83.99438,40.80731],[-83.99437,40.80676],[-83.99436,40.80598],[-83.99435,40.80526],[-83.99436,40.80493],[-83.99435,40.80477],[-83.99435,40.8034],[-83.99436,40.80174],[-83.99434,40.80075],[-83.99434,40.80068],[-83.99432,40.79977],[-83.99432,40.79931],[-83.99432,40.7976],[-83.99432,40.7969],[-83.99432,40.79665],[-83.99431,40.79458],[-83.99429,40.79352],[-83.99428,40.7921],[-83.99428,40.79169],[-83.99428,40.79133],[-83.99427,40.78956],[-83.99427,40.78916],[-83.99427,40.78896],[-83.99427,40.78855],[-83.99427,40.7883],[-83.99426,40.78794],[-83.99426,40.78774],[-83.99426,40.78709],[-83.99426,40.7858],[-83.99426,40.78532],[-83.99426,40.78513],[-83.99426,40.78491],[-83.99426,40.78462],[-83.99425,40.78439],[-83.99425,40.78395],[-83.99425,40.78285],[-83.99425,40.78226],[-83.99424,40.78181],[-83.99422,40.781],[-83.99421,40.77973],[-83.99422,40.77892],[-83.99423,40.7778],[-83.99422,40.77658],[-83.9942,40.77532],[-83.9942,40.77499],[-83.99421,40.77457],[-83.9942,40.77437],[-83.99422,40.77387],[-83.99421,40.77349],[-83.9942,40.77224],[-83.9942,40.77199],[-83.9942,40.77195],[-83.9942,40.77171],[-83.9942,40.77161],[-83.99421,40.77108],[-83.99421,40.77048],[-83.99422,40.76988],[-83.99423,40.76931],[-83.99423,40.76873],[-83.99423,40.76826],[-83.99422,40.76813],[-83.9942,40.76744],[-83.9942,40.76686],[-83.99418,40.7664],[-83.99417,40.76626],[-83.99417,40.76572],[-83.99417,40.76516],[-83.99416,40.7643],[-83.99416,40.76402],[-83.99416,40.76376],[-83.99416,40.76348],[-83.99416,40.7631],[-83.99415,40.76273],[-83.99416,40.76236],[-83.99416,40.76197],[-83.99418,40.76158],[-83.99418,40.76141],[-83.99418,40.7612],[-83.99418,40.76083],[-83.99417,40.76047],[-83.99417,40.76005],[-83.99418,40.75974],[-83.99417,40.7593],[-83.99417,40.75891],[-83.99417,40.75857],[-83.99416,40.75818],[-83.99415,40.75777],[-83.99414,40.75735],[-83.99414,40.75694],[-83.99414,40.7562],[-83.99414,40.75527],[-83.99413,40.75423],[-83.99413,40.75406],[-83.99414,40.7538],[-83.99412,40.75298],[-83.99414,40.75139],[-83.99414,40.75094],[-83.99414,40.75045],[-83.99413,40.74995],[-83.99413,40.74945],[-83.99415,40.74871],[-83.99415,40.74791],[-83.99414,40.74569],[-83.99418,40.7411],[-83.99417,40.74015],[-83.99419,40.73987],[-83.99419,40.73974],[-83.99418,40.7396],[-83.99417,40.73953],[-83.99416,40.7395],[-83.99415,40.73946],[-83.99414,40.73942],[-83.99412,40.73939],[-83.9941,40.73936],[-83.99404,40.73927],[-83.99404,40.73733],[-83.99408,40.73552],[-83.99411,40.7355],[-83.99412,40.73548],[-83.99414,40.73545],[-83.99416,40.73542],[-83.99417,40.73538],[-83.99418,40.73534],[-83.99418,40.73512],[-83.99417,40.73481],[-83.99415,40.7345],[-83.99414,40.73419],[-83.99414,40.73388],[-83.99414,40.73356],[-83.99414,40.73329],[-83.99414,40.7329],[-83.99413,40.73259],[-83.99413,40.73226],[-83.99414,40.73201],[-83.99413,40.73113],[-83.98477,40.73125],[-83.98282,40.73128],[-83.9823,40.73128],[-83.98205,40.73128],[-83.98041,40.73132],[-83.97884,40.73132],[-83.9771,40.73137],[-83.97579,40.73138],[-83.97555,40.73138],[-83.97361,40.7314],[-83.9723,40.73143],[-83.97087,40.73144],[-83.96925,40.73146],[-83.9658,40.7315],[-83.96303,40.73153],[-83.96149,40.73155],[-83.96091,40.73156],[-83.95883,40.73158],[-83.95757,40.7316],[-83.95695,40.73161],[-83.95473,40.73164],[-83.95406,40.73164],[-83.95256,40.73166],[-83.95232,40.73167],[-83.95067,40.73169],[-83.9456,40.73175],[-83.94449,40.73177],[-83.94169,40.7318],[-83.94092,40.73181],[-83.94071,40.73182],[-83.93994,40.73183],[-83.93841,40.73185],[-83.93815,40.73185],[-83.93796,40.73186],[-83.93749,40.73186],[-83.9343,40.7319],[-83.93325,40.73192],[-83.93262,40.73193],[-83.92936,40.73198],[-83.92782,40.732],[-83.92526,40.73204],[-83.91487,40.73219],[-83.91143,40.73223],[-83.90933,40.73225],[-83.90842,40.73228],[-83.90608,40.73231],[-83.90566,40.73231],[-83.90252,40.73233],[-83.90127,40.73234],[-83.90061,40.73235],[-83.89922,40.73235],[-83.89894,40.73236],[-83.89745,40.73237],[-83.89676,40.73237],[-83.89561,40.73239],[-83.89042,40.73241],[-83.8858,40.73243],[-83.88573,40.73243],[-83.88249,40.73243],[-83.88086,40.73243],[-83.88056,40.73243],[-83.88007,40.73243],[-83.87983,40.73244],[-83.87983,40.73292],[-83.87983,40.73383],[-83.87983,40.73385],[-83.87983,40.73408],[-83.87983,40.73427],[-83.87983,40.73431],[-83.87983,40.73432],[-83.87983,40.73437],[-83.87983,40.7344],[-83.87983,40.73442],[-83.87983,40.73452],[-83.87983,40.73461],[-83.87983,40.73468],[-83.87983,40.7348],[-83.87984,40.7358],[-83.87984,40.73582],[-83.87985,40.73623],[-83.87985,40.73673],[-83.87985,40.73675],[-83.87985,40.73707],[-83.87985,40.73731],[-83.87986,40.73873],[-83.87986,40.73888],[-83.87986,40.73963],[-83.87986,40.73985],[-83.87987,40.74006],[-83.87987,40.74104],[-83.87987,40.74106],[-83.87987,40.74144],[-83.87988,40.74213],[-83.87989,40.74251],[-83.87989,40.74252],[-83.87989,40.74255],[-83.87989,40.7427],[-83.87989,40.74354],[-83.87989,40.74531],[-83.8799,40.74662],[-83.8799,40.74664],[-83.8799,40.74689],[-83.8799,40.74693],[-83.8799,40.74706],[-83.8799,40.7472],[-83.8799,40.74723],[-83.8799,40.74727],[-83.8799,40.74953],[-83.87991,40.74976],[-83.87991,40.75007],[-83.87991,40.75011],[-83.87991,40.75061],[-83.87991,40.75071],[-83.87991,40.75078],[-83.87992,40.75084],[-83.87991,40.75182],[-83.87991,40.7524],[-83.8799,40.75322],[-83.87992,40.75468],[-83.87992,40.75492],[-83.87992,40.75493],[-83.87992,40.75494],[-83.87992,40.75556],[-83.87992,40.75557],[-83.87992,40.75559],[-83.87992,40.75561],[-83.87992,40.75566],[-83.87992,40.7557],[-83.87992,40.75573],[-83.87991,40.75611],[-83.87991,40.75677],[-83.87992,40.75705],[-83.87992,40.7573],[-83.87992,40.75731],[-83.87992,40.75738],[-83.87992,40.7574],[-83.87992,40.7585],[-83.87992,40.75985],[-83.87992,40.76073],[-83.87992,40.76157],[-83.87992,40.76171],[-83.87992,40.76186],[-83.87992,40.76303],[-83.87992,40.76514],[-83.87992,40.76516],[-83.87994,40.76727],[-83.87992,40.76902],[-83.87992,40.76904],[-83.87992,40.76905],[-83.87992,40.76907],[-83.87991,40.76994],[-83.87991,40.76996],[-83.87991,40.77011],[-83.87991,40.77013],[-83.8799,40.77427],[-83.87991,40.7756],[-83.87991,40.77562],[-83.87991,40.77564],[-83.87992,40.77618],[-83.87992,40.77626],[-83.87992,40.77644],[-83.87992,40.77706],[-83.87993,40.78001],[-83.87994,40.78092],[-83.87994,40.78131],[-83.87994,40.78143],[-83.87995,40.78211],[-83.87995,40.78247],[-83.87995,40.78323],[-83.87996,40.78349],[-83.87996,40.78382],[-83.88002,40.78848],[-83.88001,40.79041],[-83.88001,40.7907],[-83.88001,40.79071],[-83.88001,40.79095],[-83.88001,40.79096],[-83.88001,40.79098],[-83.88001,40.79125],[-83.88001,40.79145],[-83.88001,40.79164],[-83.88001,40.79173],[-83.88001,40.79254],[-83.88001,40.7937],[-83.88001,40.79384],[-83.88,40.79438],[-83.88,40.79551],[-83.88,40.79646],[-83.88,40.79647],[-83.88001,40.79726],[-83.88002,40.79888],[-83.88,40.80142],[-83.87999,40.80227],[-83.88001,40.80365],[-83.88002,40.80435],[-83.88002,40.80542],[-83.88002,40.80558],[-83.88002,40.80717],[-83.88003,40.80757],[-83.88004,40.80948],[-83.88004,40.81179],[-83.88005,40.8126],[-83.88006,40.81446],[-83.88005,40.81674],[-83.88005,40.8173],[-83.88005,40.81758],[-83.88005,40.81768],[-83.88005,40.81778],[-83.88005,40.8192],[-83.88006,40.81992],[-83.88363,40.81987],[-83.89133,40.81978],[-83.8933,40.81976],[-83.8991,40.81968],[-83.90528,40.81959],[-83.90706,40.81956],[-83.9077,40.81955],[-83.90781,40.81955],[-83.90836,40.81954],[-83.90872,40.81953],[-83.92741,40.81912],[-83.93264,40.81914],[-83.93396,40.81914],[-83.93488,40.81913],[-83.93636,40.81911],[-83.93703,40.8191],[-83.93746,40.81909],[-83.94599,40.81874],[-83.95184,40.81865],[-83.95725,40.81851],[-83.96137,40.81843],[-83.97564,40.81822],[-83.97647,40.8182],[-83.98524,40.81802],[-83.98999,40.81799],[-83.99082,40.81799],[-83.99434,40.81805],[-83.99445,40.81511]]]}},{"type":"Feature","properties":{"GEOID":"39003011500","NAME":"Census Tract 115","BASENAME":"115","POP100":2757,"HU100":1136,"AREALAND":93214153,"CENTLAT":"+40.6881690","CENTLON":"-083.9369326"},"geometry":{"type":"Polygon","coordinates":[[[-83.99417,40.72683],[-83.99416,40.72641],[-83.99416,40.72608],[-83.99416,40.72555],[-83.99415,40.72511],[-83.99415,40.72469],[-83.99414,40.72426],[-83.99414,40.72404],[-83.99413,40.72384],[-83.99414,40.72342],[-83.99413,40.72299],[-83.99414,40.72256],[-83.99415,40.7224],[-83.99415,40.72212],[-83.99415,40.72174],[-83.99415,40.72156],[-83.99415,40.72131],[-83.99414,40.71906],[-83.99412,40.71747],[-83.99412,40.71708],[-83.99412,40.71694],[-83.99411,40.71685],[-83.99411,40.71678],[-83.99412,40.71665],[-83.99411,40.71625],[-83.99411,40.71605],[-83.99411,40.71576],[-83.99412,40.71486],[-83.99412,40.71433],[-83.99412,40.71377],[-83.99411,40.71297],[-83.99411,40.71188],[-83.99411,40.71126],[-83.99407,40.70979],[-83.99407,40.70949],[-83.99406,40.70906],[-83.99406,40.70865],[-83.99406,40.70696],[-83.99407,40.70644],[-83.99407,40.70617],[-83.99407,40.70578],[-83.99408,40.70567],[-83.99407,40.70487],[-83.99408,40.70389],[-83.99407,40.70328],[-83.99408,40.70304],[-83.99407,40.70226],[-83.99407,40.70198],[-83.99408,40.70164],[-83.99386,40.69895],[-83.99385,40.69489],[-83.99384,40.68985],[-83.99384,40.68862],[-83.99384,40.68769],[-83.99389,40.68055],[-83.99394,40.67312],[-83.99407,40.66224],[-83.99411,40.65858],[-83.99407,40.65133],[-83.99407,40.65019],[-83.99406,40.64877],[-83.99406,40.64868],[-83.99406,40.64862],[-83.99408,40.64764],[-83.99408,40.64705],[-83.99409,40.6464],[-83.99409,40.6459],[-83.99408,40.64525],[-83.99408,40.64413],[-83.98883,40.64414],[-83.98521,40.64415],[-83.98296,40.64416],[-83.97911,40.64418],[-83.97621,40.64419],[-83.97576,40.64419],[-83.97549,40.6442],[-83.97548,40.6442],[-83.97521,40.6442],[-83.97464,40.6442],[-83.9736,40.64421],[-83.9713,40.64422],[-83.97087,40.64422],[-83.97085,40.64422],[-83.97032,40.64422],[-83.96899,40.64423],[-83.96579,40.64424],[-83.96498,40.64425],[-83.96461,40.64425],[-83.96277,40.64426],[-83.9618,40.64426],[-83.95885,40.64427],[-83.95711,40.64428],[-83.95659,40.64428],[-83.95598,40.64429],[-83.95273,40.64432],[-83.95269,40.64432],[-83.95262,40.64432],[-83.95166,40.64433],[-83.95155,40.64433],[-83.95136,40.64434],[-83.94939,40.64436],[-83.94561,40.6444],[-83.94545,40.64439],[-83.9452,40.64439],[-83.9449,40.64439],[-83.94446,40.6444],[-83.94383,40.6444],[-83.94225,40.64442],[-83.94222,40.64442],[-83.93805,40.64445],[-83.93762,40.64446],[-83.93747,40.64446],[-83.93736,40.64446],[-83.93693,40.64446],[-83.92973,40.64453],[-83.92971,40.64453],[-83.92715,40.6445],[-83.91835,40.64453],[-83.91338,40.64455],[-83.89925,40.64467],[-83.88692,40.64469],[-83.88019,40.64469],[-83.88019,40.64986],[-83.88017,40.65227],[-83.88017,40.65231],[-83.88016,40.65278],[-83.88016,40.65374],[-83.88016,40.65408],[-83.88016,40.65415],[-83.88016,40.65425],[-83.88016,40.65427],[-83.88016,40.65431],[-83.88015,40.65576],[-83.88014,40.65616],[-83.88012,40.6574],[-83.88012,40.65749],[-83.88012,40.65763],[-83.88012,40.65769],[-83.88012,40.65771],[-83.88012,40.65798],[-83.88012,40.65816],[-83.88012,40.65817],[-83.88009,40.66067],[-83.88008,40.66201],[-83.88008,40.66337],[-83.88008,40.66349],[-83.88008,40.66359],[-83.88008,40.66398],[-83.8801,40.66597],[-83.8801,40.66599],[-83.88009,40.66794],[-83.88008,40.66836],[-83.88008,40.66869],[-83.88008,40.6687],[-83.88006,40.66996],[-83.88006,40.67151],[-83.88005,40.6739],[-83.88005,40.67449],[-83.88005,40.6746],[-83.88006,40.67787],[-83.88005,40.67971],[-83.88005,40.67991],[-83.88005,40.68012],[-83.88005,40.68136],[-83.88005,40.68148],[-83.88005,40.68168],[-83.88005,40.68187],[-83.88004,40.68362],[-83.88003,40.68465],[-83.88003,40.68562],[-83.88001,40.68898],[-83.88001,40.68919],[-83.88001,40.6894],[-83.88001,40.68941],[-83.88001,40.68943],[-83.88001,40.68945],[-83.88001,40.68963],[-83.88001,40.69134],[-83.88001,40.69157],[-83.88,40.69288],[-83.87999,40.6934],[-83.87999,40.69346],[-83.87999,40.69541],[-83.88,40.69598],[-83.88,40.69599],[-83.88,40.69601],[-83.88,40.69603],[-83.88,40.69607],[-83.88,40.69612],[-83.88,40.69741],[-83.88,40.6978],[-83.88,40.69783],[-83.88,40.69934],[-83.87999,40.69968],[-83.87998,40.70124],[-83.87999,40.70326],[-83.87999,40.70329],[-83.87998,40.70384],[-83.87998,40.70387],[-83.87995,40.70685],[-83.87995,40.70697],[-83.87994,40.71073],[-83.87994,40.71077],[-83.87994,40.71093],[-83.87992,40.71294],[-83.87992,40.71297],[-83.87992,40.71299],[-83.87992,40.71301],[-83.87992,40.71303],[-83.87992,40.71304],[-83.87992,40.71311],[-83.87992,40.71343],[-83.87992,40.71536],[-83.87989,40.71738],[-83.87989,40.71784],[-83.87989,40.71852],[-83.87989,40.71857],[-83.87989,40.7191],[-83.87989,40.71924],[-83.87989,40.71966],[-83.87988,40.72119],[-83.87986,40.72313],[-83.87983,40.72883],[-83.87983,40.72904],[-83.87984,40.73147],[-83.87984,40.7317],[-83.87984,40.73173],[-83.87984,40.73174],[-83.87983,40.73242],[-83.87983,40.73244],[-83.88007,40.73243],[-83.88056,40.73243],[-83.88086,40.73243],[-83.88249,40.73243],[-83.88573,40.73243],[-83.8858,40.73243],[-83.89042,40.73241],[-83.89561,40.73239],[-83.89676,40.73237],[-83.89745,40.73237],[-83.89894,40.73236],[-83.89922,40.73235],[-83.90061,40.73235],[-83.90127,40.73234],[-83.90252,40.73233],[-83.90566,40.73231],[-83.90608,40.73231],[-83.90842,40.73228],[-83.90933,40.73225],[-83.91143,40.73223],[-83.91487,40.73219],[-83.92526,40.73204],[-83.92782,40.732],[-83.92936,40.73198],[-83.93262,40.73193],[-83.93325,40.73192],[-83.9343,40.7319],[-83.93749,40.73186],[-83.93796,40.73186],[-83.93815,40.73185],[-83.93841,40.73185],[-83.93994,40.73183],[-83.94071,40.73182],[-83.94092,40.73181],[-83.94169,40.7318],[-83.94449,40.73177],[-83.9456,40.73175],[-83.95067,40.73169],[-83.95232,40.73167],[-83.95256,40.73166],[-83.95406,40.73164],[-83.95473,40.73164],[-83.95695,40.73161],[-83.95757,40.7316],[-83.95883,40.73158],[-83.96091,40.73156],[-83.96149,40.73155],[-83.96303,40.73153],[-83.9658,40.7315],[-83.96925,40.73146],[-83.97087,40.73144],[-83.9723,40.73143],[-83.97361,40.7314],[-83.97555,40.73138],[-83.97579,40.73138],[-83.9771,40.73137],[-83.97884,40.73132],[-83.98041,40.73132],[-83.98205,40.73128],[-83.9823,40.73128],[-83.98282,40.73128],[-83.98477,40.73125],[-83.99413,40.73113],[-83.99413,40.73025],[-83.99413,40.72885],[-83.99413,40.72813],[-83.99413,40.72753],[-83.99417,40.72683]]]}},{"type":"Feature","properties":{"GEOID":"39003011600","NAME":"Census Tract 116","BASENAME":"116","POP100":2579,"HU100":1211,"AREALAND":83471055,"CENTLAT":"+40.6841820","CENTLON":"-084.0463859"},"geometry":{"type":"Polygon","coordinates":[[[-84.10822,40.69864],[-84.10822,40.69861],[-84.10822,40.6985],[-84.10821,40.69776],[-84.10821,40.69744],[-84.10821,40.69724],[-84.10821,40.69683],[-84.1082,40.69628],[-84.1082,40.69575],[-84.1082,40.69528],[-84.1082,40.69513],[-84.1082,40.69508],[-84.1082,40.69506],[-84.1082,40.69422],[-84.10819,40.69362],[-84.10819,40.69087],[-84.10819,40.68982],[-84.10819,40.68977],[-84.10818,40.68913],[-84.10818,40.68877],[-84.10817,40.68841],[-84.10818,40.68804],[-84.10817,40.68767],[-84.10817,40.687],[-84.10818,40.68667],[-84.10817,40.68651],[-84.10817,40.68639],[-84.10817,40.68616],[-84.10817,40.68602],[-84.10817,40.68588],[-84.10817,40.68582],[-84.10817,40.68525],[-84.10816,40.68499],[-84.10816,40.68462],[-84.10815,40.68433],[-84.10815,40.68404],[-84.10814,40.68374],[-84.10814,40.68345],[-84.10814,40.68315],[-84.10814,40.68298],[-84.10814,40.68291],[-84.10814,40.68285],[-84.10815,40.68254],[-84.10816,40.68228],[-84.10816,40.68214],[-84.10816,40.682],[-84.10816,40.68189],[-84.10815,40.68146],[-84.10815,40.68122],[-84.10815,40.68098],[-84.10814,40.68056],[-84.10815,40.6804],[-84.10814,40.68026],[-84.10814,40.68012],[-84.10814,40.67978],[-84.10815,40.67944],[-84.10814,40.67913],[-84.10813,40.67877],[-84.10813,40.6784],[-84.10812,40.67755],[-84.10811,40.67743],[-84.10811,40.67707],[-84.10811,40.6765],[-84.1081,40.67607],[-84.1081,40.67595],[-84.10809,40.67509],[-84.10807,40.67469],[-84.10807,40.67463],[-84.10807,40.67442],[-84.10808,40.67421],[-84.10807,40.67398],[-84.10807,40.67371],[-84.10807,40.67326],[-84.10807,40.6731],[-84.10807,40.6727],[-84.10806,40.67224],[-84.10804,40.67139],[-84.10805,40.67096],[-84.10803,40.67065],[-84.10804,40.66997],[-84.10803,40.66944],[-84.10798,40.66709],[-84.10796,40.66573],[-84.10795,40.66488],[-84.10794,40.66325],[-84.10794,40.66217],[-84.10794,40.66181],[-84.10793,40.66109],[-84.10792,40.66096],[-84.10792,40.66014],[-84.10792,40.65961],[-84.10791,40.65794],[-84.10789,40.65699],[-84.10789,40.65645],[-84.10788,40.65624],[-84.10787,40.65603],[-84.10787,40.65573],[-84.10785,40.65491],[-84.10786,40.65442],[-84.10787,40.6537],[-84.10787,40.65337],[-84.10787,40.65288],[-84.10787,40.65254],[-84.10786,40.65248],[-84.10785,40.65171],[-84.10785,40.65149],[-84.10785,40.65117],[-84.10785,40.65112],[-84.10785,40.65108],[-84.10785,40.65053],[-84.10784,40.65021],[-84.10784,40.65015],[-84.10782,40.64856],[-84.10781,40.64803],[-84.10781,40.64677],[-84.10781,40.64514],[-84.10781,40.64483],[-84.10781,40.64458],[-84.10781,40.64437],[-84.10781,40.64421],[-84.1078,40.64412],[-84.10779,40.6438],[-84.10779,40.64307],[-84.0994,40.64322],[-84.08979,40.6434],[-84.08976,40.6434],[-84.08457,40.64346],[-84.08135,40.6435],[-84.07896,40.64353],[-84.0784,40.64353],[-84.07826,40.64353],[-84.07808,40.64353],[-84.07775,40.64354],[-84.07741,40.64356],[-84.07724,40.64357],[-84.07619,40.64357],[-84.07532,40.6436],[-84.07461,40.64361],[-84.07057,40.64365],[-84.06524,40.64374],[-84.0647,40.64375],[-84.06256,40.64378],[-84.06167,40.6438],[-84.06098,40.6438],[-84.05531,40.6438],[-84.04924,40.64385],[-84.04654,40.64395],[-84.03918,40.64395],[-84.03849,40.64397],[-84.03222,40.64405],[-84.03219,40.64406],[-84.03216,40.64406],[-84.03212,40.64406],[-84.03209,40.64406],[-84.03203,40.64406],[-84.03192,40.64406],[-84.03147,40.64405],[-84.03025,40.64405],[-84.02903,40.64405],[-84.02768,40.64406],[-84.0267,40.64406],[-84.02524,40.64407],[-84.02458,40.64407],[-84.02376,40.64407],[-84.02291,40.64407],[-84.02177,40.64407],[-84.02103,40.64408],[-84.02061,40.64407],[-84.02007,40.64407],[-84.01952,40.64408],[-84.01897,40.64407],[-84.01842,40.64407],[-84.01787,40.64407],[-84.01732,40.64407],[-84.01677,40.64408],[-84.01585,40.64408],[-84.01314,40.64408],[-84.01213,40.64409],[-84.01171,40.64409],[-84.01096,40.64409],[-84.01087,40.64409],[-84.01001,40.64408],[-84.00915,40.64408],[-84.00884,40.64408],[-84.00827,40.64409],[-84.00744,40.64409],[-84.00728,40.64409],[-84.0066,40.64409],[-84.00576,40.64409],[-84.0049,40.64408],[-84.00426,40.64409],[-84.00319,40.64409],[-84.00242,40.6441],[-84.0018,40.6441],[-84.00057,40.6441],[-83.9992,40.64411],[-83.99668,40.64412],[-83.99559,40.64412],[-83.99518,40.64413],[-83.99408,40.64413],[-83.99408,40.64525],[-83.99409,40.6459],[-83.99409,40.6464],[-83.99408,40.64705],[-83.99408,40.64764],[-83.99406,40.64862],[-83.99406,40.64868],[-83.99406,40.64877],[-83.99407,40.65019],[-83.99407,40.65133],[-83.99411,40.65858],[-83.99407,40.66224],[-83.99394,40.67312],[-83.99389,40.68055],[-83.99384,40.68769],[-83.99384,40.68862],[-83.99384,40.68985],[-83.99385,40.69489],[-83.99386,40.69895],[-83.99408,40.70164],[-83.99407,40.70198],[-83.99407,40.70226],[-83.99408,40.70304],[-83.99407,40.70328],[-83.99408,40.70389],[-83.99407,40.70487],[-83.99408,40.70567],[-83.99407,40.70578],[-83.99407,40.70617],[-83.99407,40.70644],[-83.99406,40.70696],[-83.99406,40.70865],[-83.99406,40.70906],[-83.99407,40.70949],[-83.99407,40.70979],[-83.99411,40.71126],[-83.99411,40.71188],[-83.99411,40.71297],[-83.99412,40.71377],[-83.99412,40.71433],[-83.99412,40.71486],[-83.99411,40.71576],[-83.99411,40.71605],[-83.99411,40.71625],[-83.99412,40.71665],[-83.99411,40.71678],[-83.99411,40.71685],[-83.99412,40.71694],[-83.99412,40.71708],[-83.99412,40.71747],[-83.99414,40.71906],[-83.99415,40.72131],[-83.99415,40.72156],[-83.99415,40.72174],[-83.99415,40.72212],[-83.99415,40.7224],[-83.99414,40.72256],[-83.99413,40.72299],[-83.99414,40.72342],[-83.99413,40.72384],[-83.99414,40.72404],[-83.99414,40.72426],[-83.99415,40.72469],[-83.99415,40.72511],[-83.99416,40.72555],[-83.99416,40.72608],[-83.99416,40.72641],[-83.99417,40.72683],[-83.99413,40.72753],[-83.99413,40.72813],[-83.99413,40.72885],[-83.99413,40.73025],[-83.99413,40.73113],[-83.99836,40.73113],[-83.99862,40.73112],[-84.00047,40.73112],[-84.00322,40.73112],[-84.00359,40.73112],[-84.00372,40.73112],[-84.01317,40.73112],[-84.01325,40.73113],[-84.02115,40.73112],[-84.02168,40.73112],[-84.02396,40.73112],[-84.02564,40.73113],[-84.02584,40.73114],[-84.02896,40.73113],[-84.0304,40.73113],[-84.03223,40.73112],[-84.03335,40.73112],[-84.03366,40.73112],[-84.03575,40.73109],[-84.03583,40.7311],[-84.03592,40.73109],[-84.03759,40.7311],[-84.03855,40.73108],[-84.03866,40.73108],[-84.03922,40.73107],[-84.04042,40.73106],[-84.04086,40.73105],[-84.04121,40.73104],[-84.0432,40.73102],[-84.04345,40.73101],[-84.04357,40.73101],[-84.04565,40.731],[-84.04589,40.73102],[-84.04629,40.73101],[-84.04655,40.73101],[-84.04682,40.73101],[-84.04747,40.73101],[-84.0502,40.73099],[-84.05061,40.73099],[-84.05147,40.73099],[-84.05165,40.73098],[-84.05169,40.73098],[-84.05417,40.73096],[-84.05471,40.73096],[-84.05741,40.73091],[-84.06082,40.73085],[-84.06169,40.73083],[-84.06364,40.73082],[-84.06384,40.73082],[-84.06503,40.73079],[-84.06504,40.73079],[-84.06558,40.73078],[-84.06694,40.73076],[-84.06841,40.73075],[-84.06962,40.73075],[-84.07073,40.73073],[-84.0708,40.73073],[-84.07089,40.73073],[-84.07203,40.73071],[-84.07331,40.73072],[-84.07443,40.73071],[-84.07525,40.73069],[-84.07525,40.7306],[-84.07536,40.73059],[-84.07541,40.73059],[-84.07564,40.73059],[-84.07565,40.73041],[-84.07552,40.72591],[-84.0755,40.72326],[-84.07549,40.72305],[-84.07542,40.72058],[-84.07539,40.71733],[-84.07539,40.71721],[-84.07539,40.71709],[-84.07539,40.71706],[-84.0754,40.71654],[-84.07541,40.71578],[-84.07538,40.71418],[-84.07533,40.70965],[-84.07532,40.70946],[-84.07533,40.70882],[-84.07532,40.70784],[-84.07532,40.70722],[-84.07532,40.70621],[-84.07532,40.70526],[-84.07532,40.70455],[-84.07533,40.704],[-84.07536,40.70373],[-84.07541,40.70347],[-84.07547,40.70321],[-84.07554,40.70297],[-84.07567,40.7027],[-84.07577,40.70248],[-84.07586,40.70227],[-84.07609,40.7019],[-84.07621,40.70173],[-84.07639,40.70152],[-84.07655,40.70134],[-84.07687,40.70102],[-84.07721,40.70072],[-84.07735,40.70062],[-84.07767,40.7004],[-84.07794,40.70023],[-84.07839,40.69998],[-84.07864,40.69987],[-84.07902,40.69972],[-84.0793,40.69962],[-84.07964,40.6995],[-84.07998,40.69942],[-84.08034,40.69933],[-84.08069,40.69927],[-84.08105,40.69921],[-84.08126,40.69919],[-84.08165,40.69917],[-84.08186,40.69916],[-84.08239,40.69914],[-84.08277,40.69913],[-84.08308,40.69913],[-84.08401,40.69912],[-84.08447,40.69911],[-84.08493,40.69911],[-84.08512,40.69911],[-84.08534,40.69911],[-84.08645,40.69912],[-84.08987,40.69905],[-84.09128,40.69906],[-84.09178,40.69906],[-84.09238,40.69908],[-84.09257,40.69909],[-84.09269,40.69909],[-84.0946,40.69905],[-84.09484,40.69904],[-84.0953,40.69904],[-84.09674,40.69902],[-84.09909,40.69901],[-84.1,40.69901],[-84.10079,40.699],[-84.1012,40.699],[-84.10172,40.699],[-84.10226,40.69899],[-84.1028,40.69899],[-84.10334,40.69899],[-84.10498,40.69897],[-84.10552,40.69896],[-84.10606,40.69896],[-84.1066,40.69896],[-84.10709,40.69894],[-84.10759,40.69891],[-84.10781,40.69889],[-84.10805,40.69886],[-84.10822,40.69884],[-84.10822,40.69864]]]}},{"type":"Feature","properties":{"GEOID":"39003011800","NAME":"Census Tract 118","BASENAME":"118","POP100":2298,"HU100":1079,"AREALAND":9744853,"CENTLAT":"+40.7183887","CENTLON":"-084.1397803"},"geometry":{"type":"Polygon","coordinates":[[[-84.17945,40.71975],[-84.17944,40.71962],[-84.1794,40.71949],[-84.17935,40.71935],[-84.17929,40.71919],[-84.17921,40.71907],[-84.17906,40.71893],[-84.17882,40.71875],[-84.17855,40.71861],[-84.17835,40.71853],[-84.17819,40.71844],[-84.17805,40.71833],[-84.17794,40.71824],[-84.17785,40.7182],[-84.17774,40.71817],[-84.17764,40.71815],[-84.17748,40.71812],[-84.17728,40.71811],[-84.17701,40.71809],[-84.17674,40.71803],[-84.17652,40.71796],[-84.17632,40.71788],[-84.17628,40.71787],[-84.17618,40.71781],[-84.17606,40.71773],[-84.17591,40.71764],[-84.17576,40.71757],[-84.17565,40.71754],[-84.17555,40.71754],[-84.17534,40.71754],[-84.17522,40.71752],[-84.17514,40.71753],[-84.17505,40.71755],[-84.175,40.71758],[-84.17486,40.71767],[-84.17465,40.7177],[-84.1742,40.71774],[-84.17385,40.71776],[-84.17292,40.71785],[-84.17253,40.71787],[-84.17234,40.71787],[-84.17226,40.71786],[-84.1722,40.71784],[-84.17215,40.71782],[-84.17208,40.7178],[-84.17198,40.71779],[-84.1719,40.71778],[-84.17181,40.71773],[-84.17171,40.71767],[-84.17165,40.71764],[-84.17162,40.71763],[-84.17155,40.71763],[-84.17147,40.71763],[-84.17141,40.7176],[-84.17125,40.71753],[-84.17114,40.71746],[-84.17105,40.71742],[-84.17094,40.71735],[-84.17076,40.71724],[-84.1705,40.71709],[-84.17019,40.71695],[-84.17007,40.71689],[-84.16991,40.71685],[-84.16975,40.71684],[-84.16966,40.71682],[-84.16963,40.71679],[-84.16963,40.71675],[-84.16966,40.71669],[-84.1697,40.71657],[-84.16973,40.71646],[-84.16973,40.71639],[-84.1697,40.71633],[-84.16968,40.71616],[-84.16965,40.7161],[-84.16956,40.71603],[-84.16949,40.716],[-84.16935,40.71597],[-84.1691,40.71595],[-84.16894,40.71593],[-84.16868,40.71587],[-84.16854,40.71583],[-84.16842,40.71579],[-84.16832,40.71569],[-84.16822,40.71563],[-84.16812,40.71555],[-84.16802,40.7155],[-84.1679,40.7155],[-84.16765,40.71546],[-84.16752,40.71546],[-84.16742,40.71548],[-84.1673,40.71553],[-84.16717,40.71561],[-84.16706,40.71567],[-84.16697,40.71574],[-84.16686,40.71583],[-84.16655,40.71625],[-84.16644,40.71653],[-84.16632,40.71685],[-84.16615,40.71705],[-84.166,40.71717],[-84.16588,40.71725],[-84.16578,40.71731],[-84.16567,40.71736],[-84.16554,40.7174],[-84.16553,40.7174],[-84.16531,40.7175],[-84.16509,40.71756],[-84.16502,40.71759],[-84.16497,40.7176],[-84.1649,40.71759],[-84.16466,40.7176],[-84.16437,40.71761],[-84.16413,40.71762],[-84.16407,40.71761],[-84.16403,40.71759],[-84.16402,40.71757],[-84.164,40.71755],[-84.16397,40.71754],[-84.16385,40.71754],[-84.16382,40.71755],[-84.16379,40.71758],[-84.16377,40.71759],[-84.16371,40.71761],[-84.1636,40.71763],[-84.16352,40.71764],[-84.16346,40.71764],[-84.16341,40.71762],[-84.16333,40.71761],[-84.16321,40.71761],[-84.16313,40.71761],[-84.16306,40.71762],[-84.16301,40.71763],[-84.16294,40.71765],[-84.16278,40.71768],[-84.16269,40.71768],[-84.16255,40.71767],[-84.16237,40.71768],[-84.16191,40.71765],[-84.1614,40.71762],[-84.16111,40.71759],[-84.16083,40.71758],[-84.16054,40.71755],[-84.16032,40.71752],[-84.16017,40.71746],[-84.15994,40.71735],[-84.15973,40.71723],[-84.15955,40.7171],[-84.15948,40.71704],[-84.15942,40.71696],[-84.15933,40.71676],[-84.15929,40.71659],[-84.1593,40.71646],[-84.15932,40.71634],[-84.15936,40.71628],[-84.15951,40.71608],[-84.15955,40.71597],[-84.1596,40.71582],[-84.15964,40.71566],[-84.15967,40.71546],[-84.15966,40.71539],[-84.15962,40.71525],[-84.15955,40.71512],[-84.15949,40.71503],[-84.15939,40.71496],[-84.15926,40.71483],[-84.15917,40.71478],[-84.15908,40.71474],[-84.15889,40.71463],[-84.15881,40.71457],[-84.15861,40.71444],[-84.15847,40.71436],[-84.15831,40.71427],[-84.15817,40.71419],[-84.15802,40.71408],[-84.15793,40.71402],[-84.15774,40.71388],[-84.15757,40.71373],[-84.15742,40.71359],[-84.15735,40.71347],[-84.15725,40.71333],[-84.15714,40.71321],[-84.15701,40.71304],[-84.15689,40.7129],[-84.15682,40.71282],[-84.15665,40.71264],[-84.15651,40.71248],[-84.15641,40.71235],[-84.15634,40.71222],[-84.15628,40.71212],[-84.15626,40.71203],[-84.15623,40.71192],[-84.15619,40.71171],[-84.15611,40.71154],[-84.15606,40.71144],[-84.15595,40.71135],[-84.15587,40.71133],[-84.15577,40.71129],[-84.15567,40.71127],[-84.15559,40.71126],[-84.15547,40.71124],[-84.15535,40.71123],[-84.15527,40.71124],[-84.15519,40.71126],[-84.15514,40.7113],[-84.15506,40.71131],[-84.1549,40.71133],[-84.15465,40.71133],[-84.15451,40.71132],[-84.15441,40.7113],[-84.1542,40.71122],[-84.15392,40.7111],[-84.15366,40.71104],[-84.15338,40.71097],[-84.15317,40.71094],[-84.1531,40.7109],[-84.15306,40.71086],[-84.15303,40.71074],[-84.153,40.71059],[-84.153,40.7104],[-84.15302,40.7103],[-84.15305,40.71024],[-84.15309,40.71016],[-84.15315,40.71001],[-84.15328,40.70979],[-84.15336,40.70965],[-84.15346,40.70951],[-84.15357,40.7094],[-84.1537,40.7093],[-84.15384,40.7092],[-84.15395,40.70912],[-84.15402,40.70908],[-84.15409,40.70906],[-84.1542,40.70907],[-84.1543,40.70909],[-84.15439,40.70911],[-84.15445,40.70911],[-84.1545,40.70908],[-84.15455,40.70906],[-84.15463,40.70903],[-84.15471,40.70901],[-84.15485,40.70895],[-84.15492,40.70888],[-84.15504,40.7087],[-84.15508,40.70861],[-84.15512,40.70849],[-84.15516,40.70832],[-84.15517,40.70821],[-84.1551,40.70811],[-84.15503,40.70805],[-84.15481,40.70797],[-84.15466,40.70795],[-84.15451,40.70794],[-84.15433,40.70795],[-84.15419,40.70794],[-84.15412,40.70792],[-84.15406,40.70787],[-84.15404,40.70781],[-84.15402,40.70772],[-84.15401,40.70756],[-84.15399,40.70732],[-84.15399,40.70709],[-84.15406,40.70692],[-84.15412,40.7067],[-84.15417,40.7065],[-84.1542,40.70634],[-84.15419,40.70625],[-84.15414,40.70618],[-84.15403,40.7061],[-84.15393,40.70602],[-84.15389,40.70594],[-84.15372,40.70589],[-84.15351,40.70585],[-84.15321,40.70581],[-84.15303,40.70581],[-84.15281,40.70585],[-84.15264,40.70592],[-84.15235,40.70601],[-84.15217,40.70605],[-84.15185,40.70607],[-84.1517,40.70611],[-84.15163,40.70617],[-84.15158,40.70621],[-84.15154,40.70625],[-84.15149,40.7063],[-84.15146,40.70576],[-84.14994,40.7058],[-84.14895,40.70581],[-84.14817,40.70583],[-84.14714,40.70586],[-84.14684,40.7059],[-84.14657,40.70594],[-84.14634,40.70598],[-84.14618,40.70602],[-84.14599,40.70607],[-84.14578,40.70613],[-84.1456,40.7062],[-84.14543,40.70627],[-84.14513,40.70639],[-84.14365,40.70714],[-84.14328,40.70733],[-84.14288,40.70752],[-84.14284,40.70753],[-84.14225,40.70777],[-84.14194,40.70787],[-84.14146,40.70802],[-84.14105,40.70815],[-84.14054,40.70832],[-84.14046,40.70835],[-84.14035,40.7084],[-84.14014,40.7085],[-84.13991,40.70864],[-84.13985,40.70859],[-84.13975,40.70853],[-84.13963,40.70849],[-84.13948,40.70845],[-84.13931,40.70844],[-84.13914,40.70844],[-84.13893,40.70845],[-84.13844,40.70847],[-84.1379,40.70849],[-84.13736,40.7085],[-84.13681,40.70851],[-84.13627,40.70852],[-84.1359,40.70853],[-84.13575,40.70853],[-84.13468,40.70856],[-84.13415,40.70858],[-84.1338,40.70858],[-84.13347,40.70859],[-84.1327,40.7086],[-84.13194,40.70861],[-84.13121,40.70863],[-84.13036,40.70864],[-84.12991,40.70865],[-84.12986,40.70865],[-84.12937,40.70865],[-84.12903,40.70865],[-84.12875,40.70865],[-84.12828,40.70866],[-84.12821,40.70866],[-84.12804,40.70866],[-84.12767,40.70866],[-84.12684,40.70865],[-84.12522,40.70863],[-84.12331,40.70861],[-84.12281,40.7086],[-84.12257,40.70859],[-84.12239,40.70859],[-84.12183,40.70859],[-84.12153,40.70858],[-84.12105,40.70858],[-84.1204,40.70857],[-84.11957,40.70857],[-84.11915,40.70856],[-84.1185,40.70855],[-84.11838,40.70857],[-84.11825,40.70858],[-84.11806,40.70858],[-84.11772,40.70857],[-84.11718,40.70856],[-84.1168,40.70855],[-84.11661,40.70855],[-84.1161,40.70854],[-84.11558,40.70853],[-84.11529,40.70853],[-84.11473,40.70853],[-84.11415,40.70851],[-84.11373,40.70851],[-84.11307,40.7085],[-84.11285,40.7085],[-84.11238,40.7085],[-84.11183,40.7085],[-84.11162,40.7085],[-84.11122,40.7085],[-84.10988,40.70851],[-84.10932,40.70851],[-84.10829,40.70853],[-84.1083,40.7095],[-84.1083,40.71058],[-84.10831,40.71181],[-84.10832,40.71301],[-84.10832,40.71307],[-84.10833,40.7143],[-84.10834,40.71467],[-84.10834,40.71481],[-84.10834,40.71553],[-84.10834,40.71579],[-84.10834,40.71584],[-84.10834,40.71598],[-84.10832,40.71607],[-84.10829,40.71624],[-84.10826,40.71634],[-84.1082,40.71647],[-84.10812,40.71661],[-84.10803,40.71677],[-84.10834,40.71678],[-84.10846,40.71678],[-84.1086,40.71675],[-84.10868,40.71672],[-84.1088,40.71664],[-84.10897,40.71652],[-84.10912,40.71642],[-84.10932,40.71629],[-84.10958,40.71617],[-84.10975,40.71609],[-84.11006,40.71598],[-84.1102,40.71595],[-84.1104,40.7159],[-84.11047,40.71589],[-84.11052,40.71588],[-84.11064,40.71586],[-84.11092,40.71582],[-84.11101,40.71582],[-84.11117,40.71581],[-84.11181,40.7158],[-84.11264,40.7158],[-84.11286,40.7158],[-84.11302,40.7158],[-84.11315,40.7158],[-84.11328,40.7158],[-84.11361,40.7158],[-84.11397,40.7158],[-84.11508,40.71581],[-84.1143,40.7175],[-84.11403,40.71807],[-84.1139,40.71836],[-84.11388,40.71841],[-84.11353,40.71915],[-84.11335,40.71956],[-84.11329,40.71976],[-84.11329,40.71991],[-84.11327,40.72019],[-84.11326,40.72077],[-84.11327,40.7219],[-84.11327,40.7221],[-84.11327,40.72219],[-84.11327,40.72265],[-84.11327,40.72395],[-84.11327,40.72412],[-84.11327,40.72414],[-84.11327,40.72425],[-84.11461,40.72435],[-84.11471,40.72435],[-84.11865,40.7246],[-84.12384,40.72493],[-84.12433,40.72503],[-84.12481,40.72507],[-84.12563,40.72514],[-84.12569,40.72514],[-84.12584,40.72516],[-84.12584,40.72518],[-84.12583,40.72536],[-84.12582,40.72559],[-84.12576,40.72599],[-84.12573,40.7262],[-84.12568,40.7268],[-84.12563,40.72741],[-84.12556,40.72765],[-84.12546,40.72802],[-84.12538,40.72817],[-84.12502,40.72862],[-84.12465,40.72891],[-84.12405,40.72939],[-84.12288,40.73037],[-84.12309,40.73037],[-84.12252,40.7308],[-84.12249,40.73083],[-84.12244,40.73085],[-84.12238,40.73088],[-84.12234,40.73091],[-84.12229,40.731],[-84.12227,40.73101],[-84.12224,40.73103],[-84.12218,40.73106],[-84.12214,40.7311],[-84.12212,40.73118],[-84.12209,40.73122],[-84.12203,40.73126],[-84.12194,40.73129],[-84.12183,40.73134],[-84.12171,40.7314],[-84.12162,40.73148],[-84.12152,40.73154],[-84.12148,40.73155],[-84.12142,40.73156],[-84.12135,40.73155],[-84.12129,40.73155],[-84.12125,40.73156],[-84.12107,40.73161],[-84.12088,40.73165],[-84.12082,40.73166],[-84.12076,40.73166],[-84.12072,40.73167],[-84.12067,40.73171],[-84.1206,40.73174],[-84.12054,40.73176],[-84.12048,40.73176],[-84.12034,40.73175],[-84.12024,40.73177],[-84.12017,40.73181],[-84.12012,40.73185],[-84.12007,40.73187],[-84.12,40.7319],[-84.11994,40.73191],[-84.11988,40.73192],[-84.1198,40.73193],[-84.11957,40.73202],[-84.11948,40.73206],[-84.11937,40.73215],[-84.11932,40.73218],[-84.11914,40.73225],[-84.11914,40.73286],[-84.11914,40.73348],[-84.11944,40.73349],[-84.1196,40.73348],[-84.11983,40.73347],[-84.11996,40.73345],[-84.12005,40.73343],[-84.12019,40.7334],[-84.12034,40.73333],[-84.12042,40.73329],[-84.12049,40.73322],[-84.12067,40.73303],[-84.12089,40.73278],[-84.12104,40.7326],[-84.1213,40.7323],[-84.12146,40.73214],[-84.12166,40.73196],[-84.12212,40.73151],[-84.1225,40.73114],[-84.12314,40.73061],[-84.12319,40.73057],[-84.12327,40.73052],[-84.12341,40.73046],[-84.12349,40.73044],[-84.12359,40.73041],[-84.12371,40.73038],[-84.12385,40.73037],[-84.12462,40.73037],[-84.12753,40.73038],[-84.13087,40.73041],[-84.1325,40.73041],[-84.13406,40.73041],[-84.13564,40.73042],[-84.13615,40.73042],[-84.13712,40.73042],[-84.1378,40.73042],[-84.13852,40.73041],[-84.13858,40.73041],[-84.13866,40.73041],[-84.13938,40.73041],[-84.14011,40.7304],[-84.14047,40.7304],[-84.14096,40.73041],[-84.14239,40.73042],[-84.14275,40.73041],[-84.14291,40.7304],[-84.14296,40.73039],[-84.14324,40.73034],[-84.14342,40.73029],[-84.14367,40.7302],[-84.14392,40.73008],[-84.14401,40.73002],[-84.14407,40.72999],[-84.14423,40.72989],[-84.14513,40.72921],[-84.14574,40.72875],[-84.14596,40.72859],[-84.14622,40.72838],[-84.14674,40.72798],[-84.14703,40.72775],[-84.14711,40.72769],[-84.14744,40.72745],[-84.14746,40.72743],[-84.14765,40.72729],[-84.14905,40.72622],[-84.15097,40.72616],[-84.15107,40.72616],[-84.15223,40.72612],[-84.15286,40.7261],[-84.16064,40.72583],[-84.16117,40.72582],[-84.16128,40.72582],[-84.16165,40.72582],[-84.16299,40.72578],[-84.16574,40.72569],[-84.16593,40.72569],[-84.16866,40.7256],[-84.17081,40.72553],[-84.17366,40.72543],[-84.17385,40.72542],[-84.17391,40.72531],[-84.17402,40.72506],[-84.17408,40.72487],[-84.17413,40.72456],[-84.17415,40.72422],[-84.17414,40.72381],[-84.17412,40.7235],[-84.17408,40.72339],[-84.17402,40.72332],[-84.17393,40.72324],[-84.17375,40.72306],[-84.17371,40.723],[-84.17371,40.72291],[-84.17374,40.72278],[-84.17376,40.72267],[-84.17379,40.72253],[-84.17385,40.72235],[-84.17397,40.72218],[-84.17406,40.72207],[-84.17418,40.72197],[-84.17428,40.72193],[-84.17445,40.72189],[-84.17462,40.72186],[-84.17484,40.72183],[-84.17508,40.72179],[-84.17534,40.72176],[-84.17566,40.72176],[-84.17635,40.72165],[-84.17658,40.72158],[-84.17684,40.7215],[-84.17716,40.7214],[-84.17757,40.72127],[-84.17773,40.72122],[-84.17783,40.72117],[-84.17792,40.72111],[-84.17799,40.72109],[-84.1781,40.72108],[-84.17821,40.72106],[-84.17828,40.72101],[-84.17839,40.72094],[-84.17857,40.7208],[-84.17878,40.72065],[-84.179,40.72048],[-84.17911,40.72039],[-84.1792,40.72032],[-84.17925,40.72024],[-84.17936,40.72001],[-84.17942,40.71988],[-84.17945,40.71975]]]}},{"type":"Feature","properties":{"GEOID":"39003011900","NAME":"Census Tract 119","BASENAME":"119","POP100":3089,"HU100":1398,"AREALAND":20896419,"CENTLAT":"+40.6830748","CENTLON":"-084.1303451"},"geometry":{"type":"Polygon","coordinates":[[[-84.16552,40.68711],[-84.16551,40.68636],[-84.1642,40.68636],[-84.16196,40.68636],[-84.16064,40.68637],[-84.16,40.68638],[-84.15956,40.68639],[-84.15829,40.6864],[-84.15678,40.68639],[-84.15597,40.68641],[-84.15584,40.68641],[-84.15471,40.68641],[-84.15465,40.68641],[-84.15369,40.68641],[-84.15115,40.68645],[-84.15114,40.68562],[-84.15114,40.68509],[-84.15113,40.68421],[-84.15112,40.68293],[-84.15113,40.68249],[-84.1511,40.68074],[-84.1511,40.68036],[-84.15109,40.67979],[-84.15108,40.67913],[-84.15108,40.6789],[-84.15105,40.67721],[-84.15104,40.6766],[-84.15103,40.67524],[-84.15101,40.67478],[-84.151,40.67381],[-84.15099,40.67298],[-84.15098,40.67246],[-84.15097,40.67174],[-84.15096,40.67106],[-84.15092,40.67018],[-84.15092,40.67001],[-84.15094,40.66973],[-84.15094,40.66944],[-84.15094,40.66935],[-84.15093,40.66744],[-84.15093,40.66696],[-84.15092,40.66622],[-84.15092,40.66601],[-84.15092,40.66589],[-84.15092,40.66584],[-84.15092,40.66544],[-84.15092,40.66495],[-84.15091,40.66458],[-84.1509,40.66379],[-84.1509,40.66346],[-84.1509,40.66286],[-84.15089,40.66216],[-84.15089,40.66172],[-84.15088,40.65919],[-84.15088,40.65731],[-84.15013,40.65733],[-84.14997,40.65733],[-84.14968,40.65733],[-84.14943,40.65734],[-84.14893,40.65734],[-84.14842,40.65735],[-84.14817,40.65735],[-84.14792,40.65735],[-84.14766,40.65735],[-84.14732,40.65736],[-84.14617,40.65737],[-84.14612,40.65737],[-84.14562,40.65737],[-84.14513,40.65738],[-84.14471,40.65738],[-84.14388,40.65739],[-84.14215,40.6574],[-84.14127,40.65741],[-84.14053,40.65744],[-84.13965,40.65748],[-84.13749,40.65751],[-84.13587,40.65754],[-84.13582,40.65754],[-84.13553,40.65755],[-84.13476,40.65755],[-84.13467,40.65755],[-84.13405,40.65753],[-84.13183,40.65763],[-84.13153,40.65764],[-84.13147,40.65764],[-84.13122,40.65764],[-84.1312,40.65764],[-84.13092,40.65764],[-84.12566,40.65765],[-84.12214,40.65765],[-84.10791,40.65794],[-84.10792,40.65961],[-84.10792,40.66014],[-84.10792,40.66096],[-84.10793,40.66109],[-84.10794,40.66181],[-84.10794,40.66217],[-84.10794,40.66325],[-84.10795,40.66488],[-84.10796,40.66573],[-84.10798,40.66709],[-84.10803,40.66944],[-84.10804,40.66997],[-84.10803,40.67065],[-84.10805,40.67096],[-84.10804,40.67139],[-84.10806,40.67224],[-84.10807,40.6727],[-84.10807,40.6731],[-84.10807,40.67326],[-84.10807,40.67371],[-84.10807,40.67398],[-84.10808,40.67421],[-84.10807,40.67442],[-84.10807,40.67463],[-84.10807,40.67469],[-84.10809,40.67509],[-84.1081,40.67595],[-84.1081,40.67607],[-84.10811,40.6765],[-84.10811,40.67707],[-84.10811,40.67743],[-84.10812,40.67755],[-84.10813,40.6784],[-84.10813,40.67877],[-84.10814,40.67913],[-84.10815,40.67944],[-84.10814,40.67978],[-84.10814,40.68012],[-84.10814,40.68026],[-84.10815,40.6804],[-84.10814,40.68056],[-84.10815,40.68098],[-84.10815,40.68122],[-84.10815,40.68146],[-84.10816,40.68189],[-84.10816,40.682],[-84.10816,40.68214],[-84.10816,40.68228],[-84.10815,40.68254],[-84.10814,40.68285],[-84.10814,40.68291],[-84.10814,40.68298],[-84.10814,40.68315],[-84.10814,40.68345],[-84.10814,40.68374],[-84.10815,40.68404],[-84.10815,40.68433],[-84.10816,40.68462],[-84.10816,40.68499],[-84.10817,40.68525],[-84.10817,40.68582],[-84.10817,40.68588],[-84.10817,40.68602],[-84.10817,40.68616],[-84.10817,40.68639],[-84.10817,40.68651],[-84.10818,40.68667],[-84.10817,40.687],[-84.10817,40.68767],[-84.10818,40.68804],[-84.10817,40.68841],[-84.10818,40.68877],[-84.10818,40.68913],[-84.10819,40.68977],[-84.10819,40.68982],[-84.10819,40.69087],[-84.10819,40.69362],[-84.1082,40.69422],[-84.1082,40.69506],[-84.1082,40.69508],[-84.1082,40.69513],[-84.1082,40.69528],[-84.1082,40.69575],[-84.1082,40.69628],[-84.10821,40.69683],[-84.10821,40.69724],[-84.10821,40.69744],[-84.10821,40.69776],[-84.10822,40.6985],[-84.10822,40.69861],[-84.10822,40.69864],[-84.10822,40.69884],[-84.10822,40.70117],[-84.10822,40.70222],[-84.10824,40.70355],[-84.10824,40.70437],[-84.10823,40.70522],[-84.10825,40.70606],[-84.10825,40.70688],[-84.10826,40.70734],[-84.10827,40.70769],[-84.10829,40.70853],[-84.10932,40.70851],[-84.10988,40.70851],[-84.11122,40.7085],[-84.11162,40.7085],[-84.11183,40.7085],[-84.11238,40.7085],[-84.11285,40.7085],[-84.11307,40.7085],[-84.11373,40.70851],[-84.11415,40.70851],[-84.11473,40.70853],[-84.11529,40.70853],[-84.11558,40.70853],[-84.1161,40.70854],[-84.11661,40.70855],[-84.1168,40.70855],[-84.11718,40.70856],[-84.11772,40.70857],[-84.11806,40.70858],[-84.11825,40.70858],[-84.11838,40.70857],[-84.1185,40.70855],[-84.11915,40.70856],[-84.11957,40.70857],[-84.1204,40.70857],[-84.12105,40.70858],[-84.12153,40.70858],[-84.12183,40.70859],[-84.12239,40.70859],[-84.12257,40.70859],[-84.12281,40.7086],[-84.12331,40.70861],[-84.12522,40.70863],[-84.12684,40.70865],[-84.12767,40.70866],[-84.12804,40.70866],[-84.12821,40.70866],[-84.12828,40.70866],[-84.12875,40.70865],[-84.12903,40.70865],[-84.12937,40.70865],[-84.12986,40.70865],[-84.12991,40.70865],[-84.13036,40.70864],[-84.13121,40.70863],[-84.13194,40.70861],[-84.1327,40.7086],[-84.13347,40.70859],[-84.1338,40.70858],[-84.13415,40.70858],[-84.13468,40.70856],[-84.13575,40.70853],[-84.1359,40.70853],[-84.13627,40.70852],[-84.13681,40.70851],[-84.13736,40.7085],[-84.1379,40.70849],[-84.13844,40.70847],[-84.13893,40.70845],[-84.13914,40.70844],[-84.13931,40.70844],[-84.13948,40.70845],[-84.13963,40.70849],[-84.13975,40.70853],[-84.13985,40.70859],[-84.13991,40.70864],[-84.14014,40.7085],[-84.14035,40.7084],[-84.14046,40.70835],[-84.14054,40.70832],[-84.14105,40.70815],[-84.14146,40.70802],[-84.14194,40.70787],[-84.14225,40.70777],[-84.14284,40.70753],[-84.14288,40.70752],[-84.14328,40.70733],[-84.14365,40.70714],[-84.14513,40.70639],[-84.14543,40.70627],[-84.1456,40.7062],[-84.14578,40.70613],[-84.14599,40.70607],[-84.14618,40.70602],[-84.14634,40.70598],[-84.14657,40.70594],[-84.14684,40.7059],[-84.14714,40.70586],[-84.14817,40.70583],[-84.14895,40.70581],[-84.14994,40.7058],[-84.15146,40.70576],[-84.15145,40.70463],[-84.15142,40.7019],[-84.15141,40.70139],[-84.15139,40.70047],[-84.15138,40.70036],[-84.15137,40.69915],[-84.15138,40.69876],[-84.15138,40.69858],[-84.15138,40.69829],[-84.15137,40.69801],[-84.15137,40.69771],[-84.15136,40.69711],[-84.15136,40.69681],[-84.15135,40.69651],[-84.15134,40.6962],[-84.15134,40.6959],[-84.15134,40.69581],[-84.15133,40.69571],[-84.15133,40.69557],[-84.1517,40.69534],[-84.15198,40.69517],[-84.15253,40.69485],[-84.15309,40.69451],[-84.16046,40.6901],[-84.16078,40.68991],[-84.16085,40.68987],[-84.16146,40.68952],[-84.16152,40.68949],[-84.16158,40.68945],[-84.16188,40.68928],[-84.16212,40.68914],[-84.16228,40.68904],[-84.1626,40.68885],[-84.16285,40.68871],[-84.163,40.68862],[-84.1632,40.6885],[-84.16341,40.68838],[-84.1638,40.68814],[-84.16479,40.68755],[-84.16513,40.68734],[-84.16552,40.68711]]]}},{"type":"Feature","properties":{"GEOID":"39003012000","NAME":"Census Tract 120","BASENAME":"120","POP100":2593,"HU100":1074,"AREALAND":6950538,"CENTLAT":"+40.7067486","CENTLON":"-084.1687346"},"geometry":{"type":"Polygon","coordinates":[[[-84.18672,40.72499],[-84.18667,40.72358],[-84.18666,40.72329],[-84.18662,40.72262],[-84.1852,40.72262],[-84.1852,40.72232],[-84.1852,40.7222],[-84.18519,40.72041],[-84.18517,40.71969],[-84.18516,40.71925],[-84.18515,40.71854],[-84.18514,40.71797],[-84.18514,40.71795],[-84.18514,40.71776],[-84.18514,40.71691],[-84.18515,40.71681],[-84.18515,40.71671],[-84.18514,40.71541],[-84.18513,40.71509],[-84.18513,40.71474],[-84.18511,40.71415],[-84.1851,40.71366],[-84.18511,40.71337],[-84.1851,40.7131],[-84.18509,40.7129],[-84.18509,40.71263],[-84.18508,40.71242],[-84.18508,40.71234],[-84.18505,40.71156],[-84.18504,40.71122],[-84.18501,40.71033],[-84.18502,40.70981],[-84.18502,40.70944],[-84.18501,40.70894],[-84.18501,40.70866],[-84.185,40.70851],[-84.185,40.70838],[-84.18499,40.70814],[-84.18499,40.70793],[-84.18499,40.70778],[-84.18498,40.70752],[-84.18497,40.70721],[-84.18496,40.7069],[-84.18496,40.70676],[-84.18496,40.70632],[-84.18495,40.70603],[-84.18495,40.70582],[-84.18494,40.70555],[-84.18494,40.70531],[-84.18493,40.70505],[-84.18492,40.70471],[-84.18492,40.7042],[-84.18492,40.70395],[-84.1849,40.70383],[-84.18489,40.70379],[-84.18489,40.7037],[-84.18486,40.70212],[-84.1827,40.70259],[-84.18263,40.7026],[-84.18256,40.70262],[-84.18209,40.70272],[-84.1809,40.70298],[-84.18064,40.70304],[-84.17969,40.70327],[-84.17872,40.70349],[-84.17709,40.70387],[-84.17669,40.70396],[-84.17534,40.70426],[-84.1753,40.70335],[-84.17529,40.70328],[-84.17529,40.70285],[-84.17528,40.70205],[-84.17527,40.70168],[-84.17527,40.701],[-84.17527,40.70095],[-84.17525,40.70019],[-84.17524,40.69935],[-84.17519,40.69799],[-84.17518,40.69735],[-84.17514,40.69577],[-84.1751,40.69357],[-84.16832,40.6936],[-84.1676,40.6936],[-84.16735,40.6936],[-84.16663,40.69361],[-84.16559,40.69361],[-84.16559,40.69309],[-84.16558,40.69305],[-84.16558,40.69289],[-84.16558,40.69255],[-84.16558,40.69235],[-84.16558,40.69233],[-84.16557,40.69202],[-84.16557,40.69173],[-84.16556,40.69134],[-84.16555,40.69068],[-84.16556,40.69002],[-84.16555,40.68991],[-84.16555,40.6893],[-84.16555,40.68905],[-84.16552,40.68756],[-84.16552,40.68711],[-84.16513,40.68734],[-84.16479,40.68755],[-84.1638,40.68814],[-84.16341,40.68838],[-84.1632,40.6885],[-84.163,40.68862],[-84.16285,40.68871],[-84.1626,40.68885],[-84.16228,40.68904],[-84.16212,40.68914],[-84.16188,40.68928],[-84.16158,40.68945],[-84.16152,40.68949],[-84.16146,40.68952],[-84.16085,40.68987],[-84.16078,40.68991],[-84.16046,40.6901],[-84.15309,40.69451],[-84.15253,40.69485],[-84.15198,40.69517],[-84.1517,40.69534],[-84.15133,40.69557],[-84.15133,40.69571],[-84.15134,40.69581],[-84.15134,40.6959],[-84.15134,40.6962],[-84.15135,40.69651],[-84.15136,40.69681],[-84.15136,40.69711],[-84.15137,40.69771],[-84.15137,40.69801],[-84.15138,40.69829],[-84.15138,40.69858],[-84.15138,40.69876],[-84.15137,40.69915],[-84.15138,40.70036],[-84.15139,40.70047],[-84.15141,40.70139],[-84.15142,40.7019],[-84.15145,40.70463],[-84.15146,40.70576],[-84.15149,40.7063],[-84.15154,40.70625],[-84.15158,40.70621],[-84.15163,40.70617],[-84.1517,40.70611],[-84.15185,40.70607],[-84.15217,40.70605],[-84.15235,40.70601],[-84.15264,40.70592],[-84.15281,40.70585],[-84.15303,40.70581],[-84.15321,40.70581],[-84.15351,40.70585],[-84.15372,40.70589],[-84.15389,40.70594],[-84.15393,40.70602],[-84.15403,40.7061],[-84.15414,40.70618],[-84.15419,40.70625],[-84.1542,40.70634],[-84.15417,40.7065],[-84.15412,40.7067],[-84.15406,40.70692],[-84.15399,40.70709],[-84.15399,40.70732],[-84.15401,40.70756],[-84.15402,40.70772],[-84.15404,40.70781],[-84.15406,40.70787],[-84.15412,40.70792],[-84.15419,40.70794],[-84.15433,40.70795],[-84.15451,40.70794],[-84.15466,40.70795],[-84.15481,40.70797],[-84.15503,40.70805],[-84.1551,40.70811],[-84.15517,40.70821],[-84.15516,40.70832],[-84.15512,40.70849],[-84.15508,40.70861],[-84.15504,40.7087],[-84.15492,40.70888],[-84.15485,40.70895],[-84.15471,40.70901],[-84.15463,40.70903],[-84.15455,40.70906],[-84.1545,40.70908],[-84.15445,40.70911],[-84.15439,40.70911],[-84.1543,40.70909],[-84.1542,40.70907],[-84.15409,40.70906],[-84.15402,40.70908],[-84.15395,40.70912],[-84.15384,40.7092],[-84.1537,40.7093],[-84.15357,40.7094],[-84.15346,40.70951],[-84.15336,40.70965],[-84.15328,40.70979],[-84.15315,40.71001],[-84.15309,40.71016],[-84.15305,40.71024],[-84.15302,40.7103],[-84.153,40.7104],[-84.153,40.71059],[-84.15303,40.71074],[-84.15306,40.71086],[-84.1531,40.7109],[-84.15317,40.71094],[-84.15338,40.71097],[-84.15366,40.71104],[-84.15392,40.7111],[-84.1542,40.71122],[-84.15441,40.7113],[-84.15451,40.71132],[-84.15465,40.71133],[-84.1549,40.71133],[-84.15506,40.71131],[-84.15514,40.7113],[-84.15519,40.71126],[-84.15527,40.71124],[-84.15535,40.71123],[-84.15547,40.71124],[-84.15559,40.71126],[-84.15567,40.71127],[-84.15577,40.71129],[-84.15587,40.71133],[-84.15595,40.71135],[-84.15606,40.71144],[-84.15611,40.71154],[-84.15619,40.71171],[-84.15623,40.71192],[-84.15626,40.71203],[-84.15628,40.71212],[-84.15634,40.71222],[-84.15641,40.71235],[-84.15651,40.71248],[-84.15665,40.71264],[-84.15682,40.71282],[-84.15689,40.7129],[-84.15701,40.71304],[-84.15714,40.71321],[-84.15725,40.71333],[-84.15735,40.71347],[-84.15742,40.71359],[-84.15757,40.71373],[-84.15774,40.71388],[-84.15793,40.71402],[-84.15802,40.71408],[-84.15817,40.71419],[-84.15831,40.71427],[-84.15847,40.71436],[-84.15861,40.71444],[-84.15881,40.71457],[-84.15889,40.71463],[-84.15908,40.71474],[-84.15917,40.71478],[-84.15926,40.71483],[-84.15939,40.71496],[-84.15949,40.71503],[-84.15955,40.71512],[-84.15962,40.71525],[-84.15966,40.71539],[-84.15967,40.71546],[-84.15964,40.71566],[-84.1596,40.71582],[-84.15955,40.71597],[-84.15951,40.71608],[-84.15936,40.71628],[-84.15932,40.71634],[-84.1593,40.71646],[-84.15929,40.71659],[-84.15933,40.71676],[-84.15942,40.71696],[-84.15948,40.71704],[-84.15955,40.7171],[-84.15973,40.71723],[-84.15994,40.71735],[-84.16017,40.71746],[-84.16032,40.71752],[-84.16054,40.71755],[-84.16083,40.71758],[-84.16111,40.71759],[-84.1614,40.71762],[-84.16191,40.71765],[-84.16237,40.71768],[-84.16255,40.71767],[-84.16269,40.71768],[-84.16278,40.71768],[-84.16294,40.71765],[-84.16301,40.71763],[-84.16306,40.71762],[-84.16313,40.71761],[-84.16321,40.71761],[-84.16333,40.71761],[-84.16341,40.71762],[-84.16346,40.71764],[-84.16352,40.71764],[-84.1636,40.71763],[-84.16371,40.71761],[-84.16377,40.71759],[-84.16379,40.71758],[-84.16382,40.71755],[-84.16385,40.71754],[-84.16397,40.71754],[-84.164,40.71755],[-84.16402,40.71757],[-84.16403,40.71759],[-84.16407,40.71761],[-84.16413,40.71762],[-84.16437,40.71761],[-84.16466,40.7176],[-84.1649,40.71759],[-84.16497,40.7176],[-84.16502,40.71759],[-84.16509,40.71756],[-84.16531,40.7175],[-84.16553,40.7174],[-84.16554,40.7174],[-84.16567,40.71736],[-84.16578,40.71731],[-84.16588,40.71725],[-84.166,40.71717],[-84.16615,40.71705],[-84.16632,40.71685],[-84.16644,40.71653],[-84.16655,40.71625],[-84.16686,40.71583],[-84.16697,40.71574],[-84.16706,40.71567],[-84.16717,40.71561],[-84.1673,40.71553],[-84.16742,40.71548],[-84.16752,40.71546],[-84.16765,40.71546],[-84.1679,40.7155],[-84.16802,40.7155],[-84.16812,40.71555],[-84.16822,40.71563],[-84.16832,40.71569],[-84.16842,40.71579],[-84.16854,40.71583],[-84.16868,40.71587],[-84.16894,40.71593],[-84.1691,40.71595],[-84.16935,40.71597],[-84.16949,40.716],[-84.16956,40.71603],[-84.16965,40.7161],[-84.16968,40.71616],[-84.1697,40.71633],[-84.16973,40.71639],[-84.16973,40.71646],[-84.1697,40.71657],[-84.16966,40.71669],[-84.16963,40.71675],[-84.16963,40.71679],[-84.16966,40.71682],[-84.16975,40.71684],[-84.16991,40.71685],[-84.17007,40.71689],[-84.17019,40.71695],[-84.1705,40.71709],[-84.17076,40.71724],[-84.17094,40.71735],[-84.17105,40.71742],[-84.17114,40.71746],[-84.17125,40.71753],[-84.17141,40.7176],[-84.17147,40.71763],[-84.17155,40.71763],[-84.17162,40.71763],[-84.17165,40.71764],[-84.17171,40.71767],[-84.17181,40.71773],[-84.1719,40.71778],[-84.17198,40.71779],[-84.17208,40.7178],[-84.17215,40.71782],[-84.1722,40.71784],[-84.17226,40.71786],[-84.17234,40.71787],[-84.17253,40.71787],[-84.17292,40.71785],[-84.17385,40.71776],[-84.1742,40.71774],[-84.17465,40.7177],[-84.17486,40.71767],[-84.175,40.71758],[-84.17505,40.71755],[-84.17514,40.71753],[-84.17522,40.71752],[-84.17534,40.71754],[-84.17555,40.71754],[-84.17565,40.71754],[-84.17576,40.71757],[-84.17591,40.71764],[-84.17606,40.71773],[-84.17618,40.71781],[-84.17628,40.71787],[-84.17632,40.71788],[-84.17652,40.71796],[-84.17674,40.71803],[-84.17701,40.71809],[-84.17728,40.71811],[-84.17748,40.71812],[-84.17764,40.71815],[-84.17774,40.71817],[-84.17785,40.7182],[-84.17794,40.71824],[-84.17805,40.71833],[-84.17819,40.71844],[-84.17835,40.71853],[-84.17855,40.71861],[-84.17882,40.71875],[-84.17906,40.71893],[-84.17921,40.71907],[-84.17929,40.71919],[-84.17935,40.71935],[-84.1794,40.71949],[-84.17944,40.71962],[-84.17945,40.71975],[-84.17942,40.71988],[-84.17936,40.72001],[-84.17925,40.72024],[-84.1792,40.72032],[-84.17911,40.72039],[-84.179,40.72048],[-84.17878,40.72065],[-84.17857,40.7208],[-84.17839,40.72094],[-84.17828,40.72101],[-84.17821,40.72106],[-84.1781,40.72108],[-84.17799,40.72109],[-84.17792,40.72111],[-84.17783,40.72117],[-84.17773,40.72122],[-84.17757,40.72127],[-84.17716,40.7214],[-84.17684,40.7215],[-84.17658,40.72158],[-84.17635,40.72165],[-84.17566,40.72176],[-84.17534,40.72176],[-84.17508,40.72179],[-84.17484,40.72183],[-84.17462,40.72186],[-84.17445,40.72189],[-84.17428,40.72193],[-84.17418,40.72197],[-84.17406,40.72207],[-84.17397,40.72218],[-84.17385,40.72235],[-84.17379,40.72253],[-84.17376,40.72267],[-84.17374,40.72278],[-84.17371,40.72291],[-84.17371,40.723],[-84.17375,40.72306],[-84.17393,40.72324],[-84.17402,40.72332],[-84.17408,40.72339],[-84.17412,40.7235],[-84.17414,40.72381],[-84.17415,40.72422],[-84.17413,40.72456],[-84.17408,40.72487],[-84.17402,40.72506],[-84.17391,40.72531],[-84.17385,40.72542],[-84.17551,40.72537],[-84.17682,40.72533],[-84.17767,40.72531],[-84.18374,40.7251],[-84.18436,40.72508],[-84.18672,40.72499]]]}},{"type":"Feature","properties":{"GEOID":"39003012100","NAME":"Census Tract 121","BASENAME":"121","POP100":3438,"HU100":1350,"AREALAND":35202046,"CENTLAT":"+40.6858897","CENTLON":"-084.1927975"},"geometry":{"type":"Polygon","coordinates":[[[-84.2231,40.72326],[-84.22311,40.72289],[-84.22308,40.72223],[-84.22309,40.72199],[-84.22309,40.72158],[-84.2231,40.7209],[-84.22308,40.71981],[-84.22308,40.71947],[-84.22308,40.71888],[-84.22308,40.71831],[-84.22308,40.71797],[-84.22308,40.71786],[-84.22308,40.71763],[-84.22308,40.71658],[-84.22309,40.71614],[-84.22309,40.71607],[-84.22308,40.71506],[-84.22308,40.71502],[-84.22307,40.71463],[-84.22306,40.71436],[-84.22307,40.7139],[-84.22306,40.71358],[-84.22306,40.71328],[-84.22306,40.71286],[-84.22306,40.71244],[-84.22305,40.71202],[-84.22303,40.71159],[-84.22303,40.71134],[-84.22302,40.71021],[-84.22302,40.70993],[-84.22302,40.7099],[-84.223,40.70951],[-84.223,40.70906],[-84.22299,40.70856],[-84.22298,40.70842],[-84.22298,40.70806],[-84.22297,40.70754],[-84.22297,40.70704],[-84.22296,40.70656],[-84.22294,40.7056],[-84.22294,40.70496],[-84.22294,40.70483],[-84.22292,40.70309],[-84.22292,40.70275],[-84.22292,40.70252],[-84.22291,40.70116],[-84.2229,40.70046],[-84.2229,40.70006],[-84.22289,40.69967],[-84.22288,40.69926],[-84.22288,40.69902],[-84.22289,40.69887],[-84.22287,40.69838],[-84.22287,40.69807],[-84.22286,40.69726],[-84.22285,40.69645],[-84.22285,40.69567],[-84.22285,40.69527],[-84.22284,40.69487],[-84.22284,40.69368],[-84.22285,40.69343],[-84.22284,40.69323],[-84.22283,40.69279],[-84.22283,40.69197],[-84.22282,40.69103],[-84.2228,40.68596],[-84.22279,40.68566],[-84.22279,40.68552],[-84.22279,40.68522],[-84.22278,40.68491],[-84.22278,40.6841],[-84.22277,40.68389],[-84.22277,40.68386],[-84.22277,40.68307],[-84.22276,40.68229],[-84.22276,40.68187],[-84.2228,40.68159],[-84.22281,40.68147],[-84.22281,40.6814],[-84.22281,40.68061],[-84.22282,40.67975],[-84.22281,40.67947],[-84.22281,40.67921],[-84.22281,40.67903],[-84.2228,40.67827],[-84.22279,40.67748],[-84.22278,40.67673],[-84.22277,40.67589],[-84.22277,40.67515],[-84.22276,40.67438],[-84.22275,40.67358],[-84.22274,40.67276],[-84.22272,40.67194],[-84.22272,40.67137],[-84.22271,40.67111],[-84.22271,40.6703],[-84.22271,40.66956],[-84.22271,40.66951],[-84.22271,40.66924],[-84.2227,40.66873],[-84.22269,40.66794],[-84.22269,40.66774],[-84.22268,40.66733],[-84.22268,40.66696],[-84.22253,40.66688],[-84.22257,40.66688],[-84.22268,40.66683],[-84.22268,40.66671],[-84.22268,40.66654],[-84.22265,40.66428],[-84.22275,40.65695],[-84.21122,40.65696],[-84.20754,40.65705],[-84.20351,40.65705],[-84.20348,40.65705],[-84.18959,40.6571],[-84.18536,40.65712],[-84.18435,40.65712],[-84.16521,40.65714],[-84.15267,40.65729],[-84.15223,40.65729],[-84.15088,40.65731],[-84.15088,40.65919],[-84.15089,40.66172],[-84.15089,40.66216],[-84.1509,40.66286],[-84.1509,40.66346],[-84.1509,40.66379],[-84.15091,40.66458],[-84.15092,40.66495],[-84.15092,40.66544],[-84.15092,40.66584],[-84.15092,40.66589],[-84.15092,40.66601],[-84.15092,40.66622],[-84.15093,40.66696],[-84.15093,40.66744],[-84.15094,40.66935],[-84.15094,40.66944],[-84.15094,40.66973],[-84.15092,40.67001],[-84.15092,40.67018],[-84.15096,40.67106],[-84.15097,40.67174],[-84.15098,40.67246],[-84.15099,40.67298],[-84.151,40.67381],[-84.15101,40.67478],[-84.15103,40.67524],[-84.15104,40.6766],[-84.15105,40.67721],[-84.15108,40.6789],[-84.15108,40.67913],[-84.15109,40.67979],[-84.1511,40.68036],[-84.1511,40.68074],[-84.15113,40.68249],[-84.15112,40.68293],[-84.15113,40.68421],[-84.15114,40.68509],[-84.15114,40.68562],[-84.15115,40.68645],[-84.15369,40.68641],[-84.15465,40.68641],[-84.15471,40.68641],[-84.15584,40.68641],[-84.15597,40.68641],[-84.15678,40.68639],[-84.15829,40.6864],[-84.15956,40.68639],[-84.16,40.68638],[-84.16064,40.68637],[-84.16196,40.68636],[-84.1642,40.68636],[-84.16551,40.68636],[-84.16552,40.68711],[-84.16552,40.68756],[-84.16555,40.68905],[-84.16555,40.6893],[-84.16555,40.68991],[-84.16556,40.69002],[-84.16555,40.69068],[-84.16556,40.69134],[-84.16557,40.69173],[-84.16557,40.69202],[-84.16558,40.69233],[-84.16558,40.69235],[-84.16558,40.69255],[-84.16558,40.69289],[-84.16558,40.69305],[-84.16559,40.69309],[-84.16559,40.69361],[-84.16663,40.69361],[-84.16735,40.6936],[-84.1676,40.6936],[-84.16832,40.6936],[-84.1751,40.69357],[-84.17514,40.69577],[-84.17518,40.69735],[-84.17519,40.69799],[-84.17524,40.69935],[-84.17525,40.70019],[-84.17527,40.70095],[-84.17527,40.701],[-84.17527,40.70168],[-84.17528,40.70205],[-84.17529,40.70285],[-84.17529,40.70328],[-84.1753,40.70335],[-84.17534,40.70426],[-84.17669,40.70396],[-84.17709,40.70387],[-84.17872,40.70349],[-84.17969,40.70327],[-84.18064,40.70304],[-84.1809,40.70298],[-84.18209,40.70272],[-84.18256,40.70262],[-84.18263,40.7026],[-84.1827,40.70259],[-84.18486,40.70212],[-84.18489,40.7037],[-84.18489,40.70379],[-84.1849,40.70383],[-84.18492,40.70395],[-84.18492,40.7042],[-84.18492,40.70471],[-84.18493,40.70505],[-84.18494,40.70531],[-84.18494,40.70555],[-84.18495,40.70582],[-84.18495,40.70603],[-84.18496,40.70632],[-84.18496,40.70676],[-84.18496,40.7069],[-84.18497,40.70721],[-84.18498,40.70752],[-84.18499,40.70778],[-84.18499,40.70793],[-84.18499,40.70814],[-84.185,40.70838],[-84.185,40.70851],[-84.18501,40.70866],[-84.18501,40.70894],[-84.18502,40.70944],[-84.18502,40.70981],[-84.18501,40.71033],[-84.18504,40.71122],[-84.18505,40.71156],[-84.18508,40.71234],[-84.18508,40.71242],[-84.18509,40.71263],[-84.18509,40.7129],[-84.1851,40.7131],[-84.18511,40.71337],[-84.1851,40.71366],[-84.18511,40.71415],[-84.18513,40.71474],[-84.18513,40.71509],[-84.18514,40.71541],[-84.18515,40.71671],[-84.18515,40.71681],[-84.18514,40.71691],[-84.18514,40.71776],[-84.18514,40.71795],[-84.18514,40.71797],[-84.18515,40.71854],[-84.18516,40.71925],[-84.18517,40.71969],[-84.18519,40.72041],[-84.1852,40.7222],[-84.1852,40.72232],[-84.1852,40.72262],[-84.18662,40.72262],[-84.18666,40.72329],[-84.18667,40.72358],[-84.18672,40.72499],[-84.18846,40.72494],[-84.19013,40.72488],[-84.19381,40.72476],[-84.19444,40.72474],[-84.19572,40.72469],[-84.19638,40.72468],[-84.19692,40.72468],[-84.19714,40.72468],[-84.19739,40.72467],[-84.19746,40.72467],[-84.19768,40.72465],[-84.19789,40.72463],[-84.19813,40.72462],[-84.19839,40.72461],[-84.19868,40.7246],[-84.19897,40.72459],[-84.19926,40.72458],[-84.19955,40.72457],[-84.19985,40.72456],[-84.20049,40.72454],[-84.20082,40.72453],[-84.20117,40.72451],[-84.20152,40.7245],[-84.20292,40.72446],[-84.20328,40.72444],[-84.20363,40.72443],[-84.20399,40.72441],[-84.20427,40.72439],[-84.20513,40.72437],[-84.20582,40.72435],[-84.2065,40.72432],[-84.2072,40.7243],[-84.20791,40.72428],[-84.20865,40.72426],[-84.21014,40.72421],[-84.2109,40.72418],[-84.21167,40.72415],[-84.21245,40.72413],[-84.21322,40.72411],[-84.214,40.72408],[-84.21478,40.72405],[-84.21559,40.72403],[-84.21716,40.72397],[-84.21799,40.72394],[-84.2188,40.72391],[-84.2196,40.72388],[-84.22041,40.72386],[-84.22121,40.72383],[-84.22201,40.7238],[-84.2228,40.72376],[-84.2231,40.72375],[-84.2231,40.72326]]]}},{"type":"Feature","properties":{"GEOID":"39003012200","NAME":"Census Tract 122","BASENAME":"122","POP100":3338,"HU100":1536,"AREALAND":1956550,"CENTLAT":"+40.7644150","CENTLON":"-084.1182534"},"geometry":{"type":"Polygon","coordinates":[[[-84.12793,40.76959],[-84.12793,40.7695],[-84.12793,40.76921],[-84.12793,40.76882],[-84.12793,40.76876],[-84.12792,40.76865],[-84.12792,40.76851],[-84.12792,40.76761],[-84.12792,40.76723],[-84.12792,40.76637],[-84.12792,40.76578],[-84.12792,40.76565],[-84.12792,40.76538],[-84.12792,40.76475],[-84.12792,40.76463],[-84.12792,40.76458],[-84.12792,40.76403],[-84.1279,40.76308],[-84.12791,40.76279],[-84.12792,40.76258],[-84.12792,40.76238],[-84.12791,40.76217],[-84.12791,40.76182],[-84.12791,40.76176],[-84.12791,40.76174],[-84.12791,40.76135],[-84.12788,40.76054],[-84.12788,40.76011],[-84.12788,40.75992],[-84.12788,40.75934],[-84.1279,40.75877],[-84.12707,40.75879],[-84.12652,40.75881],[-84.1259,40.75882],[-84.12562,40.75883],[-84.12306,40.75889],[-84.12266,40.75889],[-84.12244,40.75889],[-84.1213,40.75892],[-84.12126,40.75892],[-84.12113,40.75892],[-84.12009,40.75897],[-84.11987,40.75897],[-84.11879,40.75899],[-84.11686,40.75904],[-84.11664,40.75904],[-84.11593,40.75905],[-84.11471,40.75908],[-84.11346,40.75911],[-84.11194,40.75912],[-84.1112,40.75914],[-84.11035,40.75911],[-84.1102,40.7591],[-84.1098,40.75907],[-84.10952,40.75906],[-84.10937,40.75906],[-84.10905,40.75906],[-84.10859,40.75907],[-84.10859,40.76003],[-84.10859,40.76016],[-84.10859,40.76056],[-84.10861,40.76114],[-84.10861,40.76167],[-84.10861,40.76211],[-84.10862,40.76286],[-84.10863,40.7634],[-84.10863,40.76415],[-84.10864,40.76419],[-84.10865,40.76427],[-84.10865,40.76451],[-84.10866,40.76475],[-84.10866,40.76482],[-84.10868,40.76651],[-84.10869,40.7674],[-84.10868,40.76778],[-84.10868,40.76828],[-84.10869,40.76882],[-84.10869,40.76904],[-84.10869,40.76907],[-84.10871,40.77014],[-84.10961,40.7701],[-84.10972,40.7701],[-84.10974,40.7701],[-84.11001,40.77009],[-84.11033,40.77007],[-84.11048,40.77007],[-84.11057,40.77007],[-84.11128,40.77005],[-84.11175,40.77003],[-84.1125,40.77001],[-84.11329,40.76999],[-84.11414,40.76996],[-84.11602,40.76992],[-84.11672,40.7699],[-84.11769,40.76987],[-84.12065,40.76979],[-84.1215,40.76977],[-84.1219,40.76975],[-84.12251,40.76973],[-84.12463,40.76968],[-84.12512,40.76966],[-84.1255,40.76965],[-84.12583,40.76964],[-84.12663,40.76962],[-84.12793,40.76959]]]}},{"type":"Feature","properties":{"GEOID":"39003012300","NAME":"Census Tract 123","BASENAME":"123","POP100":3893,"HU100":1654,"AREALAND":2021972,"CENTLAT":"+40.7531921","CENTLON":"-084.1170540"},"geometry":{"type":"Polygon","coordinates":[[[-84.1279,40.75877],[-84.12788,40.75848],[-84.12788,40.7584],[-84.12785,40.7574],[-84.12785,40.75718],[-84.12784,40.75682],[-84.12784,40.7557],[-84.12784,40.7549],[-84.12782,40.75407],[-84.12781,40.75352],[-84.12779,40.75306],[-84.12778,40.75213],[-84.12777,40.75197],[-84.1275,40.75168],[-84.12697,40.75155],[-84.12692,40.75153],[-84.12636,40.75128],[-84.12572,40.75101],[-84.12567,40.7509],[-84.12566,40.75085],[-84.12564,40.7508],[-84.12561,40.75078],[-84.12553,40.75074],[-84.12517,40.75057],[-84.12452,40.75024],[-84.12421,40.7501],[-84.1241,40.75005],[-84.12412,40.75028],[-84.12329,40.7499],[-84.12229,40.74943],[-84.12054,40.74861],[-84.11983,40.74829],[-84.11869,40.74777],[-84.1186,40.74773],[-84.11665,40.74686],[-84.11573,40.7465],[-84.11516,40.74629],[-84.11476,40.74617],[-84.11431,40.74603],[-84.11338,40.74578],[-84.11224,40.74551],[-84.11219,40.7455],[-84.11037,40.74517],[-84.10984,40.74511],[-84.10942,40.74505],[-84.10849,40.74498],[-84.10848,40.74583],[-84.1085,40.7465],[-84.1085,40.74741],[-84.10849,40.74796],[-84.10848,40.74868],[-84.10848,40.74876],[-84.10847,40.74902],[-84.10847,40.74962],[-84.1085,40.75084],[-84.1085,40.75093],[-84.10851,40.75144],[-84.10852,40.75242],[-84.10853,40.753],[-84.10851,40.75427],[-84.10853,40.75557],[-84.10856,40.75714],[-84.10856,40.7573],[-84.10855,40.7579],[-84.10857,40.75837],[-84.10858,40.75869],[-84.10859,40.75907],[-84.10905,40.75906],[-84.10937,40.75906],[-84.10952,40.75906],[-84.1098,40.75907],[-84.1102,40.7591],[-84.11035,40.75911],[-84.1112,40.75914],[-84.11194,40.75912],[-84.11346,40.75911],[-84.11471,40.75908],[-84.11593,40.75905],[-84.11664,40.75904],[-84.11686,40.75904],[-84.11879,40.75899],[-84.11987,40.75897],[-84.12009,40.75897],[-84.12113,40.75892],[-84.12126,40.75892],[-84.1213,40.75892],[-84.12244,40.75889],[-84.12266,40.75889],[-84.12306,40.75889],[-84.12562,40.75883],[-84.1259,40.75882],[-84.12652,40.75881],[-84.12707,40.75879],[-84.1279,40.75877]]]}},{"type":"Feature","properties":{"GEOID":"39003012400","NAME":"Census Tract 124","BASENAME":"124","POP100":2466,"HU100":1185,"AREALAND":1973024,"CENTLAT":"+40.7583017","CENTLON":"-084.1040418"},"geometry":{"type":"Polygon","coordinates":[[[-84.10869,40.76904],[-84.10869,40.76882],[-84.10868,40.76828],[-84.10868,40.76778],[-84.10869,40.7674],[-84.10868,40.76651],[-84.10866,40.76482],[-84.10866,40.76475],[-84.10865,40.76451],[-84.10865,40.76427],[-84.10864,40.76419],[-84.10863,40.76415],[-84.10863,40.7634],[-84.10862,40.76286],[-84.10861,40.76211],[-84.10861,40.76167],[-84.10861,40.76114],[-84.10859,40.76056],[-84.10859,40.76016],[-84.10859,40.76003],[-84.10859,40.75907],[-84.10858,40.75869],[-84.10857,40.75837],[-84.10855,40.7579],[-84.10856,40.7573],[-84.10856,40.75714],[-84.10853,40.75557],[-84.10851,40.75427],[-84.10853,40.753],[-84.10852,40.75242],[-84.10851,40.75144],[-84.1085,40.75093],[-84.1085,40.75084],[-84.10847,40.74962],[-84.10847,40.74902],[-84.10848,40.74876],[-84.10848,40.74868],[-84.10849,40.74796],[-84.1085,40.74741],[-84.1085,40.7465],[-84.10848,40.74583],[-84.10849,40.74498],[-84.10776,40.74494],[-84.10679,40.74493],[-84.10591,40.74493],[-84.10497,40.74494],[-84.10425,40.74495],[-84.10317,40.74495],[-84.10268,40.74495],[-84.10216,40.74495],[-84.10164,40.74496],[-84.10111,40.74497],[-84.10113,40.74571],[-84.10112,40.74594],[-84.10113,40.74615],[-84.10115,40.74632],[-84.10119,40.74642],[-84.10118,40.74647],[-84.10116,40.74658],[-84.10118,40.75065],[-84.10122,40.7521],[-84.10118,40.75304],[-84.10118,40.75314],[-84.10106,40.75437],[-84.10105,40.75445],[-84.10076,40.75605],[-84.1004,40.75742],[-84.10017,40.75819],[-84.09985,40.75924],[-84.09981,40.75936],[-84.0997,40.75962],[-84.09951,40.76065],[-84.09925,40.76153],[-84.09903,40.7624],[-84.09894,40.76273],[-84.09861,40.76401],[-84.09843,40.76473],[-84.09804,40.76616],[-84.09787,40.76688],[-84.09769,40.76758],[-84.09751,40.76826],[-84.09736,40.76893],[-84.09718,40.76958],[-84.097,40.77022],[-84.09685,40.77085],[-84.09668,40.7715],[-84.09654,40.77206],[-84.09607,40.77399],[-84.09613,40.77399],[-84.09628,40.77397],[-84.09635,40.77395],[-84.09641,40.77391],[-84.09642,40.7739],[-84.09645,40.77385],[-84.09668,40.77297],[-84.09684,40.77236],[-84.09709,40.77178],[-84.09742,40.77123],[-84.09778,40.77075],[-84.09821,40.77027],[-84.09893,40.76969],[-84.09957,40.76926],[-84.09975,40.76918],[-84.09991,40.76914],[-84.10001,40.76912],[-84.1001,40.76911],[-84.10172,40.76908],[-84.103,40.76908],[-84.10382,40.76907],[-84.10407,40.76907],[-84.10415,40.76907],[-84.10429,40.76907],[-84.10526,40.76907],[-84.10528,40.76907],[-84.1057,40.76907],[-84.1069,40.76906],[-84.10794,40.76904],[-84.10807,40.76904],[-84.10861,40.76904],[-84.10869,40.76904]]]}},{"type":"Feature","properties":{"GEOID":"39003012600","NAME":"Census Tract 126","BASENAME":"126","POP100":1742,"HU100":777,"AREALAND":2059148,"CENTLAT":"+40.7389553","CENTLON":"-084.0834662"},"geometry":{"type":"Polygon","coordinates":[[[-84.09518,40.74012],[-84.09495,40.74005],[-84.09474,40.73997],[-84.0946,40.7399],[-84.09431,40.73973],[-84.09402,40.73955],[-84.09354,40.73926],[-84.09325,40.7391],[-84.09247,40.73862],[-84.09223,40.73847],[-84.09131,40.73792],[-84.09096,40.7377],[-84.09006,40.73711],[-84.08955,40.73678],[-84.08949,40.7367],[-84.08948,40.73501],[-84.08945,40.73474],[-84.0894,40.7345],[-84.08933,40.73429],[-84.08923,40.7341],[-84.08912,40.73389],[-84.08897,40.73369],[-84.08887,40.73357],[-84.08868,40.73338],[-84.08849,40.73321],[-84.08832,40.73308],[-84.0881,40.73293],[-84.08777,40.73273],[-84.08769,40.73268],[-84.08757,40.73262],[-84.08729,40.73244],[-84.08716,40.73235],[-84.08703,40.73226],[-84.0869,40.73215],[-84.08677,40.73204],[-84.08664,40.73189],[-84.08653,40.73176],[-84.08638,40.73153],[-84.08629,40.73135],[-84.08619,40.73114],[-84.08615,40.73095],[-84.08611,40.73079],[-84.08609,40.73055],[-84.08572,40.73055],[-84.08411,40.73055],[-84.08292,40.73056],[-84.08261,40.73056],[-84.0821,40.73056],[-84.08167,40.73056],[-84.08125,40.73057],[-84.07989,40.73058],[-84.07981,40.73058],[-84.07972,40.73058],[-84.07952,40.73058],[-84.07913,40.73058],[-84.07896,40.73059],[-84.0788,40.73055],[-84.07852,40.73055],[-84.07695,40.73056],[-84.07687,40.73056],[-84.07643,40.73058],[-84.07639,40.73058],[-84.07607,40.73058],[-84.07564,40.73059],[-84.07564,40.73068],[-84.07563,40.73135],[-84.07569,40.7338],[-84.07566,40.73747],[-84.07567,40.73802],[-84.07569,40.74237],[-84.07569,40.7424],[-84.0757,40.74522],[-84.0757,40.74638],[-84.0757,40.74653],[-84.07572,40.74652],[-84.07725,40.7464],[-84.07837,40.74632],[-84.07961,40.74625],[-84.07974,40.74624],[-84.07991,40.74623],[-84.08012,40.74621],[-84.08595,40.74585],[-84.08785,40.7458],[-84.08834,40.7458],[-84.0893,40.74576],[-84.08945,40.74575],[-84.09035,40.74572],[-84.09069,40.74571],[-84.09112,40.74569],[-84.09172,40.74565],[-84.09211,40.74562],[-84.09261,40.74558],[-84.09331,40.7455],[-84.09349,40.74548],[-84.09351,40.74536],[-84.09355,40.74525],[-84.09356,40.74519],[-84.09359,40.7451],[-84.09362,40.74505],[-84.09364,40.74502],[-84.09365,40.74491],[-84.09366,40.74485],[-84.0937,40.7448],[-84.09372,40.74474],[-84.09372,40.74469],[-84.09374,40.74459],[-84.09376,40.7445],[-84.09378,40.74435],[-84.0938,40.74428],[-84.09378,40.74419],[-84.09378,40.74407],[-84.09377,40.744],[-84.09378,40.74395],[-84.09377,40.74389],[-84.09376,40.74385],[-84.09372,40.74378],[-84.09372,40.74376],[-84.0936,40.74364],[-84.09357,40.74357],[-84.09353,40.74352],[-84.09347,40.74348],[-84.09341,40.74345],[-84.09336,40.74342],[-84.09332,40.74339],[-84.09328,40.74334],[-84.09321,40.74328],[-84.09318,40.74327],[-84.09313,40.74326],[-84.09309,40.74325],[-84.09304,40.74323],[-84.09297,40.74318],[-84.09292,40.74316],[-84.09289,40.74311],[-84.09282,40.74295],[-84.09278,40.74282],[-84.09274,40.74274],[-84.09272,40.74269],[-84.0927,40.74264],[-84.09268,40.74247],[-84.09263,40.7424],[-84.0926,40.74235],[-84.09257,40.74229],[-84.09255,40.74225],[-84.09253,40.74219],[-84.0925,40.74212],[-84.09247,40.74204],[-84.09244,40.742],[-84.09242,40.74193],[-84.09244,40.74186],[-84.09244,40.74179],[-84.09242,40.74172],[-84.0924,40.74167],[-84.09239,40.74163],[-84.0924,40.74158],[-84.09241,40.74154],[-84.09243,40.74149],[-84.09242,40.74144],[-84.09243,40.74135],[-84.09244,40.74133],[-84.09249,40.74125],[-84.09257,40.7411],[-84.09266,40.74099],[-84.09273,40.74093],[-84.09286,40.74087],[-84.093,40.74083],[-84.09333,40.74075],[-84.09347,40.74073],[-84.09354,40.74071],[-84.09362,40.74066],[-84.09378,40.74061],[-84.09397,40.74057],[-84.09425,40.7405],[-84.09439,40.74044],[-84.09459,40.74036],[-84.0947,40.74031],[-84.09482,40.74024],[-84.09495,40.74019],[-84.09518,40.74012]]]}},{"type":"Feature","properties":{"GEOID":"39003012700","NAME":"Census Tract 127","BASENAME":"127","POP100":1481,"HU100":677,"AREALAND":926347,"CENTLAT":"+40.7342430","CENTLON":"-084.0947527"},"geometry":{"type":"Polygon","coordinates":[[[-84.10126,40.73082],[-84.10137,40.73031],[-84.10101,40.73032],[-84.10046,40.73033],[-84.09899,40.73035],[-84.09815,40.73035],[-84.09731,40.73036],[-84.09705,40.73036],[-84.09652,40.73037],[-84.09585,40.73038],[-84.09495,40.73039],[-84.09405,40.73041],[-84.09336,40.73043],[-84.09269,40.73045],[-84.09206,40.73046],[-84.09202,40.73046],[-84.09134,40.73047],[-84.08991,40.7305],[-84.08609,40.73055],[-84.08611,40.73079],[-84.08615,40.73095],[-84.08619,40.73114],[-84.08629,40.73135],[-84.08638,40.73153],[-84.08653,40.73176],[-84.08664,40.73189],[-84.08677,40.73204],[-84.0869,40.73215],[-84.08703,40.73226],[-84.08716,40.73235],[-84.08729,40.73244],[-84.08757,40.73262],[-84.08769,40.73268],[-84.08777,40.73273],[-84.0881,40.73293],[-84.08832,40.73308],[-84.08849,40.73321],[-84.08868,40.73338],[-84.08887,40.73357],[-84.08897,40.73369],[-84.08912,40.73389],[-84.08923,40.7341],[-84.08933,40.73429],[-84.0894,40.7345],[-84.08945,40.73474],[-84.08948,40.73501],[-84.08949,40.7367],[-84.08955,40.73678],[-84.09006,40.73711],[-84.09096,40.7377],[-84.09131,40.73792],[-84.09223,40.73847],[-84.09247,40.73862],[-84.09325,40.7391],[-84.09354,40.73926],[-84.09402,40.73955],[-84.09431,40.73973],[-84.0946,40.7399],[-84.09474,40.73997],[-84.09495,40.74005],[-84.09518,40.74012],[-84.09524,40.74004],[-84.09527,40.74002],[-84.09537,40.73992],[-84.09544,40.73985],[-84.09557,40.73972],[-84.09565,40.73961],[-84.09573,40.73954],[-84.09579,40.73951],[-84.09582,40.7395],[-84.09614,40.73933],[-84.09629,40.73923],[-84.09673,40.73893],[-84.097,40.73875],[-84.09719,40.73867],[-84.09732,40.73857],[-84.09739,40.73848],[-84.09745,40.73846],[-84.09751,40.73845],[-84.09756,40.73844],[-84.09764,40.73842],[-84.09778,40.73835],[-84.098,40.7383],[-84.09818,40.73825],[-84.0982,40.73825],[-84.09829,40.73822],[-84.09844,40.73815],[-84.09855,40.7381],[-84.09865,40.73807],[-84.09873,40.73803],[-84.09881,40.73801],[-84.0989,40.73799],[-84.099,40.73795],[-84.09917,40.73783],[-84.09918,40.7378],[-84.09919,40.73778],[-84.0992,40.73776],[-84.09923,40.73774],[-84.09927,40.73773],[-84.09929,40.73772],[-84.09931,40.7377],[-84.09935,40.73767],[-84.09939,40.73766],[-84.09945,40.73762],[-84.09952,40.73757],[-84.09959,40.7375],[-84.09964,40.73746],[-84.09969,40.73741],[-84.09973,40.73738],[-84.0999,40.73729],[-84.10039,40.73706],[-84.10084,40.73688],[-84.10105,40.73683],[-84.10105,40.73657],[-84.10106,40.73589],[-84.10109,40.73487],[-84.10111,40.73424],[-84.10114,40.73306],[-84.10116,40.73249],[-84.10117,40.73192],[-84.10121,40.73117],[-84.10123,40.73101],[-84.10126,40.73082]]]}},{"type":"Feature","properties":{"GEOID":"39003012900","NAME":"Census Tract 129","BASENAME":"129","POP100":1668,"HU100":705,"AREALAND":824393,"CENTLAT":"+40.7440996","CENTLON":"-084.1194763"},"geometry":{"type":"Polygon","coordinates":[[[-84.12452,40.74996],[-84.12455,40.74922],[-84.12431,40.74922],[-84.12423,40.74922],[-84.12431,40.7489],[-84.12441,40.7486],[-84.12449,40.74818],[-84.12451,40.74796],[-84.12452,40.74771],[-84.12451,40.74715],[-84.12451,40.74668],[-84.1245,40.74613],[-84.12449,40.74568],[-84.12449,40.74562],[-84.12449,40.74508],[-84.12448,40.74452],[-84.12448,40.74447],[-84.12448,40.74402],[-84.12449,40.74261],[-84.1245,40.74219],[-84.12451,40.74177],[-84.12451,40.74146],[-84.12452,40.74143],[-84.12452,40.7414],[-84.12452,40.74074],[-84.12452,40.74008],[-84.12273,40.74007],[-84.12183,40.74006],[-84.1206,40.74007],[-84.11992,40.74006],[-84.11913,40.74005],[-84.11789,40.74004],[-84.11767,40.74004],[-84.11712,40.74002],[-84.11657,40.74],[-84.11601,40.74],[-84.11467,40.73999],[-84.11397,40.73999],[-84.11332,40.73999],[-84.11333,40.74136],[-84.11336,40.74267],[-84.11336,40.74273],[-84.11338,40.74402],[-84.11338,40.74461],[-84.11338,40.7451],[-84.11338,40.74578],[-84.11431,40.74603],[-84.11476,40.74617],[-84.11516,40.74629],[-84.11573,40.7465],[-84.11665,40.74686],[-84.1186,40.74773],[-84.11869,40.74777],[-84.11983,40.74829],[-84.12054,40.74861],[-84.12229,40.74943],[-84.12329,40.7499],[-84.12412,40.75028],[-84.1241,40.75005],[-84.12421,40.7501],[-84.12452,40.75024],[-84.12452,40.74996]]]}},{"type":"Feature","properties":{"GEOID":"39003013000","NAME":"Census Tract 130","BASENAME":"130","POP100":4005,"HU100":1989,"AREALAND":2608821,"CENTLAT":"+40.7491913","CENTLON":"-084.1356594"},"geometry":{"type":"Polygon","coordinates":[[[-84.14708,40.76069],[-84.14708,40.76049],[-84.14708,40.76037],[-84.14708,40.76022],[-84.14707,40.7599],[-84.14706,40.75802],[-84.14706,40.75771],[-84.14705,40.75686],[-84.14705,40.75635],[-84.14704,40.75606],[-84.14704,40.7557],[-84.14704,40.7556],[-84.14704,40.75553],[-84.14703,40.75499],[-84.14702,40.75489],[-84.147,40.75198],[-84.14699,40.7518],[-84.147,40.75151],[-84.14701,40.75131],[-84.14704,40.75113],[-84.14703,40.75083],[-84.14703,40.75062],[-84.14703,40.75035],[-84.14703,40.75019],[-84.14703,40.7501],[-84.14703,40.74991],[-84.14703,40.74979],[-84.14703,40.7497],[-84.14703,40.74927],[-84.14701,40.74848],[-84.14638,40.74831],[-84.14606,40.74823],[-84.14581,40.74816],[-84.14552,40.74808],[-84.14506,40.74796],[-84.14387,40.74764],[-84.14264,40.74734],[-84.14234,40.74725],[-84.14215,40.74719],[-84.14211,40.74718],[-84.14187,40.74712],[-84.14158,40.74704],[-84.14132,40.74698],[-84.14035,40.74672],[-84.13985,40.7466],[-84.13906,40.7464],[-84.13816,40.74616],[-84.13786,40.74609],[-84.13735,40.74595],[-84.13735,40.74556],[-84.13734,40.74496],[-84.13731,40.74398],[-84.13725,40.74265],[-84.13723,40.74153],[-84.13723,40.74131],[-84.13724,40.74012],[-84.13568,40.74014],[-84.13478,40.74012],[-84.13437,40.74012],[-84.13355,40.74011],[-84.13255,40.74009],[-84.1318,40.74008],[-84.13092,40.74008],[-84.12996,40.74008],[-84.12927,40.74008],[-84.12861,40.74008],[-84.12766,40.74007],[-84.12721,40.74008],[-84.12689,40.74008],[-84.12662,40.74009],[-84.12605,40.74009],[-84.12578,40.74008],[-84.12452,40.74008],[-84.12452,40.74074],[-84.12452,40.7414],[-84.12452,40.74143],[-84.12451,40.74146],[-84.12451,40.74177],[-84.1245,40.74219],[-84.12449,40.74261],[-84.12448,40.74402],[-84.12448,40.74447],[-84.12448,40.74452],[-84.12449,40.74508],[-84.12449,40.74562],[-84.12449,40.74568],[-84.1245,40.74613],[-84.12451,40.74668],[-84.12451,40.74715],[-84.12452,40.74771],[-84.12451,40.74796],[-84.12449,40.74818],[-84.12441,40.7486],[-84.12431,40.7489],[-84.12423,40.74922],[-84.12431,40.74922],[-84.12455,40.74922],[-84.12452,40.74996],[-84.12452,40.75024],[-84.12517,40.75057],[-84.12553,40.75074],[-84.12561,40.75078],[-84.12564,40.7508],[-84.12566,40.75085],[-84.12567,40.7509],[-84.12572,40.75101],[-84.12636,40.75128],[-84.12692,40.75153],[-84.12697,40.75155],[-84.1275,40.75168],[-84.12777,40.75197],[-84.13037,40.75306],[-84.13143,40.75353],[-84.1326,40.75406],[-84.13379,40.75458],[-84.13427,40.7548],[-84.13703,40.75606],[-84.13949,40.75718],[-84.14013,40.75747],[-84.14115,40.75797],[-84.14142,40.75811],[-84.14151,40.75815],[-84.14226,40.75849],[-84.14324,40.75893],[-84.14323,40.75895],[-84.14415,40.75935],[-84.14446,40.75949],[-84.14451,40.75951],[-84.14462,40.75957],[-84.14478,40.75964],[-84.14708,40.76069]]]}},{"type":"Feature","properties":{"GEOID":"39003013100","NAME":"Census Tract 131","BASENAME":"131","POP100":2343,"HU100":1096,"AREALAND":1510795,"CENTLAT":"+40.7388170","CENTLON":"-084.1421507"},"geometry":{"type":"Polygon","coordinates":[[[-84.14701,40.74848],[-84.147,40.74792],[-84.14697,40.74746],[-84.14695,40.74667],[-84.14693,40.74585],[-84.14692,40.74516],[-84.1469,40.74455],[-84.14688,40.74382],[-84.14686,40.74297],[-84.14685,40.74258],[-84.14685,40.74198],[-84.14685,40.74132],[-84.14685,40.74104],[-84.14685,40.74072],[-84.14685,40.74012],[-84.14684,40.74002],[-84.14677,40.73916],[-84.14676,40.73877],[-84.14675,40.73795],[-84.14675,40.73782],[-84.14675,40.73768],[-84.14678,40.7371],[-84.14678,40.73645],[-84.14679,40.73613],[-84.14679,40.73605],[-84.14679,40.73597],[-84.14677,40.73485],[-84.14678,40.73376],[-84.14678,40.73279],[-84.14678,40.73269],[-84.14677,40.73248],[-84.14677,40.73143],[-84.14677,40.7309],[-84.14677,40.73074],[-84.14676,40.73042],[-84.14562,40.73042],[-84.14451,40.73042],[-84.14387,40.73043],[-84.14381,40.73043],[-84.14378,40.73039],[-84.14372,40.73033],[-84.14367,40.7302],[-84.14342,40.73029],[-84.14324,40.73034],[-84.14296,40.73039],[-84.14291,40.7304],[-84.14275,40.73041],[-84.14239,40.73042],[-84.14096,40.73041],[-84.14047,40.7304],[-84.14011,40.7304],[-84.13938,40.73041],[-84.13866,40.73041],[-84.13858,40.73041],[-84.13852,40.73041],[-84.1378,40.73042],[-84.13712,40.73042],[-84.13714,40.73158],[-84.13719,40.73381],[-84.13717,40.73492],[-84.1372,40.73602],[-84.13721,40.73673],[-84.13721,40.73714],[-84.13727,40.73869],[-84.13726,40.73936],[-84.13724,40.74001],[-84.13724,40.74012],[-84.13723,40.74131],[-84.13723,40.74153],[-84.13725,40.74265],[-84.13731,40.74398],[-84.13734,40.74496],[-84.13735,40.74556],[-84.13735,40.74595],[-84.13786,40.74609],[-84.13816,40.74616],[-84.13906,40.7464],[-84.13985,40.7466],[-84.14035,40.74672],[-84.14132,40.74698],[-84.14158,40.74704],[-84.14187,40.74712],[-84.14211,40.74718],[-84.14215,40.74719],[-84.14234,40.74725],[-84.14264,40.74734],[-84.14387,40.74764],[-84.14506,40.74796],[-84.14552,40.74808],[-84.14581,40.74816],[-84.14606,40.74823],[-84.14638,40.74831],[-84.14701,40.74848]]]}},{"type":"Feature","properties":{"GEOID":"39003013200","NAME":"Census Tract 132","BASENAME":"132","POP100":1827,"HU100":793,"AREALAND":1045376,"CENTLAT":"+40.7355532","CENTLON":"-084.1313112"},"geometry":{"type":"Polygon","coordinates":[[[-84.13726,40.73936],[-84.13727,40.73869],[-84.13721,40.73714],[-84.13721,40.73673],[-84.1372,40.73602],[-84.13717,40.73492],[-84.13719,40.73381],[-84.13714,40.73158],[-84.13712,40.73042],[-84.13615,40.73042],[-84.13564,40.73042],[-84.13406,40.73041],[-84.1325,40.73041],[-84.13087,40.73041],[-84.12753,40.73038],[-84.12752,40.73172],[-84.12752,40.73184],[-84.1275,40.73205],[-84.1275,40.73218],[-84.12751,40.73225],[-84.12753,40.73236],[-84.12759,40.73251],[-84.1277,40.73258],[-84.12778,40.73272],[-84.12777,40.73283],[-84.12774,40.73288],[-84.12771,40.73293],[-84.12766,40.73301],[-84.12763,40.73308],[-84.12759,40.73316],[-84.12757,40.73323],[-84.12755,40.73388],[-84.12601,40.73388],[-84.12492,40.73391],[-84.1245,40.73392],[-84.12448,40.73556],[-84.1245,40.73725],[-84.12451,40.73796],[-84.12451,40.73798],[-84.12452,40.73868],[-84.12452,40.73937],[-84.12452,40.74001],[-84.12452,40.74008],[-84.12578,40.74008],[-84.12605,40.74009],[-84.12662,40.74009],[-84.12689,40.74008],[-84.12721,40.74008],[-84.12766,40.74007],[-84.12861,40.74008],[-84.12927,40.74008],[-84.12996,40.74008],[-84.13092,40.74008],[-84.1318,40.74008],[-84.13255,40.74009],[-84.13355,40.74011],[-84.13437,40.74012],[-84.13478,40.74012],[-84.13568,40.74014],[-84.13724,40.74012],[-84.13724,40.74001],[-84.13726,40.73936]]]}},{"type":"Feature","properties":{"GEOID":"39003013300","NAME":"Census Tract 133","BASENAME":"133","POP100":1352,"HU100":569,"AREALAND":879197,"CENTLAT":"+40.7357584","CENTLON":"-084.1201246"},"geometry":{"type":"Polygon","coordinates":[[[-84.12777,40.73283],[-84.12778,40.73272],[-84.1277,40.73258],[-84.12759,40.73251],[-84.12753,40.73236],[-84.12751,40.73225],[-84.1275,40.73218],[-84.1275,40.73205],[-84.12752,40.73184],[-84.12752,40.73172],[-84.12753,40.73038],[-84.12462,40.73037],[-84.12385,40.73037],[-84.12371,40.73038],[-84.12359,40.73041],[-84.12349,40.73044],[-84.12341,40.73046],[-84.12327,40.73052],[-84.12319,40.73057],[-84.12314,40.73061],[-84.1225,40.73114],[-84.12212,40.73151],[-84.12166,40.73196],[-84.12146,40.73214],[-84.1213,40.7323],[-84.12104,40.7326],[-84.12089,40.73278],[-84.12067,40.73303],[-84.12049,40.73322],[-84.12042,40.73329],[-84.12034,40.73333],[-84.12019,40.7334],[-84.12005,40.73343],[-84.11996,40.73345],[-84.11983,40.73347],[-84.1196,40.73348],[-84.11944,40.73349],[-84.11914,40.73348],[-84.11914,40.73286],[-84.11914,40.73225],[-84.11906,40.73228],[-84.11902,40.73228],[-84.11893,40.73228],[-84.11887,40.73229],[-84.11882,40.73232],[-84.11877,40.73235],[-84.11874,40.73239],[-84.11872,40.73241],[-84.11869,40.73241],[-84.11865,40.73242],[-84.11862,40.73243],[-84.11852,40.73249],[-84.11838,40.73253],[-84.11831,40.73257],[-84.11827,40.7326],[-84.11823,40.73261],[-84.11815,40.73264],[-84.11805,40.73269],[-84.11795,40.73273],[-84.11788,40.73277],[-84.11785,40.7328],[-84.11783,40.73281],[-84.11777,40.73284],[-84.11769,40.73287],[-84.1176,40.73292],[-84.11751,40.733],[-84.11742,40.73305],[-84.11737,40.7331],[-84.11734,40.73312],[-84.11707,40.73324],[-84.11693,40.73329],[-84.11681,40.73332],[-84.11678,40.73331],[-84.11674,40.7333],[-84.1167,40.73329],[-84.11667,40.73329],[-84.11664,40.73331],[-84.11662,40.73334],[-84.11661,40.73336],[-84.11658,40.73337],[-84.11654,40.73338],[-84.1165,40.73338],[-84.11645,40.73338],[-84.11632,40.73341],[-84.11616,40.73345],[-84.11603,40.73346],[-84.11596,40.73346],[-84.1159,40.73345],[-84.11587,40.73344],[-84.11584,40.73343],[-84.1158,40.73344],[-84.11577,40.73347],[-84.11571,40.7335],[-84.11566,40.73351],[-84.11558,40.7335],[-84.11554,40.7335],[-84.11548,40.73349],[-84.11543,40.73349],[-84.11536,40.73351],[-84.11533,40.73351],[-84.11529,40.73351],[-84.11523,40.73351],[-84.11516,40.73353],[-84.11512,40.73355],[-84.11508,40.73357],[-84.11492,40.73359],[-84.11464,40.73361],[-84.11457,40.7336],[-84.11451,40.73358],[-84.11446,40.73357],[-84.11434,40.73358],[-84.11428,40.73359],[-84.11424,40.73361],[-84.11417,40.73363],[-84.1141,40.73363],[-84.11406,40.73362],[-84.11402,40.73361],[-84.11397,40.73362],[-84.11393,40.73363],[-84.11387,40.73365],[-84.11375,40.73367],[-84.1136,40.73369],[-84.11335,40.7337],[-84.11336,40.73384],[-84.11336,40.73425],[-84.11337,40.73482],[-84.1134,40.73606],[-84.11338,40.73672],[-84.11335,40.73736],[-84.11335,40.73793],[-84.11334,40.73863],[-84.11333,40.73931],[-84.11332,40.73999],[-84.11397,40.73999],[-84.11467,40.73999],[-84.11601,40.74],[-84.11657,40.74],[-84.11712,40.74002],[-84.11767,40.74004],[-84.11789,40.74004],[-84.11913,40.74005],[-84.11992,40.74006],[-84.1206,40.74007],[-84.12183,40.74006],[-84.12273,40.74007],[-84.12452,40.74008],[-84.12452,40.74001],[-84.12452,40.73937],[-84.12452,40.73868],[-84.12451,40.73798],[-84.12451,40.73796],[-84.1245,40.73725],[-84.12448,40.73556],[-84.1245,40.73392],[-84.12492,40.73391],[-84.12601,40.73388],[-84.12755,40.73388],[-84.12757,40.73323],[-84.12759,40.73316],[-84.12763,40.73308],[-84.12766,40.73301],[-84.12771,40.73293],[-84.12774,40.73288],[-84.12777,40.73283]]]}},{"type":"Feature","properties":{"GEOID":"39003013400","NAME":"Census Tract 134","BASENAME":"134","POP100":2124,"HU100":1117,"AREALAND":2073208,"CENTLAT":"+40.7291478","CENTLON":"-084.1112963"},"geometry":{"type":"Polygon","coordinates":[[[-84.12584,40.72518],[-84.12584,40.72516],[-84.12569,40.72514],[-84.12563,40.72514],[-84.12481,40.72507],[-84.12433,40.72503],[-84.12384,40.72493],[-84.11865,40.7246],[-84.11471,40.72435],[-84.11461,40.72435],[-84.11327,40.72425],[-84.11255,40.7242],[-84.11178,40.72414],[-84.11102,40.72409],[-84.11035,40.72405],[-84.10921,40.724],[-84.10843,40.72397],[-84.10677,40.72398],[-84.1067,40.72398],[-84.10656,40.72399],[-84.10643,40.724],[-84.10573,40.72402],[-84.10528,40.72402],[-84.10506,40.72403],[-84.10455,40.72403],[-84.10421,40.72403],[-84.10381,40.72402],[-84.10365,40.72402],[-84.10226,40.72403],[-84.10087,40.72404],[-84.09967,40.72403],[-84.09869,40.72404],[-84.09901,40.7245],[-84.09949,40.72523],[-84.10029,40.72646],[-84.1015,40.72826],[-84.10177,40.72866],[-84.10191,40.72888],[-84.10175,40.72925],[-84.10163,40.72953],[-84.10152,40.72981],[-84.10146,40.73001],[-84.10137,40.73031],[-84.10126,40.73082],[-84.10123,40.73101],[-84.10121,40.73117],[-84.10117,40.73192],[-84.10116,40.73249],[-84.10114,40.73306],[-84.10111,40.73424],[-84.10109,40.73487],[-84.10106,40.73589],[-84.10105,40.73657],[-84.10105,40.73683],[-84.10115,40.7368],[-84.10118,40.73677],[-84.10127,40.73675],[-84.10133,40.73673],[-84.1014,40.73673],[-84.10146,40.73672],[-84.10158,40.73669],[-84.10172,40.73666],[-84.10177,40.73665],[-84.10181,40.73663],[-84.10184,40.7366],[-84.10189,40.73659],[-84.10191,40.73659],[-84.10194,40.7366],[-84.10202,40.73659],[-84.1021,40.73657],[-84.10218,40.73657],[-84.10224,40.73656],[-84.10228,40.73653],[-84.10231,40.7365],[-84.10236,40.73646],[-84.10238,40.73643],[-84.10241,40.73642],[-84.10245,40.73642],[-84.10251,40.73641],[-84.1026,40.73638],[-84.10268,40.73636],[-84.10276,40.73634],[-84.10283,40.73634],[-84.10289,40.73634],[-84.10293,40.73634],[-84.10299,40.73631],[-84.10305,40.73629],[-84.10311,40.73629],[-84.10323,40.73629],[-84.10328,40.73628],[-84.10332,40.73627],[-84.10339,40.73627],[-84.10346,40.73629],[-84.10357,40.73628],[-84.1036,40.73629],[-84.10364,40.73629],[-84.10372,40.73628],[-84.10375,40.73628],[-84.10378,40.73629],[-84.10384,40.7363],[-84.10391,40.7363],[-84.10396,40.73631],[-84.10402,40.73632],[-84.10408,40.73635],[-84.10413,40.73636],[-84.10426,40.73637],[-84.10441,40.73638],[-84.10455,40.73637],[-84.1046,40.73636],[-84.10474,40.73635],[-84.10486,40.73636],[-84.105,40.73637],[-84.10516,40.7363],[-84.10521,40.73627],[-84.10525,40.73624],[-84.1053,40.73621],[-84.10534,40.7362],[-84.10538,40.73617],[-84.10548,40.73613],[-84.10554,40.73612],[-84.10558,40.73611],[-84.10561,40.73608],[-84.10563,40.73608],[-84.10565,40.73608],[-84.1057,40.73609],[-84.10573,40.73608],[-84.10579,40.73606],[-84.10582,40.73604],[-84.10585,40.736],[-84.10588,40.73598],[-84.10596,40.73595],[-84.10614,40.73588],[-84.10622,40.73583],[-84.10626,40.73582],[-84.10635,40.73581],[-84.10641,40.73579],[-84.10649,40.73578],[-84.10655,40.73578],[-84.10658,40.73577],[-84.10682,40.7357],[-84.10691,40.73568],[-84.107,40.73564],[-84.10715,40.73557],[-84.10719,40.73554],[-84.10723,40.73549],[-84.10726,40.73546],[-84.10729,40.73544],[-84.10734,40.73543],[-84.1074,40.73541],[-84.10746,40.73539],[-84.10754,40.73537],[-84.10758,40.73537],[-84.10764,40.73537],[-84.10769,40.73537],[-84.10781,40.73534],[-84.10866,40.73501],[-84.10879,40.73493],[-84.10884,40.73489],[-84.10892,40.73487],[-84.109,40.73486],[-84.1094,40.73472],[-84.10947,40.73469],[-84.1095,40.73467],[-84.10954,40.73462],[-84.10962,40.73457],[-84.10971,40.73453],[-84.10976,40.73452],[-84.1098,40.7345],[-84.10986,40.73447],[-84.10991,40.73445],[-84.11,40.73443],[-84.11007,40.73442],[-84.1102,40.73438],[-84.11029,40.73434],[-84.11036,40.7343],[-84.11042,40.73427],[-84.11048,40.73426],[-84.11053,40.73423],[-84.11056,40.7342],[-84.11066,40.73416],[-84.11078,40.73414],[-84.11087,40.73412],[-84.11092,40.73409],[-84.11099,40.73406],[-84.11108,40.73403],[-84.11121,40.734],[-84.11133,40.73397],[-84.1114,40.73395],[-84.11145,40.73392],[-84.11149,40.73391],[-84.11155,40.7339],[-84.11158,40.73389],[-84.11162,40.73387],[-84.11169,40.73384],[-84.11178,40.73382],[-84.11189,40.7338],[-84.11204,40.73377],[-84.11212,40.73376],[-84.11222,40.73374],[-84.11233,40.73371],[-84.11249,40.73369],[-84.11264,40.73368],[-84.11281,40.73367],[-84.11288,40.73367],[-84.11295,40.73367],[-84.11308,40.73366],[-84.11318,40.73367],[-84.11324,40.73369],[-84.11328,40.7337],[-84.11335,40.7337],[-84.1136,40.73369],[-84.11375,40.73367],[-84.11387,40.73365],[-84.11393,40.73363],[-84.11397,40.73362],[-84.11402,40.73361],[-84.11406,40.73362],[-84.1141,40.73363],[-84.11417,40.73363],[-84.11424,40.73361],[-84.11428,40.73359],[-84.11434,40.73358],[-84.11446,40.73357],[-84.11451,40.73358],[-84.11457,40.7336],[-84.11464,40.73361],[-84.11492,40.73359],[-84.11508,40.73357],[-84.11512,40.73355],[-84.11516,40.73353],[-84.11523,40.73351],[-84.11529,40.73351],[-84.11533,40.73351],[-84.11536,40.73351],[-84.11543,40.73349],[-84.11548,40.73349],[-84.11554,40.7335],[-84.11558,40.7335],[-84.11566,40.73351],[-84.11571,40.7335],[-84.11577,40.73347],[-84.1158,40.73344],[-84.11584,40.73343],[-84.11587,40.73344],[-84.1159,40.73345],[-84.11596,40.73346],[-84.11603,40.73346],[-84.11616,40.73345],[-84.11632,40.73341],[-84.11645,40.73338],[-84.1165,40.73338],[-84.11654,40.73338],[-84.11658,40.73337],[-84.11661,40.73336],[-84.11662,40.73334],[-84.11664,40.73331],[-84.11667,40.73329],[-84.1167,40.73329],[-84.11674,40.7333],[-84.11678,40.73331],[-84.11681,40.73332],[-84.11693,40.73329],[-84.11707,40.73324],[-84.11734,40.73312],[-84.11737,40.7331],[-84.11742,40.73305],[-84.11751,40.733],[-84.1176,40.73292],[-84.11769,40.73287],[-84.11777,40.73284],[-84.11783,40.73281],[-84.11785,40.7328],[-84.11788,40.73277],[-84.11795,40.73273],[-84.11805,40.73269],[-84.11815,40.73264],[-84.11823,40.73261],[-84.11827,40.7326],[-84.11831,40.73257],[-84.11838,40.73253],[-84.11852,40.73249],[-84.11862,40.73243],[-84.11865,40.73242],[-84.11869,40.73241],[-84.11872,40.73241],[-84.11874,40.73239],[-84.11877,40.73235],[-84.11882,40.73232],[-84.11887,40.73229],[-84.11893,40.73228],[-84.11902,40.73228],[-84.11906,40.73228],[-84.11914,40.73225],[-84.11932,40.73218],[-84.11937,40.73215],[-84.11948,40.73206],[-84.11957,40.73202],[-84.1198,40.73193],[-84.11988,40.73192],[-84.11994,40.73191],[-84.12,40.7319],[-84.12007,40.73187],[-84.12012,40.73185],[-84.12017,40.73181],[-84.12024,40.73177],[-84.12034,40.73175],[-84.12048,40.73176],[-84.12054,40.73176],[-84.1206,40.73174],[-84.12067,40.73171],[-84.12072,40.73167],[-84.12076,40.73166],[-84.12082,40.73166],[-84.12088,40.73165],[-84.12107,40.73161],[-84.12125,40.73156],[-84.12129,40.73155],[-84.12135,40.73155],[-84.12142,40.73156],[-84.12148,40.73155],[-84.12152,40.73154],[-84.12162,40.73148],[-84.12171,40.7314],[-84.12183,40.73134],[-84.12194,40.73129],[-84.12203,40.73126],[-84.12209,40.73122],[-84.12212,40.73118],[-84.12214,40.7311],[-84.12218,40.73106],[-84.12224,40.73103],[-84.12227,40.73101],[-84.12229,40.731],[-84.12234,40.73091],[-84.12238,40.73088],[-84.12244,40.73085],[-84.12249,40.73083],[-84.12252,40.7308],[-84.12309,40.73037],[-84.12288,40.73037],[-84.12405,40.72939],[-84.12465,40.72891],[-84.12502,40.72862],[-84.12538,40.72817],[-84.12546,40.72802],[-84.12556,40.72765],[-84.12563,40.72741],[-84.12568,40.7268],[-84.12573,40.7262],[-84.12576,40.72599],[-84.12582,40.72559],[-84.12583,40.72536],[-84.12584,40.72518]]]}},{"type":"Feature","properties":{"GEOID":"39003013600","NAME":"Census Tract 136","BASENAME":"136","POP100":1182,"HU100":515,"AREALAND":1519131,"CENTLAT":"+40.7272639","CENTLON":"-084.0878098"},"geometry":{"type":"Polygon","coordinates":[[[-84.10191,40.72888],[-84.10177,40.72866],[-84.1015,40.72826],[-84.10029,40.72646],[-84.09949,40.72523],[-84.09901,40.7245],[-84.09869,40.72404],[-84.09746,40.72406],[-84.09647,40.72407],[-84.09638,40.72407],[-84.09515,40.72406],[-84.09361,40.72407],[-84.09274,40.72407],[-84.09232,40.72407],[-84.09206,40.72407],[-84.08988,40.72409],[-84.0876,40.72408],[-84.08617,40.72408],[-84.0857,40.72408],[-84.08508,40.72407],[-84.08395,40.72403],[-84.08311,40.72396],[-84.08253,40.72391],[-84.08243,40.7239],[-84.08023,40.72369],[-84.0755,40.72326],[-84.07552,40.72591],[-84.07565,40.73041],[-84.07564,40.73059],[-84.07607,40.73058],[-84.07639,40.73058],[-84.07643,40.73058],[-84.07687,40.73056],[-84.07695,40.73056],[-84.07852,40.73055],[-84.0788,40.73055],[-84.07896,40.73059],[-84.07913,40.73058],[-84.07952,40.73058],[-84.07972,40.73058],[-84.07981,40.73058],[-84.07989,40.73058],[-84.08125,40.73057],[-84.08167,40.73056],[-84.0821,40.73056],[-84.08261,40.73056],[-84.08292,40.73056],[-84.08411,40.73055],[-84.08572,40.73055],[-84.08609,40.73055],[-84.08991,40.7305],[-84.09134,40.73047],[-84.09202,40.73046],[-84.09206,40.73046],[-84.09269,40.73045],[-84.09336,40.73043],[-84.09405,40.73041],[-84.09495,40.73039],[-84.09585,40.73038],[-84.09652,40.73037],[-84.09705,40.73036],[-84.09731,40.73036],[-84.09815,40.73035],[-84.09899,40.73035],[-84.10046,40.73033],[-84.10101,40.73032],[-84.10137,40.73031],[-84.10146,40.73001],[-84.10152,40.72981],[-84.10163,40.72953],[-84.10175,40.72925],[-84.10191,40.72888]]]}},{"type":"Feature","properties":{"GEOID":"39003013700","NAME":"Census Tract 137","BASENAME":"137","POP100":1095,"HU100":507,"AREALAND":1366863,"CENTLAT":"+40.7205223","CENTLON":"-084.0861176"},"geometry":{"type":"Polygon","coordinates":[[[-84.09869,40.72404],[-84.0979,40.72289],[-84.09716,40.72178],[-84.09681,40.72128],[-84.09644,40.72074],[-84.09621,40.72036],[-84.09579,40.71975],[-84.09552,40.71934],[-84.09516,40.71879],[-84.09448,40.7178],[-84.09383,40.7168],[-84.09182,40.71681],[-84.09165,40.71681],[-84.08992,40.71682],[-84.08893,40.71682],[-84.08871,40.71682],[-84.08851,40.71682],[-84.08777,40.71682],[-84.0866,40.71682],[-84.08508,40.71684],[-84.08499,40.71684],[-84.08447,40.71684],[-84.08239,40.71686],[-84.08232,40.71686],[-84.08216,40.71686],[-84.08213,40.71686],[-84.08199,40.71686],[-84.08119,40.71685],[-84.08052,40.71685],[-84.08041,40.71685],[-84.07946,40.71685],[-84.07911,40.71685],[-84.07892,40.71686],[-84.07885,40.71686],[-84.07858,40.71687],[-84.07854,40.71687],[-84.07842,40.71687],[-84.07799,40.7169],[-84.07717,40.71698],[-84.07696,40.717],[-84.07644,40.71705],[-84.07626,40.71706],[-84.07585,40.71706],[-84.07539,40.71706],[-84.07539,40.71709],[-84.07539,40.71721],[-84.07539,40.71733],[-84.07542,40.72058],[-84.07549,40.72305],[-84.0755,40.72326],[-84.08023,40.72369],[-84.08243,40.7239],[-84.08253,40.72391],[-84.08311,40.72396],[-84.08395,40.72403],[-84.08508,40.72407],[-84.0857,40.72408],[-84.08617,40.72408],[-84.0876,40.72408],[-84.08988,40.72409],[-84.09206,40.72407],[-84.09232,40.72407],[-84.09274,40.72407],[-84.09361,40.72407],[-84.09515,40.72406],[-84.09638,40.72407],[-84.09647,40.72407],[-84.09746,40.72406],[-84.09869,40.72404]]]}},{"type":"Feature","properties":{"GEOID":"39003013800","NAME":"Census Tract 138","BASENAME":"138","POP100":2614,"HU100":1265,"AREALAND":6609786,"CENTLAT":"+40.7102611","CENTLON":"-084.0944376"},"geometry":{"type":"Polygon","coordinates":[[[-84.1143,40.7175],[-84.11508,40.71581],[-84.11397,40.7158],[-84.11361,40.7158],[-84.11328,40.7158],[-84.11315,40.7158],[-84.11302,40.7158],[-84.11286,40.7158],[-84.11264,40.7158],[-84.11181,40.7158],[-84.11117,40.71581],[-84.11101,40.71582],[-84.11092,40.71582],[-84.11064,40.71586],[-84.11052,40.71588],[-84.11047,40.71589],[-84.1104,40.7159],[-84.1102,40.71595],[-84.11006,40.71598],[-84.10975,40.71609],[-84.10958,40.71617],[-84.10932,40.71629],[-84.10912,40.71642],[-84.10897,40.71652],[-84.1088,40.71664],[-84.10868,40.71672],[-84.1086,40.71675],[-84.10846,40.71678],[-84.10834,40.71678],[-84.10803,40.71677],[-84.10812,40.71661],[-84.1082,40.71647],[-84.10826,40.71634],[-84.10829,40.71624],[-84.10832,40.71607],[-84.10834,40.71598],[-84.10834,40.71584],[-84.10834,40.71579],[-84.10834,40.71553],[-84.10834,40.71481],[-84.10834,40.71467],[-84.10833,40.7143],[-84.10832,40.71307],[-84.10832,40.71301],[-84.10831,40.71181],[-84.1083,40.71058],[-84.1083,40.7095],[-84.10829,40.70853],[-84.10827,40.70769],[-84.10826,40.70734],[-84.10825,40.70688],[-84.10825,40.70606],[-84.10823,40.70522],[-84.10824,40.70437],[-84.10824,40.70355],[-84.10822,40.70222],[-84.10822,40.70117],[-84.10822,40.69884],[-84.10805,40.69886],[-84.10781,40.69889],[-84.10759,40.69891],[-84.10709,40.69894],[-84.1066,40.69896],[-84.10606,40.69896],[-84.10552,40.69896],[-84.10498,40.69897],[-84.10334,40.69899],[-84.1028,40.69899],[-84.10226,40.69899],[-84.10172,40.699],[-84.1012,40.699],[-84.10079,40.699],[-84.1,40.69901],[-84.09909,40.69901],[-84.09674,40.69902],[-84.0953,40.69904],[-84.09484,40.69904],[-84.0946,40.69905],[-84.09269,40.69909],[-84.09257,40.69909],[-84.09238,40.69908],[-84.09178,40.69906],[-84.09128,40.69906],[-84.08987,40.69905],[-84.08645,40.69912],[-84.08534,40.69911],[-84.08512,40.69911],[-84.08493,40.69911],[-84.08447,40.69911],[-84.08401,40.69912],[-84.08308,40.69913],[-84.08277,40.69913],[-84.08239,40.69914],[-84.08186,40.69916],[-84.08165,40.69917],[-84.08126,40.69919],[-84.08105,40.69921],[-84.08069,40.69927],[-84.08034,40.69933],[-84.07998,40.69942],[-84.07964,40.6995],[-84.0793,40.69962],[-84.07902,40.69972],[-84.07864,40.69987],[-84.07839,40.69998],[-84.07794,40.70023],[-84.07767,40.7004],[-84.07735,40.70062],[-84.07721,40.70072],[-84.07687,40.70102],[-84.07655,40.70134],[-84.07639,40.70152],[-84.07621,40.70173],[-84.07609,40.7019],[-84.07586,40.70227],[-84.07577,40.70248],[-84.07567,40.7027],[-84.07554,40.70297],[-84.07547,40.70321],[-84.07541,40.70347],[-84.07536,40.70373],[-84.07533,40.704],[-84.07532,40.70455],[-84.07532,40.70526],[-84.07532,40.70621],[-84.07532,40.70722],[-84.07532,40.70784],[-84.07533,40.70882],[-84.07532,40.70946],[-84.07533,40.70965],[-84.07538,40.71418],[-84.07541,40.71578],[-84.0754,40.71654],[-84.07539,40.71706],[-84.07585,40.71706],[-84.07626,40.71706],[-84.07644,40.71705],[-84.07696,40.717],[-84.07717,40.71698],[-84.07799,40.7169],[-84.07842,40.71687],[-84.07854,40.71687],[-84.07858,40.71687],[-84.07885,40.71686],[-84.07892,40.71686],[-84.07911,40.71685],[-84.07946,40.71685],[-84.08041,40.71685],[-84.08052,40.71685],[-84.08119,40.71685],[-84.08199,40.71686],[-84.08213,40.71686],[-84.08216,40.71686],[-84.08232,40.71686],[-84.08239,40.71686],[-84.08447,40.71684],[-84.08499,40.71684],[-84.08508,40.71684],[-84.0866,40.71682],[-84.08777,40.71682],[-84.08851,40.71682],[-84.08871,40.71682],[-84.08893,40.71682],[-84.08992,40.71682],[-84.09165,40.71681],[-84.09182,40.71681],[-84.09383,40.7168],[-84.09448,40.7178],[-84.09516,40.71879],[-84.09552,40.71934],[-84.09579,40.71975],[-84.09621,40.72036],[-84.09644,40.72074],[-84.09681,40.72128],[-84.09716,40.72178],[-84.0979,40.72289],[-84.09869,40.72404],[-84.09967,40.72403],[-84.10087,40.72404],[-84.10226,40.72403],[-84.10365,40.72402],[-84.10381,40.72402],[-84.10421,40.72403],[-84.10455,40.72403],[-84.10506,40.72403],[-84.10528,40.72402],[-84.10573,40.72402],[-84.10643,40.724],[-84.10656,40.72399],[-84.1067,40.72398],[-84.10677,40.72398],[-84.10843,40.72397],[-84.10921,40.724],[-84.11035,40.72405],[-84.11102,40.72409],[-84.11178,40.72414],[-84.11255,40.7242],[-84.11327,40.72425],[-84.11327,40.72414],[-84.11327,40.72412],[-84.11327,40.72395],[-84.11327,40.72265],[-84.11327,40.72219],[-84.11327,40.7221],[-84.11327,40.7219],[-84.11326,40.72077],[-84.11327,40.72019],[-84.11329,40.71991],[-84.11329,40.71976],[-84.11335,40.71956],[-84.11353,40.71915],[-84.11388,40.71841],[-84.1139,40.71836],[-84.11403,40.71807],[-84.1143,40.7175]]]}},{"type":"Feature","properties":{"GEOID":"39003013900","NAME":"Census Tract 139","BASENAME":"139","POP100":3313,"HU100":1458,"AREALAND":69531676,"CENTLAT":"+40.8001593","CENTLON":"-084.3097603"},"geometry":{"type":"Polygon","coordinates":[[[-84.39738,40.81565],[-84.39738,40.81495],[-84.39737,40.81424],[-84.39737,40.81354],[-84.39736,40.81242],[-84.39735,40.81172],[-84.39734,40.81085],[-84.39734,40.81016],[-84.39732,40.8086],[-84.39732,40.80833],[-84.39732,40.80759],[-84.39731,40.80697],[-84.3973,40.80605],[-84.3973,40.80585],[-84.3973,40.8053],[-84.39728,40.80452],[-84.39728,40.80441],[-84.39728,40.80431],[-84.39726,40.80114],[-84.39723,40.79721],[-84.39723,40.797],[-84.39723,40.79642],[-84.39723,40.79594],[-84.39722,40.79541],[-84.39722,40.79383],[-84.39721,40.7914],[-84.39721,40.79083],[-84.39721,40.7902],[-84.39719,40.78792],[-84.3972,40.7876],[-84.39719,40.78658],[-84.38773,40.78664],[-84.38387,40.78668],[-84.37834,40.78671],[-84.37494,40.78677],[-84.36556,40.78678],[-84.36105,40.7868],[-84.35897,40.78676],[-84.35511,40.78676],[-84.35288,40.78678],[-84.35213,40.7868],[-84.34946,40.78683],[-84.34002,40.78695],[-84.34002,40.78686],[-84.34004,40.78566],[-84.33993,40.77969],[-84.34004,40.77381],[-84.34,40.77211],[-84.33633,40.77211],[-84.33409,40.77212],[-84.32409,40.77212],[-84.31538,40.77213],[-84.30947,40.77213],[-84.30336,40.77213],[-84.30315,40.77213],[-84.30006,40.77213],[-84.29996,40.77216],[-84.29996,40.77222],[-84.29993,40.77227],[-84.29989,40.77229],[-84.29985,40.77231],[-84.29981,40.77232],[-84.29973,40.77232],[-84.29949,40.77232],[-84.29862,40.7723],[-84.29656,40.77233],[-84.29491,40.77236],[-84.29483,40.77238],[-84.29476,40.7724],[-84.29471,40.77243],[-84.2878,40.7725],[-84.28509,40.77253],[-84.28183,40.77259],[-84.28098,40.77259],[-84.27958,40.77259],[-84.27899,40.77261],[-84.27867,40.77262],[-84.26738,40.77271],[-84.26666,40.77272],[-84.26288,40.77273],[-84.25711,40.77284],[-84.2565,40.77284],[-84.25262,40.77293],[-84.2503,40.77298],[-84.24848,40.77302],[-84.24786,40.77303],[-84.24736,40.77305],[-84.24696,40.77305],[-84.24655,40.77306],[-84.24621,40.77306],[-84.246,40.77307],[-84.24558,40.77307],[-84.245,40.77309],[-84.24466,40.77311],[-84.24422,40.77312],[-84.24289,40.77314],[-84.24234,40.7732],[-84.23329,40.77326],[-84.23045,40.77327],[-84.22366,40.77345],[-84.22367,40.77474],[-84.22368,40.77494],[-84.22368,40.77519],[-84.2237,40.77649],[-84.2237,40.77672],[-84.2237,40.77685],[-84.22374,40.77869],[-84.22374,40.77949],[-84.22375,40.77983],[-84.22375,40.7803],[-84.22376,40.78081],[-84.22377,40.7811],[-84.22377,40.78185],[-84.22379,40.78239],[-84.2238,40.78308],[-84.22381,40.78372],[-84.22386,40.78725],[-84.22391,40.7897],[-84.22391,40.78999],[-84.2239,40.79015],[-84.22391,40.79043],[-84.22392,40.79068],[-84.22392,40.7909],[-84.22392,40.79094],[-84.22393,40.79118],[-84.22393,40.79144],[-84.22394,40.79163],[-84.22394,40.79182],[-84.22394,40.79201],[-84.22395,40.7922],[-84.22395,40.79239],[-84.22395,40.79277],[-84.22395,40.79279],[-84.22397,40.7939],[-84.22397,40.79404],[-84.22397,40.79405],[-84.22398,40.79419],[-84.22398,40.79446],[-84.22398,40.79463],[-84.22398,40.79476],[-84.224,40.79504],[-84.224,40.79514],[-84.22401,40.7955],[-84.22402,40.79578],[-84.22588,40.79664],[-84.22671,40.79699],[-84.22715,40.79719],[-84.22774,40.79746],[-84.22832,40.79772],[-84.22908,40.79806],[-84.23119,40.79902],[-84.23142,40.79913],[-84.23156,40.7992],[-84.23193,40.79936],[-84.23266,40.79969],[-84.23338,40.80002],[-84.23382,40.80022],[-84.23426,40.80041],[-84.23514,40.80081],[-84.23559,40.80102],[-84.23604,40.80122],[-84.23649,40.80142],[-84.23719,40.80174],[-84.23788,40.80205],[-84.23857,40.80238],[-84.23925,40.80268],[-84.23996,40.803],[-84.24065,40.80331],[-84.24133,40.80362],[-84.24179,40.80383],[-84.24195,40.8039],[-84.2421,40.80397],[-84.24326,40.8045],[-84.24386,40.80478],[-84.24457,40.80509],[-84.24604,40.80576],[-84.24624,40.80585],[-84.24698,40.80618],[-84.24776,40.80654],[-84.24858,40.80691],[-84.24938,40.80727],[-84.25001,40.80756],[-84.25073,40.80788],[-84.25166,40.80831],[-84.25266,40.80876],[-84.25293,40.80888],[-84.25356,40.80917],[-84.25427,40.80949],[-84.25526,40.80994],[-84.25635,40.81043],[-84.2572,40.81081],[-84.25787,40.81112],[-84.25827,40.81129],[-84.25963,40.81192],[-84.26124,40.81265],[-84.26262,40.81328],[-84.26697,40.81527],[-84.26938,40.81637],[-84.26978,40.81654],[-84.27247,40.81775],[-84.27394,40.81841],[-84.27439,40.81862],[-84.27711,40.81985],[-84.27849,40.82048],[-84.28179,40.82197],[-84.28704,40.82436],[-84.28868,40.82509],[-84.28955,40.8255],[-84.29009,40.82574],[-84.29141,40.82634],[-84.29182,40.82652],[-84.29296,40.82705],[-84.29344,40.82727],[-84.2937,40.82739],[-84.29648,40.82864],[-84.29698,40.82888],[-84.30086,40.83062],[-84.30104,40.83071],[-84.3035,40.83182],[-84.30435,40.83221],[-84.30529,40.83264],[-84.30596,40.83294],[-84.30686,40.83334],[-84.30756,40.83366],[-84.30826,40.83398],[-84.30869,40.83417],[-84.30941,40.83449],[-84.31031,40.8349],[-84.31054,40.83499],[-84.31248,40.83589],[-84.31523,40.83713],[-84.31743,40.83809],[-84.31856,40.83862],[-84.31925,40.83893],[-84.32051,40.83949],[-84.32191,40.84015],[-84.3225,40.84043],[-84.32269,40.84052],[-84.32285,40.84062],[-84.32307,40.84077],[-84.32318,40.84085],[-84.32339,40.84105],[-84.32355,40.8412],[-84.32365,40.84142],[-84.32376,40.84166],[-84.32383,40.8419],[-84.32386,40.84208],[-84.32389,40.84227],[-84.32385,40.8429],[-84.32387,40.84346],[-84.32386,40.84417],[-84.32386,40.84426],[-84.32386,40.84441],[-84.32386,40.84454],[-84.32385,40.84486],[-84.32385,40.84499],[-84.32385,40.84513],[-84.32386,40.84519],[-84.32385,40.84574],[-84.32384,40.84604],[-84.32383,40.84656],[-84.32447,40.84648],[-84.32512,40.84639],[-84.32559,40.84636],[-84.32591,40.84636],[-84.32636,40.84638],[-84.32646,40.84639],[-84.32751,40.8465],[-84.32866,40.84607],[-84.32945,40.84581],[-84.33088,40.84535],[-84.33106,40.84528],[-84.33149,40.84507],[-84.3321,40.84507],[-84.33271,40.84507],[-84.33348,40.84507],[-84.33406,40.84506],[-84.33447,40.84506],[-84.33459,40.84506],[-84.33515,40.84505],[-84.3358,40.84505],[-84.33646,40.84504],[-84.3371,40.84504],[-84.33775,40.84503],[-84.33843,40.84503],[-84.33909,40.84503],[-84.33973,40.84502],[-84.34011,40.84503],[-84.34029,40.84504],[-84.34038,40.84504],[-84.34038,40.8447],[-84.34039,40.84426],[-84.34039,40.84371],[-84.34039,40.84272],[-84.3404,40.84203],[-84.3404,40.84172],[-84.3404,40.84166],[-84.34037,40.8408],[-84.34037,40.84073],[-84.34036,40.8403],[-84.34036,40.83972],[-84.3403,40.83382],[-84.34031,40.83283],[-84.34031,40.83274],[-84.3403,40.83269],[-84.3403,40.83235],[-84.34029,40.83187],[-84.34028,40.83124],[-84.34027,40.83047],[-84.34027,40.83003],[-84.34026,40.8296],[-84.34025,40.82895],[-84.34025,40.82885],[-84.34025,40.82875],[-84.34025,40.82838],[-84.34022,40.82659],[-84.3401,40.81614],[-84.34014,40.81614],[-84.34022,40.81615],[-84.34474,40.81614],[-84.34635,40.81614],[-84.34992,40.81609],[-84.35063,40.8161],[-84.35079,40.8161],[-84.35246,40.8161],[-84.35917,40.81608],[-84.3594,40.81608],[-84.35943,40.81608],[-84.36003,40.81608],[-84.36325,40.81608],[-84.3641,40.81609],[-84.36466,40.81609],[-84.36714,40.81606],[-84.36888,40.81604],[-84.37155,40.81603],[-84.37484,40.81603],[-84.37805,40.81602],[-84.37839,40.81602],[-84.37868,40.816],[-84.3793,40.81599],[-84.38556,40.81597],[-84.38803,40.81598],[-84.38856,40.81596],[-84.38928,40.81595],[-84.38936,40.81595],[-84.39,40.81595],[-84.39008,40.81595],[-84.39214,40.81595],[-84.39391,40.81595],[-84.39546,40.81593],[-84.39551,40.81593],[-84.39737,40.81594],[-84.39738,40.81565]]]}},{"type":"Feature","properties":{"GEOID":"39003014000","NAME":"Census Tract 140","BASENAME":"140","POP100":3316,"HU100":1379,"AREALAND":40208134,"CENTLAT":"+40.8377707","CENTLON":"-084.2684637"},"geometry":{"type":"Polygon","coordinates":[[[-84.34053,40.8591],[-84.34048,40.85703],[-84.34048,40.85629],[-84.34048,40.85616],[-84.34047,40.85496],[-84.34047,40.85464],[-84.34045,40.85206],[-84.34045,40.85111],[-84.34043,40.84995],[-84.34042,40.84967],[-84.34042,40.84962],[-84.34042,40.84914],[-84.34044,40.84814],[-84.34044,40.84762],[-84.34044,40.8476],[-84.34044,40.84712],[-84.34041,40.84585],[-84.34038,40.84504],[-84.34029,40.84504],[-84.34011,40.84503],[-84.33973,40.84502],[-84.33909,40.84503],[-84.33843,40.84503],[-84.33775,40.84503],[-84.3371,40.84504],[-84.33646,40.84504],[-84.3358,40.84505],[-84.33515,40.84505],[-84.33459,40.84506],[-84.33447,40.84506],[-84.33406,40.84506],[-84.33348,40.84507],[-84.33271,40.84507],[-84.3321,40.84507],[-84.33149,40.84507],[-84.33106,40.84528],[-84.33088,40.84535],[-84.32945,40.84581],[-84.32866,40.84607],[-84.32751,40.8465],[-84.32646,40.84639],[-84.32636,40.84638],[-84.32591,40.84636],[-84.32559,40.84636],[-84.32512,40.84639],[-84.32447,40.84648],[-84.32383,40.84656],[-84.32384,40.84604],[-84.32385,40.84574],[-84.32386,40.84519],[-84.32385,40.84513],[-84.32385,40.84499],[-84.32385,40.84486],[-84.32386,40.84454],[-84.32386,40.84441],[-84.32386,40.84426],[-84.32386,40.84417],[-84.32387,40.84346],[-84.32385,40.8429],[-84.32389,40.84227],[-84.32386,40.84208],[-84.32383,40.8419],[-84.32376,40.84166],[-84.32365,40.84142],[-84.32355,40.8412],[-84.32339,40.84105],[-84.32318,40.84085],[-84.32307,40.84077],[-84.32285,40.84062],[-84.32269,40.84052],[-84.3225,40.84043],[-84.32191,40.84015],[-84.32051,40.83949],[-84.31925,40.83893],[-84.31856,40.83862],[-84.31743,40.83809],[-84.31523,40.83713],[-84.31248,40.83589],[-84.31054,40.83499],[-84.31031,40.8349],[-84.30941,40.83449],[-84.30869,40.83417],[-84.30826,40.83398],[-84.30756,40.83366],[-84.30686,40.83334],[-84.30596,40.83294],[-84.30529,40.83264],[-84.30435,40.83221],[-84.3035,40.83182],[-84.30104,40.83071],[-84.30086,40.83062],[-84.29698,40.82888],[-84.29648,40.82864],[-84.2937,40.82739],[-84.29344,40.82727],[-84.29296,40.82705],[-84.29182,40.82652],[-84.29141,40.82634],[-84.29009,40.82574],[-84.28955,40.8255],[-84.28868,40.82509],[-84.28704,40.82436],[-84.28179,40.82197],[-84.27849,40.82048],[-84.27711,40.81985],[-84.27439,40.81862],[-84.27394,40.81841],[-84.27247,40.81775],[-84.26978,40.81654],[-84.26938,40.81637],[-84.26697,40.81527],[-84.26262,40.81328],[-84.26124,40.81265],[-84.25963,40.81192],[-84.25827,40.81129],[-84.25787,40.81112],[-84.2572,40.81081],[-84.25635,40.81043],[-84.25526,40.80994],[-84.25427,40.80949],[-84.25356,40.80917],[-84.25293,40.80888],[-84.25266,40.80876],[-84.25166,40.80831],[-84.25073,40.80788],[-84.25001,40.80756],[-84.24938,40.80727],[-84.24858,40.80691],[-84.24776,40.80654],[-84.24698,40.80618],[-84.24624,40.80585],[-84.24604,40.80576],[-84.24457,40.80509],[-84.24386,40.80478],[-84.24326,40.8045],[-84.2421,40.80397],[-84.24195,40.8039],[-84.24179,40.80383],[-84.24133,40.80362],[-84.24065,40.80331],[-84.23996,40.803],[-84.23925,40.80268],[-84.23857,40.80238],[-84.23788,40.80205],[-84.23719,40.80174],[-84.23649,40.80142],[-84.23604,40.80122],[-84.23559,40.80102],[-84.23514,40.80081],[-84.23426,40.80041],[-84.23382,40.80022],[-84.23338,40.80002],[-84.23266,40.79969],[-84.23193,40.79936],[-84.23156,40.7992],[-84.23142,40.79913],[-84.23119,40.79902],[-84.22908,40.79806],[-84.22832,40.79772],[-84.22774,40.79746],[-84.22715,40.79719],[-84.22671,40.79699],[-84.22588,40.79664],[-84.22402,40.79578],[-84.22402,40.79594],[-84.22402,40.79647],[-84.22403,40.79682],[-84.22404,40.79707],[-84.22404,40.79779],[-84.22403,40.79795],[-84.22404,40.7984],[-84.22405,40.79865],[-84.22405,40.79887],[-84.22405,40.79919],[-84.22405,40.79949],[-84.22405,40.8001],[-84.22407,40.80125],[-84.22407,40.80154],[-84.22408,40.80179],[-84.22408,40.80205],[-84.2241,40.80247],[-84.22411,40.80261],[-84.2241,40.8029],[-84.22411,40.80349],[-84.22411,40.80379],[-84.22411,40.80384],[-84.22411,40.80412],[-84.22413,40.80452],[-84.22413,40.80463],[-84.22415,40.80488],[-84.22414,40.80554],[-84.22415,40.80601],[-84.22415,40.80614],[-84.22415,40.80645],[-84.22416,40.80676],[-84.22416,40.80709],[-84.22416,40.80735],[-84.22416,40.80765],[-84.22416,40.80788],[-84.22415,40.80796],[-84.22417,40.81658],[-84.22426,40.82358],[-84.22455,40.83423],[-84.22443,40.83655],[-84.22441,40.83681],[-84.22463,40.84564],[-84.22469,40.84816],[-84.22471,40.84844],[-84.2247,40.84896],[-84.2247,40.8497],[-84.2247,40.8499],[-84.22474,40.85106],[-84.22475,40.85237],[-84.22476,40.85307],[-84.22478,40.85376],[-84.22479,40.85446],[-84.2248,40.85516],[-84.22481,40.85586],[-84.22481,40.85655],[-84.22484,40.85793],[-84.22484,40.85863],[-84.22485,40.85931],[-84.22485,40.85967],[-84.22486,40.86011],[-84.22699,40.86009],[-84.23143,40.86004],[-84.23158,40.86004],[-84.23313,40.85998],[-84.23341,40.85997],[-84.23441,40.85992],[-84.23531,40.85991],[-84.23645,40.85989],[-84.23913,40.85984],[-84.24276,40.85977],[-84.24363,40.85975],[-84.2439,40.85978],[-84.24994,40.85977],[-84.25274,40.85976],[-84.25329,40.85975],[-84.2593,40.85971],[-84.26282,40.85968],[-84.26626,40.85969],[-84.26645,40.85969],[-84.26688,40.85969],[-84.26816,40.8597],[-84.26837,40.8597],[-84.27099,40.85969],[-84.27729,40.85966],[-84.27899,40.85966],[-84.28148,40.85965],[-84.28342,40.85964],[-84.28683,40.85964],[-84.28697,40.85963],[-84.28712,40.85961],[-84.28721,40.85962],[-84.28731,40.85963],[-84.28744,40.85965],[-84.28796,40.85966],[-84.28984,40.85969],[-84.28993,40.85969],[-84.28999,40.85969],[-84.29006,40.85969],[-84.29551,40.85963],[-84.31073,40.85946],[-84.31216,40.85944],[-84.31307,40.85943],[-84.31401,40.85941],[-84.31426,40.85941],[-84.31501,40.8594],[-84.32027,40.85934],[-84.32036,40.85934],[-84.32077,40.85933],[-84.32119,40.85933],[-84.32191,40.85932],[-84.32315,40.8593],[-84.32315,40.85941],[-84.32318,40.85941],[-84.32896,40.85934],[-84.32959,40.85933],[-84.32962,40.85933],[-84.32962,40.8593],[-84.32974,40.85929],[-84.33027,40.85929],[-84.33063,40.85927],[-84.33398,40.8592],[-84.33437,40.85919],[-84.33692,40.85913],[-84.33831,40.85911],[-84.33887,40.85911],[-84.33912,40.85911],[-84.33941,40.85911],[-84.33983,40.85911],[-84.34036,40.8591],[-84.34053,40.8591]]]}},{"type":"Feature","properties":{"GEOID":"39003014100","NAME":"Census Tract 141","BASENAME":"141","POP100":1695,"HU100":1048,"AREALAND":2728401,"CENTLAT":"+40.7452845","CENTLON":"-084.1008596"},"geometry":{"type":"Polygon","coordinates":[[[-84.11338,40.73672],[-84.1134,40.73606],[-84.11337,40.73482],[-84.11336,40.73425],[-84.11336,40.73384],[-84.11335,40.7337],[-84.11328,40.7337],[-84.11324,40.73369],[-84.11318,40.73367],[-84.11308,40.73366],[-84.11295,40.73367],[-84.11288,40.73367],[-84.11281,40.73367],[-84.11264,40.73368],[-84.11249,40.73369],[-84.11233,40.73371],[-84.11222,40.73374],[-84.11212,40.73376],[-84.11204,40.73377],[-84.11189,40.7338],[-84.11178,40.73382],[-84.11169,40.73384],[-84.11162,40.73387],[-84.11158,40.73389],[-84.11155,40.7339],[-84.11149,40.73391],[-84.11145,40.73392],[-84.1114,40.73395],[-84.11133,40.73397],[-84.11121,40.734],[-84.11108,40.73403],[-84.11099,40.73406],[-84.11092,40.73409],[-84.11087,40.73412],[-84.11078,40.73414],[-84.11066,40.73416],[-84.11056,40.7342],[-84.11053,40.73423],[-84.11048,40.73426],[-84.11042,40.73427],[-84.11036,40.7343],[-84.11029,40.73434],[-84.1102,40.73438],[-84.11007,40.73442],[-84.11,40.73443],[-84.10991,40.73445],[-84.10986,40.73447],[-84.1098,40.7345],[-84.10976,40.73452],[-84.10971,40.73453],[-84.10962,40.73457],[-84.10954,40.73462],[-84.1095,40.73467],[-84.10947,40.73469],[-84.1094,40.73472],[-84.109,40.73486],[-84.10892,40.73487],[-84.10884,40.73489],[-84.10879,40.73493],[-84.10866,40.73501],[-84.10781,40.73534],[-84.10769,40.73537],[-84.10764,40.73537],[-84.10758,40.73537],[-84.10754,40.73537],[-84.10746,40.73539],[-84.1074,40.73541],[-84.10734,40.73543],[-84.10729,40.73544],[-84.10726,40.73546],[-84.10723,40.73549],[-84.10719,40.73554],[-84.10715,40.73557],[-84.107,40.73564],[-84.10691,40.73568],[-84.10682,40.7357],[-84.10658,40.73577],[-84.10655,40.73578],[-84.10649,40.73578],[-84.10641,40.73579],[-84.10635,40.73581],[-84.10626,40.73582],[-84.10622,40.73583],[-84.10614,40.73588],[-84.10596,40.73595],[-84.10588,40.73598],[-84.10585,40.736],[-84.10582,40.73604],[-84.10579,40.73606],[-84.10573,40.73608],[-84.1057,40.73609],[-84.10565,40.73608],[-84.10563,40.73608],[-84.10561,40.73608],[-84.10558,40.73611],[-84.10554,40.73612],[-84.10548,40.73613],[-84.10538,40.73617],[-84.10534,40.7362],[-84.1053,40.73621],[-84.10525,40.73624],[-84.10521,40.73627],[-84.10516,40.7363],[-84.105,40.73637],[-84.10486,40.73636],[-84.10474,40.73635],[-84.1046,40.73636],[-84.10455,40.73637],[-84.10441,40.73638],[-84.10426,40.73637],[-84.10413,40.73636],[-84.10408,40.73635],[-84.10402,40.73632],[-84.10396,40.73631],[-84.10391,40.7363],[-84.10384,40.7363],[-84.10378,40.73629],[-84.10375,40.73628],[-84.10372,40.73628],[-84.10364,40.73629],[-84.1036,40.73629],[-84.10357,40.73628],[-84.10346,40.73629],[-84.10339,40.73627],[-84.10332,40.73627],[-84.10328,40.73628],[-84.10323,40.73629],[-84.10311,40.73629],[-84.10305,40.73629],[-84.10299,40.73631],[-84.10293,40.73634],[-84.10289,40.73634],[-84.10283,40.73634],[-84.10276,40.73634],[-84.10268,40.73636],[-84.1026,40.73638],[-84.10251,40.73641],[-84.10245,40.73642],[-84.10241,40.73642],[-84.10238,40.73643],[-84.10236,40.73646],[-84.10231,40.7365],[-84.10228,40.73653],[-84.10224,40.73656],[-84.10218,40.73657],[-84.1021,40.73657],[-84.10202,40.73659],[-84.10194,40.7366],[-84.10191,40.73659],[-84.10189,40.73659],[-84.10184,40.7366],[-84.10181,40.73663],[-84.10177,40.73665],[-84.10172,40.73666],[-84.10158,40.73669],[-84.10146,40.73672],[-84.1014,40.73673],[-84.10133,40.73673],[-84.10127,40.73675],[-84.10118,40.73677],[-84.10115,40.7368],[-84.10105,40.73683],[-84.10084,40.73688],[-84.10039,40.73706],[-84.0999,40.73729],[-84.09973,40.73738],[-84.09969,40.73741],[-84.09964,40.73746],[-84.09959,40.7375],[-84.09952,40.73757],[-84.09945,40.73762],[-84.09939,40.73766],[-84.09935,40.73767],[-84.09931,40.7377],[-84.09929,40.73772],[-84.09927,40.73773],[-84.09923,40.73774],[-84.0992,40.73776],[-84.09919,40.73778],[-84.09918,40.7378],[-84.09917,40.73783],[-84.099,40.73795],[-84.0989,40.73799],[-84.09881,40.73801],[-84.09873,40.73803],[-84.09865,40.73807],[-84.09855,40.7381],[-84.09844,40.73815],[-84.09829,40.73822],[-84.0982,40.73825],[-84.09818,40.73825],[-84.098,40.7383],[-84.09778,40.73835],[-84.09764,40.73842],[-84.09756,40.73844],[-84.09751,40.73845],[-84.09745,40.73846],[-84.09739,40.73848],[-84.09732,40.73857],[-84.09719,40.73867],[-84.097,40.73875],[-84.09673,40.73893],[-84.09629,40.73923],[-84.09614,40.73933],[-84.09582,40.7395],[-84.09579,40.73951],[-84.09573,40.73954],[-84.09565,40.73961],[-84.09557,40.73972],[-84.09544,40.73985],[-84.09537,40.73992],[-84.09527,40.74002],[-84.09524,40.74004],[-84.09518,40.74012],[-84.09495,40.74019],[-84.09482,40.74024],[-84.0947,40.74031],[-84.09459,40.74036],[-84.09439,40.74044],[-84.09425,40.7405],[-84.09397,40.74057],[-84.09378,40.74061],[-84.09362,40.74066],[-84.09354,40.74071],[-84.09347,40.74073],[-84.09333,40.74075],[-84.093,40.74083],[-84.09286,40.74087],[-84.09273,40.74093],[-84.09266,40.74099],[-84.09257,40.7411],[-84.09249,40.74125],[-84.09244,40.74133],[-84.09243,40.74135],[-84.09242,40.74144],[-84.09243,40.74149],[-84.09241,40.74154],[-84.0924,40.74158],[-84.09239,40.74163],[-84.0924,40.74167],[-84.09242,40.74172],[-84.09244,40.74179],[-84.09244,40.74186],[-84.09242,40.74193],[-84.09244,40.742],[-84.09247,40.74204],[-84.0925,40.74212],[-84.09253,40.74219],[-84.09255,40.74225],[-84.09257,40.74229],[-84.0926,40.74235],[-84.09263,40.7424],[-84.09268,40.74247],[-84.0927,40.74264],[-84.09272,40.74269],[-84.09274,40.74274],[-84.09278,40.74282],[-84.09282,40.74295],[-84.09289,40.74311],[-84.09292,40.74316],[-84.09297,40.74318],[-84.09304,40.74323],[-84.09309,40.74325],[-84.09313,40.74326],[-84.09318,40.74327],[-84.09321,40.74328],[-84.09328,40.74334],[-84.09332,40.74339],[-84.09336,40.74342],[-84.09341,40.74345],[-84.09347,40.74348],[-84.09353,40.74352],[-84.09357,40.74357],[-84.0936,40.74364],[-84.09372,40.74376],[-84.09372,40.74378],[-84.09376,40.74385],[-84.09377,40.74389],[-84.09378,40.74395],[-84.09377,40.744],[-84.09378,40.74407],[-84.09378,40.74419],[-84.0938,40.74428],[-84.09378,40.74435],[-84.09376,40.7445],[-84.09374,40.74459],[-84.09372,40.74469],[-84.09372,40.74474],[-84.0937,40.7448],[-84.09366,40.74485],[-84.09365,40.74491],[-84.09364,40.74502],[-84.09362,40.74505],[-84.09359,40.7451],[-84.09356,40.74519],[-84.09355,40.74525],[-84.09351,40.74536],[-84.09349,40.74548],[-84.09331,40.7455],[-84.09261,40.74558],[-84.09211,40.74562],[-84.09172,40.74565],[-84.09112,40.74569],[-84.09069,40.74571],[-84.09035,40.74572],[-84.08945,40.74575],[-84.0893,40.74576],[-84.08928,40.74796],[-84.08928,40.74812],[-84.08927,40.75035],[-84.08926,40.75088],[-84.08926,40.75089],[-84.08927,40.75122],[-84.08927,40.75191],[-84.08926,40.75219],[-84.08925,40.7534],[-84.08946,40.75339],[-84.0907,40.7532],[-84.09189,40.75302],[-84.09309,40.75284],[-84.09425,40.7527],[-84.09426,40.7529],[-84.09427,40.75317],[-84.09425,40.75397],[-84.09425,40.75452],[-84.09424,40.75547],[-84.09424,40.75584],[-84.09425,40.75629],[-84.09426,40.75664],[-84.09426,40.75666],[-84.09426,40.75726],[-84.09424,40.75756],[-84.09421,40.75799],[-84.0943,40.75843],[-84.09427,40.75914],[-84.09429,40.75928],[-84.09429,40.75932],[-84.09429,40.75935],[-84.09429,40.75937],[-84.0943,40.75942],[-84.09432,40.75942],[-84.09432,40.75935],[-84.0944,40.75935],[-84.0945,40.75935],[-84.09466,40.75935],[-84.09562,40.75932],[-84.09583,40.75931],[-84.09598,40.75931],[-84.09617,40.75931],[-84.09713,40.75929],[-84.09736,40.75928],[-84.09904,40.75924],[-84.09985,40.75924],[-84.10017,40.75819],[-84.1004,40.75742],[-84.10076,40.75605],[-84.10105,40.75445],[-84.10106,40.75437],[-84.10118,40.75314],[-84.10118,40.75304],[-84.10122,40.7521],[-84.10118,40.75065],[-84.10116,40.74658],[-84.10118,40.74647],[-84.10119,40.74642],[-84.10115,40.74632],[-84.10113,40.74615],[-84.10112,40.74594],[-84.10113,40.74571],[-84.10111,40.74497],[-84.10164,40.74496],[-84.10216,40.74495],[-84.10268,40.74495],[-84.10317,40.74495],[-84.10425,40.74495],[-84.10497,40.74494],[-84.10591,40.74493],[-84.10679,40.74493],[-84.10776,40.74494],[-84.10849,40.74498],[-84.10942,40.74505],[-84.10984,40.74511],[-84.11037,40.74517],[-84.11219,40.7455],[-84.11224,40.74551],[-84.11338,40.74578],[-84.11338,40.7451],[-84.11338,40.74461],[-84.11338,40.74402],[-84.11336,40.74273],[-84.11336,40.74267],[-84.11333,40.74136],[-84.11332,40.73999],[-84.11333,40.73931],[-84.11334,40.73863],[-84.11335,40.73793],[-84.11335,40.73736],[-84.11338,40.73672]]]}}]}
