{"type":"FeatureCollection","features":[{"type":"Feature","properties":{"GEOID":"3900301602","NAME":"Amanda township","BASENAME":"Amanda","LSADC":"44","AREALAND":"86284328","AREAWATER":"2785612","CENTLAT":"+40.7310425","CENTLON":"-084.2782139"},"geometry":{"type":"Polygon","coordinates":[[[-84.34,40.77211],[-84.33987,40.76956],[-84.33986,40.76398],[-84.33977,40.75783],[-84.33984,40.75058],[-84.33984,40.75005],[-84.33953,40.75005],[-84.33949,40.74769],[-84.3395,40.73816],[-84.3395,40.73666],[-84.33974,40.73602],[-84.33974,40.736],[-84.3398,40.73502],[-84.33981,40.73491],[-84.33976,40.73307],[-84.33953,40.72221],[-84.33952,40.71928],[-84.33954,40.71454],[-84.3383,40.71454],[-84.33655,40.71454],[-84.3365,40.71454],[-84.33629,40.71454],[-84.32164,40.71464],[-84.32025,40.71465],[-84.31851,40.71466],[-84.31851,40.71411],[-84.3185,40.71344],[-84.3185,40.71275],[-84.3185,40.71209],[-84.31849,40.71055],[-84.31848,40.71011],[-84.31848,40.70951],[-84.3185,40.70843],[-84.31849,40.70744],[-84.31848,40.70585],[-84.31844,40.70358],[-84.3184,40.70242],[-84.31839,40.70141],[-84.31838,40.70079],[-84.31838,40.7002],[-84.31837,40.69963],[-84.31837,40.6989],[-84.31836,40.6983],[-84.31834,40.69756],[-84.31832,40.69607],[-84.31831,40.69549],[-84.31831,40.69514],[-84.3183,40.69427],[-84.31829,40.69385],[-84.31829,40.69293],[-84.31828,40.6914],[-84.31826,40.69006],[-84.31825,40.68931],[-84.31825,40.68851],[-84.31824,40.68773],[-84.31821,40.68566],[-84.31779,40.68566],[-84.31694,40.68566],[-84.31273,40.68568],[-84.31206,40.68568],[-84.31109,40.68567],[-84.31005,40.68567],[-84.30916,40.68567],[-84.30805,40.68568],[-84.3076,40.68568],[-84.30672,40.68568],[-84.30566,40.68568],[-84.30393,40.68569],[-84.30251,40.68569],[-84.3025,40.68569],[-84.30201,40.68569],[-84.30196,40.68569],[-84.30179,40.68569],[-84.30013,40.68572],[-84.29947,40.68572],[-84.29927,40.68572],[-84.29915,40.68572],[-84.29791,40.68573],[-84.29694,40.68574],[-84.29573,40.68575],[-84.29448,40.68574],[-84.29333,40.68574],[-84.29288,40.68574],[-84.29202,40.68575],[-84.29007,40.68575],[-84.28949,40.68575],[-84.2886,40.68575],[-84.28853,40.68575],[-84.28769,40.68575],[-84.28751,40.68575],[-84.28724,40.68575],[-84.28675,40.68576],[-84.28564,40.68576],[-84.285,40.68576],[-84.28423,40.68575],[-84.28422,40.68575],[-84.28371,40.68575],[-84.28321,40.68574],[-84.28214,40.68575],[-84.28122,40.68575],[-84.28018,40.68575],[-84.28014,40.68575],[-84.28006,40.68574],[-84.27993,40.68574],[-84.27964,40.68574],[-84.2785,40.68575],[-84.27693,40.68576],[-84.27541,40.68578],[-84.27483,40.68578],[-84.27353,40.68579],[-84.27255,40.6858],[-84.27222,40.6858],[-84.27108,40.68581],[-84.27097,40.68581],[-84.27079,40.68581],[-84.27076,40.68581],[-84.27038,40.6858],[-84.26644,40.68583],[-84.26565,40.68584],[-84.2655,40.68584],[-84.26532,40.68584],[-84.26529,40.68584],[-84.26422,40.68586],[-84.26418,40.68586],[-84.26369,40.68587],[-84.26346,40.68587],[-84.2633,40.68587],[-84.26301,40.68587],[-84.26149,40.68589],[-84.26109,40.6859],[-84.26074,40.6859],[-84.25996,40.68591],[-84.25966,40.68591],[-84.25963,40.68591],[-84.25898,40.68593],[-84.25895,40.68593],[-84.25861,40.68594],[-84.25808,40.68594],[-84.25768,40.68594],[-84.25719,40.68595],[-84.2569,40.68596],[-84.25674,40.68597],[-84.25655,40.686],[-84.25636,40.68604],[-84.25618,40.68608],[-84.24995,40.68593],[-84.2467,40.68594],[-84.24664,40.68594],[-84.2419,40.68601],[-84.2228,40.68596],[-84.22282,40.69103],[-84.22283,40.69197],[-84.22283,40.69279],[-84.22284,40.69323],[-84.22285,40.69343],[-84.22284,40.69368],[-84.22284,40.69487],[-84.22285,40.69527],[-84.22285,40.69567],[-84.22285,40.69645],[-84.22286,40.69726],[-84.22287,40.69807],[-84.22287,40.69838],[-84.22289,40.69887],[-84.22288,40.69902],[-84.22288,40.69926],[-84.22289,40.69967],[-84.2229,40.70006],[-84.2229,40.70046],[-84.22291,40.70116],[-84.22292,40.70252],[-84.22292,40.70275],[-84.22292,40.70309],[-84.22294,40.70483],[-84.22294,40.70496],[-84.22294,40.7056],[-84.22296,40.70656],[-84.22297,40.70704],[-84.22297,40.70754],[-84.22298,40.70806],[-84.22298,40.70842],[-84.22299,40.70856],[-84.223,40.70906],[-84.223,40.70951],[-84.22302,40.7099],[-84.22302,40.70993],[-84.22302,40.71021],[-84.22303,40.71134],[-84.22303,40.71159],[-84.22305,40.71202],[-84.22306,40.71244],[-84.22306,40.71286],[-84.22306,40.71328],[-84.22306,40.71358],[-84.22307,40.7139],[-84.22306,40.71436],[-84.22307,40.71463],[-84.22308,40.71502],[-84.22308,40.71506],[-84.22309,40.71607],[-84.22309,40.71614],[-84.22308,40.71658],[-84.22308,40.71763],[-84.22308,40.71786],[-84.22308,40.71797],[-84.22308,40.71831],[-84.22308,40.71888],[-84.22308,40.71947],[-84.22308,40.71981],[-84.2231,40.7209],[-84.22309,40.72158],[-84.22309,40.72199],[-84.22308,40.72223],[-84.22311,40.72289],[-84.2231,40.72326],[-84.2231,40.72375],[-84.22311,40.72395],[-84.22314,40.72946],[-84.22315,40.73067],[-84.22319,40.7333],[-84.22319,40.73413],[-84.22321,40.73481],[-84.2232,40.73534],[-84.22321,40.73621],[-84.22321,40.7369],[-84.22321,40.73707],[-84.22323,40.73833],[-84.22324,40.73906],[-84.22323,40.7402],[-84.22324,40.74088],[-84.22325,40.7411],[-84.22329,40.74382],[-84.22331,40.7451],[-84.22332,40.74647],[-84.22332,40.74692],[-84.22332,40.7472],[-84.22336,40.74938],[-84.2234,40.75116],[-84.2234,40.75166],[-84.2234,40.75219],[-84.22339,40.75247],[-84.2234,40.75304],[-84.22342,40.75475],[-84.22343,40.75512],[-84.22344,40.75621],[-84.22344,40.75713],[-84.22344,40.75807],[-84.22345,40.75901],[-84.22345,40.76029],[-84.22348,40.76212],[-84.2235,40.76285],[-84.2235,40.76373],[-84.22352,40.7649],[-84.22354,40.7659],[-84.22355,40.767],[-84.22358,40.76818],[-84.22358,40.76833],[-84.22359,40.76942],[-84.22362,40.77057],[-84.22363,40.77118],[-84.22366,40.77345],[-84.23045,40.77327],[-84.23329,40.77326],[-84.24234,40.7732],[-84.24289,40.77314],[-84.24422,40.77312],[-84.24466,40.77311],[-84.245,40.77309],[-84.24558,40.77307],[-84.246,40.77307],[-84.24621,40.77306],[-84.24655,40.77306],[-84.24696,40.77305],[-84.24736,40.77305],[-84.24786,40.77303],[-84.24848,40.77302],[-84.2503,40.77298],[-84.25262,40.77293],[-84.2565,40.77284],[-84.25711,40.77284],[-84.26288,40.77273],[-84.26666,40.77272],[-84.26738,40.77271],[-84.27867,40.77262],[-84.27899,40.77261],[-84.27958,40.77259],[-84.28098,40.77259],[-84.28183,40.77259],[-84.28509,40.77253],[-84.2878,40.7725],[-84.29471,40.77243],[-84.29476,40.7724],[-84.29483,40.77238],[-84.29491,40.77236],[-84.29656,40.77233],[-84.29862,40.7723],[-84.29949,40.77232],[-84.29973,40.77232],[-84.29981,40.77232],[-84.29985,40.77231],[-84.29989,40.77229],[-84.29993,40.77227],[-84.29996,40.77222],[-84.29996,40.77216],[-84.30006,40.77213],[-84.30315,40.77213],[-84.30336,40.77213],[-84.30947,40.77213],[-84.31538,40.77213],[-84.32409,40.77212],[-84.33409,40.77212],[-84.33633,40.77211],[-84.34,40.77211]]]}},{"type":"Feature","properties":{"GEOID":"3900301756","NAME":"American township","BASENAME":"American","LSADC":"44","AREALAND":"62205025","AREAWATER":"419946","CENTLAT":"+40.7699008","CENTLON":"-084.1744387"},"geometry":{"type":"Polygon","coordinates":[[[-84.22407,40.80125],[-84.22405,40.8001],[-84.22405,40.79949],[-84.22405,40.79919],[-84.22405,40.79887],[-84.22405,40.79865],[-84.22404,40.7984],[-84.22403,40.79795],[-84.22404,40.79779],[-84.22404,40.79707],[-84.22403,40.79682],[-84.22402,40.79647],[-84.22402,40.79594],[-84.22402,40.79578],[-84.22401,40.7955],[-84.224,40.79514],[-84.224,40.79504],[-84.22398,40.79476],[-84.22398,40.79463],[-84.22398,40.79446],[-84.22398,40.79419],[-84.22397,40.79405],[-84.22397,40.79404],[-84.22397,40.7939],[-84.22395,40.79279],[-84.22395,40.79277],[-84.22395,40.79239],[-84.22395,40.7922],[-84.22394,40.79201],[-84.22394,40.79182],[-84.22394,40.79163],[-84.22393,40.79144],[-84.22393,40.79118],[-84.22392,40.79094],[-84.22392,40.7909],[-84.22392,40.79068],[-84.22391,40.79043],[-84.2239,40.79015],[-84.22391,40.78999],[-84.22391,40.7897],[-84.22386,40.78725],[-84.22381,40.78372],[-84.2238,40.78308],[-84.22379,40.78239],[-84.22377,40.78185],[-84.22377,40.7811],[-84.22376,40.78081],[-84.22375,40.7803],[-84.22375,40.77983],[-84.22374,40.77949],[-84.22374,40.77869],[-84.2237,40.77685],[-84.2237,40.77672],[-84.2237,40.77649],[-84.22368,40.77519],[-84.22368,40.77494],[-84.22367,40.77474],[-84.22366,40.77345],[-84.22363,40.77118],[-84.22362,40.77057],[-84.22359,40.76942],[-84.22358,40.76833],[-84.22358,40.76818],[-84.22355,40.767],[-84.22354,40.7659],[-84.22352,40.7649],[-84.2235,40.76373],[-84.2235,40.76285],[-84.22348,40.76212],[-84.22345,40.76029],[-84.22345,40.75901],[-84.22344,40.75807],[-84.22344,40.75713],[-84.22344,40.75621],[-84.22343,40.75512],[-84.22342,40.75475],[-84.2234,40.75304],[-84.22339,40.75247],[-84.2234,40.75219],[-84.2234,40.75166],[-84.2234,40.75116],[-84.22336,40.74938],[-84.22332,40.7472],[-84.22332,40.74692],[-84.22332,40.74647],[-84.22331,40.7451],[-84.22329,40.74382],[-84.22325,40.7411],[-84.22324,40.74088],[-84.22323,40.7402],[-84.22324,40.73906],[-84.22323,40.73833],[-84.22321,40.73707],[-84.22321,40.7369],[-84.22321,40.73621],[-84.2232,40.73534],[-84.22321,40.73481],[-84.22319,40.73413],[-84.22319,40.7333],[-84.22315,40.73067],[-84.22314,40.72946],[-84.22234,40.72948],[-84.22177,40.72948],[-84.22112,40.72948],[-84.22098,40.72948],[-84.22019,40.72949],[-84.2194,40.7295],[-84.21861,40.72951],[-84.21759,40.72952],[-84.21703,40.72953],[-84.2162,40.72954],[-84.21545,40.72954],[-84.21471,40.72953],[-84.21398,40.72954],[-84.21346,40.72954],[-84.21323,40.72955],[-84.21305,40.72956],[-84.21296,40.72957],[-84.21289,40.72959],[-84.21281,40.72961],[-84.21267,40.72964],[-84.21257,40.72967],[-84.21239,40.72973],[-84.21223,40.72978],[-84.21211,40.7298],[-84.21197,40.72982],[-84.21183,40.72983],[-84.21143,40.72985],[-84.21002,40.72986],[-84.20941,40.72987],[-84.20799,40.72988],[-84.2074,40.72988],[-84.20671,40.72989],[-84.20624,40.7299],[-84.20555,40.72991],[-84.20434,40.72992],[-84.20409,40.72992],[-84.20358,40.72992],[-84.20282,40.72992],[-84.20188,40.72991],[-84.20093,40.72989],[-84.19585,40.72988],[-84.19376,40.7299],[-84.19232,40.72995],[-84.19197,40.72996],[-84.19078,40.73001],[-84.1869,40.73015],[-84.17868,40.73034],[-84.17856,40.73034],[-84.17416,40.73029],[-84.17008,40.73025],[-84.1653,40.73025],[-84.16508,40.73025],[-84.16232,40.73026],[-84.16154,40.73018],[-84.16125,40.73015],[-84.16117,40.73015],[-84.16101,40.73015],[-84.15715,40.73015],[-84.15652,40.73022],[-84.15641,40.73023],[-84.15625,40.73025],[-84.15623,40.73025],[-84.15571,40.73025],[-84.15573,40.73265],[-84.15555,40.73266],[-84.15439,40.73267],[-84.15438,40.73278],[-84.15434,40.73343],[-84.15435,40.73371],[-84.15371,40.73372],[-84.15326,40.73373],[-84.15306,40.73373],[-84.15306,40.73333],[-84.15306,40.7327],[-84.15272,40.7327],[-84.15228,40.73271],[-84.15229,40.73373],[-84.15219,40.73372],[-84.15123,40.73372],[-84.15021,40.73374],[-84.1497,40.73374],[-84.14971,40.73275],[-84.14678,40.73279],[-84.14678,40.73376],[-84.14677,40.73485],[-84.14679,40.73597],[-84.14679,40.73605],[-84.14679,40.73613],[-84.14678,40.73645],[-84.14678,40.7371],[-84.14773,40.73709],[-84.1478,40.73708],[-84.148,40.73708],[-84.14829,40.73708],[-84.14916,40.73707],[-84.14921,40.73707],[-84.14947,40.73707],[-84.15119,40.73706],[-84.15224,40.73706],[-84.15272,40.73706],[-84.15332,40.73706],[-84.15525,40.73706],[-84.15525,40.73721],[-84.15525,40.7379],[-84.15527,40.73885],[-84.15527,40.73951],[-84.15542,40.73954],[-84.15581,40.73953],[-84.15581,40.73917],[-84.15653,40.73917],[-84.15653,40.73938],[-84.15653,40.73994],[-84.15621,40.73994],[-84.15527,40.73995],[-84.15528,40.74005],[-84.15528,40.74063],[-84.15439,40.74065],[-84.15389,40.74065],[-84.15286,40.74066],[-84.15154,40.74067],[-84.15138,40.74067],[-84.15144,40.74368],[-84.15144,40.7442],[-84.15145,40.745],[-84.15146,40.74559],[-84.15147,40.74591],[-84.15121,40.74592],[-84.1511,40.74592],[-84.1511,40.74602],[-84.15112,40.74706],[-84.15112,40.74725],[-84.15112,40.74739],[-84.15106,40.74739],[-84.15106,40.74745],[-84.15109,40.74951],[-84.15043,40.74933],[-84.15037,40.74932],[-84.1501,40.74925],[-84.14984,40.74919],[-84.14904,40.74898],[-84.14871,40.7489],[-84.14867,40.74889],[-84.14816,40.74876],[-84.14807,40.74874],[-84.14762,40.74863],[-84.14701,40.74848],[-84.14703,40.74927],[-84.14703,40.7497],[-84.14703,40.74979],[-84.14703,40.74991],[-84.14703,40.7501],[-84.14703,40.75019],[-84.14703,40.75035],[-84.14703,40.75062],[-84.14703,40.75083],[-84.14704,40.75113],[-84.14701,40.75131],[-84.147,40.75151],[-84.14699,40.7518],[-84.147,40.75198],[-84.14706,40.75198],[-84.14711,40.75198],[-84.14716,40.75198],[-84.14845,40.752],[-84.14844,40.7515],[-84.14894,40.75149],[-84.15079,40.75149],[-84.15086,40.75133],[-84.15093,40.75119],[-84.15104,40.75096],[-84.15117,40.75064],[-84.15119,40.75059],[-84.15151,40.7498],[-84.15158,40.74963],[-84.15182,40.74969],[-84.15193,40.74972],[-84.15353,40.75013],[-84.15376,40.75019],[-84.15439,40.75036],[-84.15516,40.75055],[-84.1552,40.75057],[-84.15532,40.7506],[-84.15504,40.75129],[-84.15613,40.75157],[-84.15611,40.75139],[-84.15606,40.75079],[-84.15631,40.75086],[-84.1572,40.75109],[-84.15736,40.75062],[-84.15742,40.75039],[-84.1575,40.75014],[-84.15753,40.74981],[-84.15753,40.74976],[-84.15749,40.74944],[-84.15747,40.74932],[-84.15583,40.74933],[-84.15583,40.74928],[-84.15583,40.74912],[-84.15594,40.74912],[-84.15594,40.74901],[-84.15593,40.74856],[-84.15593,40.74791],[-84.15529,40.74792],[-84.15528,40.74778],[-84.1535,40.7478],[-84.1535,40.7477],[-84.1535,40.74743],[-84.15349,40.74691],[-84.15349,40.74681],[-84.15526,40.74679],[-84.15525,40.74593],[-84.15523,40.74473],[-84.15522,40.7442],[-84.15815,40.74418],[-84.15811,40.74263],[-84.15807,40.74063],[-84.15869,40.74063],[-84.15903,40.74062],[-84.15966,40.74061],[-84.15998,40.74061],[-84.15999,40.74115],[-84.16035,40.74115],[-84.16035,40.74282],[-84.16035,40.74396],[-84.16035,40.74416],[-84.16043,40.74416],[-84.16046,40.7459],[-84.16047,40.74668],[-84.16051,40.74924],[-84.16011,40.74925],[-84.16013,40.75009],[-84.16052,40.75008],[-84.16055,40.75197],[-84.16074,40.75202],[-84.16079,40.75203],[-84.16125,40.75215],[-84.16183,40.7523],[-84.16239,40.75244],[-84.16251,40.75247],[-84.16252,40.75322],[-84.16253,40.75376],[-84.16293,40.75382],[-84.16342,40.7539],[-84.16393,40.75399],[-84.16512,40.75421],[-84.16511,40.75475],[-84.16507,40.75606],[-84.16508,40.75698],[-84.16508,40.75707],[-84.16052,40.7571],[-84.16051,40.75686],[-84.1605,40.75493],[-84.15955,40.75495],[-84.15906,40.75495],[-84.15849,40.75496],[-84.15787,40.75497],[-84.15725,40.75497],[-84.1566,40.75498],[-84.15594,40.75499],[-84.15529,40.755],[-84.15516,40.755],[-84.15493,40.75501],[-84.15428,40.75501],[-84.15362,40.75502],[-84.15298,40.75503],[-84.15165,40.75505],[-84.15138,40.75505],[-84.15089,40.75506],[-84.15035,40.75507],[-84.14931,40.75508],[-84.1476,40.7551],[-84.14715,40.75511],[-84.1471,40.75511],[-84.1471,40.75554],[-84.14711,40.75585],[-84.14711,40.75604],[-84.14711,40.75633],[-84.14712,40.75674],[-84.14717,40.75674],[-84.14747,40.75673],[-84.14764,40.75673],[-84.14848,40.75672],[-84.14849,40.75696],[-84.1485,40.75748],[-84.14895,40.75748],[-84.14918,40.75747],[-84.14928,40.75747],[-84.14929,40.75743],[-84.14931,40.75714],[-84.14944,40.75714],[-84.1496,40.75714],[-84.14959,40.75752],[-84.15031,40.7575],[-84.15059,40.75748],[-84.15079,40.75747],[-84.15095,40.75735],[-84.1511,40.75735],[-84.15112,40.75741],[-84.15112,40.75744],[-84.15112,40.75749],[-84.15112,40.75759],[-84.1508,40.75759],[-84.15069,40.7576],[-84.15069,40.75766],[-84.1507,40.75831],[-84.15077,40.75836],[-84.15079,40.75838],[-84.15102,40.75858],[-84.15111,40.75866],[-84.15119,40.75874],[-84.15146,40.75888],[-84.1513,40.75911],[-84.15143,40.75912],[-84.15175,40.75915],[-84.15178,40.75915],[-84.15201,40.7592],[-84.15228,40.75925],[-84.15255,40.75932],[-84.15279,40.75938],[-84.15303,40.75944],[-84.1531,40.75945],[-84.15322,40.75948],[-84.15329,40.7595],[-84.15343,40.75952],[-84.15346,40.75952],[-84.15376,40.75956],[-84.1542,40.75963],[-84.15453,40.75962],[-84.15499,40.75959],[-84.15514,40.75959],[-84.1554,40.75956],[-84.15563,40.75952],[-84.15599,40.75947],[-84.15612,40.75944],[-84.15612,40.75947],[-84.15613,40.75981],[-84.15613,40.7603],[-84.1557,40.7603],[-84.15415,40.76032],[-84.15066,40.76037],[-84.14992,40.76038],[-84.14892,40.76039],[-84.14876,40.76039],[-84.14836,40.76039],[-84.14719,40.76039],[-84.14719,40.76044],[-84.1472,40.76064],[-84.14716,40.76065],[-84.14716,40.7607],[-84.14716,40.76073],[-84.14716,40.76081],[-84.14716,40.76097],[-84.14716,40.76117],[-84.14717,40.76187],[-84.14711,40.76184],[-84.14706,40.76181],[-84.14637,40.7615],[-84.14578,40.76123],[-84.14573,40.76121],[-84.14548,40.76109],[-84.1454,40.76105],[-84.14528,40.76099],[-84.14493,40.76083],[-84.14461,40.76069],[-84.1445,40.76063],[-84.14395,40.76037],[-84.14393,40.76036],[-84.14388,40.76034],[-84.14451,40.75951],[-84.14459,40.75941],[-84.14364,40.75897],[-84.14342,40.75889],[-84.14325,40.75883],[-84.14226,40.75837],[-84.14227,40.75782],[-84.14228,40.75671],[-84.14185,40.75667],[-84.14115,40.75677],[-84.14115,40.75683],[-84.14116,40.75733],[-84.14117,40.75757],[-84.14117,40.75771],[-84.14024,40.75727],[-84.13755,40.75601],[-84.13731,40.7559],[-84.13504,40.75486],[-84.13466,40.75469],[-84.13478,40.75435],[-84.13237,40.75332],[-84.13237,40.75284],[-84.13235,40.75157],[-84.12958,40.75159],[-84.12776,40.75155],[-84.12697,40.75155],[-84.12694,40.75156],[-84.12669,40.7516],[-84.12664,40.75161],[-84.1266,40.75165],[-84.12636,40.75196],[-84.12583,40.75196],[-84.12582,40.75157],[-84.1257,40.75158],[-84.12542,40.75158],[-84.12486,40.7516],[-84.12474,40.7516],[-84.12437,40.75161],[-84.1238,40.75162],[-84.12298,40.75163],[-84.12298,40.75171],[-84.12299,40.75217],[-84.12298,40.75243],[-84.123,40.75285],[-84.12301,40.75306],[-84.12301,40.7533],[-84.12305,40.75416],[-84.12305,40.75499],[-84.12304,40.75581],[-84.12304,40.75702],[-84.12305,40.75838],[-84.12306,40.75889],[-84.12562,40.75883],[-84.1259,40.75882],[-84.12652,40.75881],[-84.12707,40.75879],[-84.1279,40.75877],[-84.12788,40.75934],[-84.12788,40.75992],[-84.12788,40.76011],[-84.12958,40.76011],[-84.13225,40.7601],[-84.13276,40.76009],[-84.13276,40.76235],[-84.13231,40.76235],[-84.13139,40.76236],[-84.13138,40.7617],[-84.12791,40.76174],[-84.12791,40.76176],[-84.12791,40.76182],[-84.12791,40.76217],[-84.12792,40.76238],[-84.13026,40.76236],[-84.13027,40.76241],[-84.13053,40.76259],[-84.13064,40.76296],[-84.13064,40.76362],[-84.13064,40.76378],[-84.13064,40.76402],[-84.13057,40.76403],[-84.12974,40.76402],[-84.12872,40.76403],[-84.12792,40.76403],[-84.12792,40.76458],[-84.12792,40.76463],[-84.12792,40.76475],[-84.12792,40.76538],[-84.12792,40.76578],[-84.12792,40.76637],[-84.12792,40.76723],[-84.12792,40.76761],[-84.12792,40.76851],[-84.12792,40.76865],[-84.12793,40.76876],[-84.12793,40.76882],[-84.12874,40.76882],[-84.12891,40.76882],[-84.12891,40.76934],[-84.1287,40.76957],[-84.12838,40.76958],[-84.12839,40.76949],[-84.12793,40.7695],[-84.12793,40.76959],[-84.12793,40.77019],[-84.12792,40.77072],[-84.12792,40.77075],[-84.12792,40.77098],[-84.12792,40.77145],[-84.12793,40.77187],[-84.12793,40.77212],[-84.12793,40.77246],[-84.12794,40.77312],[-84.12794,40.77374],[-84.12795,40.77397],[-84.12796,40.77426],[-84.12795,40.77441],[-84.12796,40.77475],[-84.12795,40.77484],[-84.12797,40.77562],[-84.12796,40.77612],[-84.12796,40.77629],[-84.12796,40.77631],[-84.12797,40.77647],[-84.128,40.77782],[-84.12852,40.77781],[-84.12876,40.77782],[-84.12876,40.77727],[-84.12875,40.77613],[-84.12874,40.77492],[-84.12964,40.77491],[-84.13146,40.77491],[-84.13471,40.77488],[-84.13689,40.77485],[-84.13745,40.77485],[-84.13774,40.77484],[-84.1378,40.78031],[-84.13756,40.78031],[-84.13684,40.78032],[-84.13522,40.78034],[-84.13217,40.78036],[-84.12976,40.78037],[-84.1296,40.78038],[-84.12802,40.78039],[-84.12801,40.77942],[-84.12802,40.77933],[-84.12802,40.77895],[-84.12731,40.77896],[-84.12365,40.77895],[-84.12329,40.77895],[-84.12318,40.77341],[-84.12193,40.77346],[-84.12196,40.77182],[-84.12193,40.77067],[-84.1219,40.76975],[-84.1215,40.76977],[-84.12065,40.76979],[-84.11769,40.76987],[-84.11672,40.7699],[-84.11602,40.76992],[-84.11414,40.76996],[-84.11329,40.76999],[-84.1125,40.77001],[-84.11175,40.77003],[-84.11128,40.77005],[-84.11057,40.77007],[-84.11048,40.77007],[-84.11049,40.772],[-84.11033,40.77201],[-84.11004,40.77201],[-84.10976,40.77201],[-84.10975,40.77057],[-84.10975,40.77033],[-84.10974,40.7701],[-84.10972,40.7701],[-84.10961,40.7701],[-84.10871,40.77014],[-84.10871,40.77088],[-84.10872,40.77179],[-84.10872,40.77253],[-84.10872,40.77272],[-84.10872,40.77294],[-84.10873,40.77364],[-84.10873,40.77448],[-84.10873,40.77483],[-84.1087,40.7749],[-84.10869,40.77552],[-84.1087,40.77571],[-84.10871,40.77716],[-84.10871,40.77762],[-84.10872,40.77834],[-84.10872,40.7786],[-84.10872,40.77869],[-84.10872,40.77966],[-84.10872,40.77975],[-84.10872,40.77988],[-84.10872,40.78027],[-84.10873,40.78117],[-84.10873,40.78137],[-84.10874,40.78161],[-84.10874,40.78168],[-84.10874,40.78176],[-84.10874,40.78189],[-84.10874,40.78192],[-84.10875,40.78248],[-84.10875,40.78328],[-84.10875,40.78365],[-84.10877,40.78464],[-84.1088,40.7865],[-84.10881,40.78827],[-84.10883,40.79119],[-84.10884,40.79324],[-84.10885,40.79494],[-84.10886,40.79548],[-84.10886,40.79564],[-84.10886,40.79576],[-84.10886,40.79602],[-84.10886,40.7965],[-84.10885,40.79706],[-84.10884,40.7975],[-84.10885,40.79762],[-84.10886,40.79855],[-84.10886,40.79874],[-84.10886,40.79897],[-84.10887,40.79914],[-84.10887,40.79919],[-84.10887,40.79949],[-84.10888,40.79965],[-84.10888,40.7999],[-84.10889,40.80139],[-84.10888,40.80181],[-84.10888,40.80191],[-84.10888,40.80196],[-84.10889,40.80228],[-84.1089,40.80255],[-84.1089,40.80275],[-84.11022,40.80269],[-84.12837,40.80209],[-84.13035,40.80203],[-84.13074,40.80202],[-84.13213,40.80199],[-84.13258,40.80199],[-84.13283,40.80198],[-84.13342,40.80198],[-84.13415,40.80197],[-84.13615,40.80193],[-84.13746,40.80192],[-84.13775,40.8019],[-84.13794,40.80188],[-84.13811,40.80186],[-84.1385,40.80185],[-84.13909,40.80184],[-84.14036,40.80182],[-84.14177,40.8018],[-84.14311,40.80179],[-84.14443,40.80177],[-84.1451,40.80176],[-84.14586,40.80176],[-84.14601,40.80176],[-84.14667,40.80176],[-84.14741,40.80175],[-84.14831,40.80174],[-84.14927,40.80176],[-84.14959,40.80176],[-84.15014,40.80176],[-84.15068,40.80177],[-84.15125,40.80178],[-84.15182,40.8018],[-84.15241,40.80181],[-84.15297,40.80182],[-84.15357,40.80183],[-84.15421,40.80184],[-84.15487,40.80185],[-84.15568,40.80187],[-84.1563,40.80188],[-84.15665,40.80188],[-84.15684,40.80189],[-84.15702,40.80188],[-84.15741,40.80187],[-84.15809,40.80185],[-84.15902,40.80183],[-84.16078,40.80179],[-84.16146,40.80178],[-84.16216,40.80177],[-84.16262,40.80175],[-84.1636,40.80173],[-84.16377,40.80171],[-84.16394,40.80168],[-84.16421,40.80166],[-84.16448,40.80164],[-84.16788,40.80162],[-84.17041,40.80161],[-84.17297,40.80158],[-84.17576,40.80156],[-84.17704,40.80155],[-84.18935,40.80155],[-84.18949,40.80154],[-84.19373,40.80135],[-84.20339,40.80155],[-84.20354,40.80157],[-84.20373,40.80158],[-84.20448,40.8017],[-84.20505,40.80169],[-84.20562,40.80169],[-84.20577,40.80169],[-84.20608,40.80169],[-84.20629,40.80168],[-84.20657,40.80168],[-84.20701,40.80167],[-84.20748,40.80166],[-84.20788,40.80165],[-84.20829,40.80165],[-84.20878,40.80165],[-84.20922,40.80165],[-84.20978,40.80164],[-84.21031,40.80164],[-84.21152,40.80161],[-84.21207,40.80161],[-84.21264,40.80161],[-84.21321,40.8016],[-84.21378,40.80159],[-84.21436,40.80158],[-84.2149,40.80157],[-84.2154,40.80157],[-84.21601,40.80156],[-84.21689,40.80155],[-84.21738,40.80154],[-84.21755,40.80153],[-84.22015,40.80135],[-84.22407,40.80125]]]}},{"type":"Feature","properties":{"GEOID":"3900302988","NAME":"Auglaize township","BASENAME":"Auglaize","LSADC":"44","AREALAND":"93214153","AREAWATER":"354450","CENTLAT":"+40.6881690","CENTLON":"-083.9369326"},"geometry":{"type":"Polygon","coordinates":[[[-83.99417,40.72683],[-83.99416,40.72641],[-83.99416,40.72608],[-83.99416,40.72555],[-83.99415,40.72511],[-83.99415,40.72469],[-83.99414,40.72426],[-83.99414,40.72404],[-83.99413,40.72384],[-83.99414,40.72342],[-83.99413,40.72299],[-83.99414,40.72256],[-83.99415,40.7224],[-83.99415,40.72212],[-83.99415,40.72174],[-83.99415,40.72156],[-83.99415,40.72131],[-83.99414,40.71906],[-83.99412,40.71747],[-83.99412,40.71708],[-83.99412,40.71694],[-83.99411,40.71685],[-83.99411,40.71678],[-83.99412,40.71665],[-83.99411,40.71625],[-83.99411,40.71605],[-83.99411,40.71576],[-83.99412,40.71486],[-83.99412,40.71433],[-83.99412,40.71377],[-83.99411,40.71297],[-83.99411,40.71188],[-83.99411,40.71126],[-83.99407,40.70979],[-83.99407,40.70949],[-83.99406,40.70906],[-83.99406,40.70865],[-83.99406,40.70696],[-83.99407,40.70644],[-83.99407,40.70617],[-83.99407,40.70578],[-83.99408,40.70567],[-83.99407,40.70487],[-83.99408,40.70389],[-83.99407,40.70328],[-83.99408,40.70304],[-83.99407,40.70226],[-83.99407,40.70198],[-83.99408,40.70164],[-83.99386,40.69895],[-83.99385,40.69489],[-83.99384,40.68985],[-83.99384,40.68862],[-83.99384,40.68769],[-83.99389,40.68055],[-83.99394,40.67312],[-83.99407,40.66224],[-83.99411,40.65858],[-83.99407,40.65133],[-83.99407,40.65019],[-83.99406,40.64877],[-83.99406,40.64868],[-83.99406,40.64862],[-83.99408,40.64764],[-83.99408,40.64705],[-83.99409,40.6464],[-83.99409,40.6459],[-83.99408,40.64525],[-83.99408,40.64413],[-83.98883,40.64414],[-83.98521,40.64415],[-83.98296,40.64416],[-83.97911,40.64418],[-83.97621,40.64419],[-83.97576,40.64419],[-83.97549,40.6442],[-83.97548,40.6442],[-83.97521,40.6442],[-83.97464,40.6442],[-83.9736,40.64421],[-83.9713,40.64422],[-83.97087,40.64422],[-83.97085,40.64422],[-83.97032,40.64422],[-83.96899,40.64423],[-83.96579,40.64424],[-83.96498,40.64425],[-83.96461,40.64425],[-83.96277,40.64426],[-83.9618,40.64426],[-83.95885,40.64427],[-83.95711,40.64428],[-83.95659,40.64428],[-83.95598,40.64429],[-83.95273,40.64432],[-83.95269,40.64432],[-83.95262,40.64432],[-83.95166,40.64433],[-83.95155,40.64433],[-83.95136,40.64434],[-83.94939,40.64436],[-83.94561,40.6444],[-83.94545,40.64439],[-83.9452,40.64439],[-83.9449,40.64439],[-83.94446,40.6444],[-83.94383,40.6444],[-83.94225,40.64442],[-83.94222,40.64442],[-83.93805,40.64445],[-83.93762,40.64446],[-83.93747,40.64446],[-83.93736,40.64446],[-83.93693,40.64446],[-83.92973,40.64453],[-83.92971,40.64453],[-83.92715,40.6445],[-83.91835,40.64453],[-83.91338,40.64455],[-83.89925,40.64467],[-83.88692,40.64469],[-83.88019,40.64469],[-83.88019,40.64986],[-83.88017,40.65227],[-83.88017,40.65231],[-83.88016,40.65278],[-83.88016,40.65374],[-83.88016,40.65408],[-83.88016,40.65415],[-83.88016,40.65425],[-83.88016,40.65427],[-83.88016,40.65431],[-83.88015,40.65576],[-83.88014,40.65616],[-83.88012,40.6574],[-83.88012,40.65749],[-83.88012,40.65763],[-83.88012,40.65769],[-83.88012,40.65771],[-83.88012,40.65798],[-83.88012,40.65816],[-83.88012,40.65817],[-83.88009,40.66067],[-83.88008,40.66201],[-83.88008,40.66337],[-83.88008,40.66349],[-83.88008,40.66359],[-83.88008,40.66398],[-83.8801,40.66597],[-83.8801,40.66599],[-83.88009,40.66794],[-83.88008,40.66836],[-83.88008,40.66869],[-83.88008,40.6687],[-83.88006,40.66996],[-83.88006,40.67151],[-83.88005,40.6739],[-83.88005,40.67449],[-83.88005,40.6746],[-83.88006,40.67787],[-83.88005,40.67971],[-83.88005,40.67991],[-83.88005,40.68012],[-83.88005,40.68136],[-83.88005,40.68148],[-83.88005,40.68168],[-83.88005,40.68187],[-83.88004,40.68362],[-83.88003,40.68465],[-83.88003,40.68562],[-83.88001,40.68898],[-83.88001,40.68919],[-83.88001,40.6894],[-83.88001,40.68941],[-83.88001,40.68943],[-83.88001,40.68945],[-83.88001,40.68963],[-83.88001,40.69134],[-83.88001,40.69157],[-83.88,40.69288],[-83.87999,40.6934],[-83.87999,40.69346],[-83.87999,40.69541],[-83.88,40.69598],[-83.88,40.69599],[-83.88,40.69601],[-83.88,40.69603],[-83.88,40.69607],[-83.88,40.69612],[-83.88,40.69741],[-83.88,40.6978],[-83.88,40.69783],[-83.88,40.69934],[-83.87999,40.69968],[-83.87998,40.70124],[-83.87999,40.70326],[-83.87999,40.70329],[-83.87998,40.70384],[-83.87998,40.70387],[-83.87995,40.70685],[-83.87995,40.70697],[-83.87994,40.71073],[-83.87994,40.71077],[-83.87994,40.71093],[-83.87992,40.71294],[-83.87992,40.71297],[-83.87992,40.71299],[-83.87992,40.71301],[-83.87992,40.71303],[-83.87992,40.71304],[-83.87992,40.71311],[-83.87992,40.71343],[-83.87992,40.71536],[-83.87989,40.71738],[-83.87989,40.71784],[-83.87989,40.71852],[-83.87989,40.71857],[-83.87989,40.7191],[-83.87989,40.71924],[-83.87989,40.71966],[-83.87988,40.72119],[-83.87986,40.72313],[-83.87983,40.72883],[-83.87983,40.72904],[-83.87984,40.73147],[-83.87984,40.7317],[-83.87984,40.73173],[-83.87984,40.73174],[-83.87983,40.73242],[-83.87983,40.73244],[-83.88007,40.73243],[-83.88056,40.73243],[-83.88086,40.73243],[-83.88249,40.73243],[-83.88573,40.73243],[-83.8858,40.73243],[-83.89042,40.73241],[-83.89561,40.73239],[-83.89676,40.73237],[-83.89745,40.73237],[-83.89894,40.73236],[-83.89922,40.73235],[-83.90061,40.73235],[-83.90127,40.73234],[-83.90252,40.73233],[-83.90566,40.73231],[-83.90608,40.73231],[-83.90842,40.73228],[-83.90933,40.73225],[-83.91143,40.73223],[-83.91487,40.73219],[-83.92526,40.73204],[-83.92782,40.732],[-83.92936,40.73198],[-83.93262,40.73193],[-83.93325,40.73192],[-83.9343,40.7319],[-83.93749,40.73186],[-83.93796,40.73186],[-83.93815,40.73185],[-83.93841,40.73185],[-83.93994,40.73183],[-83.94071,40.73182],[-83.94092,40.73181],[-83.94169,40.7318],[-83.94449,40.73177],[-83.9456,40.73175],[-83.95067,40.73169],[-83.95232,40.73167],[-83.95256,40.73166],[-83.95406,40.73164],[-83.95473,40.73164],[-83.95695,40.73161],[-83.95757,40.7316],[-83.95883,40.73158],[-83.96091,40.73156],[-83.96149,40.73155],[-83.96303,40.73153],[-83.9658,40.7315],[-83.96925,40.73146],[-83.97087,40.73144],[-83.9723,40.73143],[-83.97361,40.7314],[-83.97555,40.73138],[-83.97579,40.73138],[-83.9771,40.73137],[-83.97884,40.73132],[-83.98041,40.73132],[-83.98205,40.73128],[-83.9823,40.73128],[-83.98282,40.73128],[-83.98477,40.73125],[-83.99413,40.73113],[-83.99413,40.73025],[-83.99413,40.72885],[-83.99413,40.72813],[-83.99413,40.72753],[-83.99417,40.72683]]]}},{"type":"Feature","properties":{"GEOID":"3900304206","NAME":"Bath township","BASENAME":"Bath","LSADC":"44","AREALAND":"79505400","AREAWATER":"3489650","CENTLAT":"+40.7765304","CENTLON":"-084.0458430"},"geometry":{"type":"MultiPolygon","coordinates":[[[[-84.10925,40.81728],[-84.10921,40.81313],[-84.10918,40.80973],[-84.10915,40.80581],[-84.109,40.80327],[-84.10896,40.80311],[-84.10893,40.80294],[-84.1089,40.80275],[-84.1089,40.80255],[-84.10889,40.80228],[-84.10888,40.80196],[-84.10888,40.80191],[-84.10888,40.80181],[-84.10889,40.80139],[-84.10888,40.7999],[-84.10888,40.79965],[-84.10887,40.79949],[-84.10887,40.79919],[-84.10887,40.79914],[-84.10886,40.79897],[-84.10886,40.79874],[-84.10886,40.79855],[-84.10885,40.79762],[-84.10884,40.7975],[-84.10885,40.79706],[-84.10886,40.7965],[-84.10886,40.79602],[-84.10886,40.79576],[-84.10886,40.79564],[-84.10886,40.79548],[-84.10268,40.79554],[-84.09863,40.7956],[-84.09514,40.79564],[-84.0943,40.79565],[-84.09424,40.79565],[-84.09425,40.79511],[-84.09428,40.79435],[-84.09428,40.79384],[-84.0944,40.79383],[-84.09639,40.79382],[-84.09853,40.79381],[-84.09907,40.79381],[-84.09908,40.79171],[-84.09909,40.79008],[-84.09909,40.78977],[-84.09909,40.78954],[-84.10002,40.78952],[-84.10052,40.78951],[-84.10053,40.78934],[-84.1005,40.7884],[-84.10006,40.7884],[-84.09965,40.78841],[-84.09764,40.78842],[-84.09737,40.78843],[-84.09659,40.78843],[-84.0957,40.78844],[-84.09522,40.78844],[-84.09471,40.78844],[-84.0943,40.78845],[-84.0943,40.78867],[-84.09429,40.7892],[-84.09429,40.78939],[-84.09428,40.78969],[-84.09427,40.78992],[-84.09427,40.78999],[-84.09426,40.79012],[-84.09426,40.79023],[-84.09291,40.79026],[-84.0924,40.79025],[-84.09248,40.79001],[-84.09198,40.78998],[-84.0924,40.78843],[-84.09268,40.78728],[-84.09514,40.77885],[-84.09524,40.77849],[-84.0953,40.77832],[-84.09532,40.7782],[-84.09539,40.77795],[-84.09542,40.77775],[-84.09542,40.77762],[-84.09543,40.7775],[-84.09546,40.77739],[-84.09552,40.77711],[-84.09556,40.77698],[-84.09563,40.77671],[-84.09566,40.77659],[-84.09574,40.77628],[-84.09579,40.77612],[-84.0958,40.77602],[-84.09581,40.77592],[-84.09583,40.77583],[-84.09585,40.77575],[-84.09589,40.77564],[-84.09594,40.77552],[-84.09598,40.7754],[-84.096,40.77532],[-84.09601,40.77525],[-84.09601,40.77516],[-84.09604,40.77504],[-84.09612,40.77489],[-84.09615,40.77481],[-84.09627,40.77438],[-84.09636,40.77412],[-84.09641,40.77391],[-84.09642,40.7739],[-84.09645,40.77385],[-84.09668,40.77297],[-84.09684,40.77236],[-84.09709,40.77178],[-84.09742,40.77123],[-84.09778,40.77075],[-84.09821,40.77027],[-84.09893,40.76969],[-84.09957,40.76926],[-84.09975,40.76918],[-84.09991,40.76914],[-84.10001,40.76912],[-84.1001,40.76911],[-84.10172,40.76908],[-84.103,40.76908],[-84.10382,40.76907],[-84.10407,40.76907],[-84.10407,40.76916],[-84.10407,40.76924],[-84.10408,40.77016],[-84.10411,40.77156],[-84.10411,40.77183],[-84.10581,40.77182],[-84.10787,40.7718],[-84.10864,40.77179],[-84.10864,40.77145],[-84.10863,40.77053],[-84.10862,40.77],[-84.10861,40.76921],[-84.10861,40.76907],[-84.10861,40.76904],[-84.10869,40.76904],[-84.10869,40.76882],[-84.10868,40.76828],[-84.10868,40.76778],[-84.10869,40.7674],[-84.10868,40.76651],[-84.10866,40.76482],[-84.1086,40.76482],[-84.1069,40.76486],[-84.10504,40.76489],[-84.10324,40.76491],[-84.10261,40.76491],[-84.10201,40.76493],[-84.10166,40.76462],[-84.10156,40.76453],[-84.10147,40.76446],[-84.10096,40.764],[-84.10087,40.76391],[-84.1007,40.76372],[-84.10053,40.7635],[-84.10046,40.76338],[-84.10034,40.7632],[-84.10026,40.76304],[-84.10012,40.76271],[-84.10002,40.7624],[-84.09997,40.76208],[-84.09994,40.76179],[-84.09991,40.76165],[-84.09985,40.76125],[-84.0999,40.76089],[-84.09992,40.76073],[-84.09993,40.76064],[-84.10012,40.76064],[-84.10032,40.75976],[-84.10043,40.75932],[-84.10045,40.75924],[-84.09985,40.75924],[-84.09904,40.75924],[-84.09736,40.75928],[-84.09713,40.75929],[-84.09617,40.75931],[-84.09598,40.75931],[-84.09583,40.75931],[-84.09562,40.75932],[-84.09466,40.75935],[-84.0945,40.75935],[-84.0944,40.75935],[-84.09432,40.75935],[-84.09432,40.75942],[-84.0943,40.75942],[-84.09423,40.75942],[-84.09384,40.75943],[-84.09375,40.75946],[-84.09367,40.75949],[-84.09355,40.75952],[-84.09342,40.75957],[-84.09319,40.75965],[-84.09305,40.75971],[-84.09235,40.75995],[-84.08954,40.76109],[-84.08952,40.76065],[-84.08952,40.7606],[-84.08952,40.76059],[-84.08978,40.76046],[-84.09018,40.76025],[-84.09059,40.76004],[-84.09095,40.75986],[-84.09131,40.75968],[-84.09136,40.75965],[-84.09145,40.75961],[-84.09168,40.75949],[-84.09177,40.75944],[-84.09183,40.75941],[-84.09206,40.75941],[-84.09277,40.75939],[-84.09429,40.75935],[-84.09429,40.75932],[-84.09429,40.75928],[-84.09427,40.75914],[-84.0943,40.75843],[-84.09421,40.75799],[-84.09424,40.75756],[-84.09426,40.75726],[-84.09426,40.75666],[-84.09426,40.75664],[-84.09425,40.75629],[-84.09424,40.75584],[-84.09424,40.75547],[-84.09425,40.75452],[-84.09425,40.75397],[-84.09427,40.75317],[-84.09426,40.7529],[-84.09425,40.7527],[-84.09309,40.75284],[-84.09189,40.75302],[-84.0907,40.7532],[-84.08946,40.75339],[-84.08925,40.7534],[-84.08853,40.75351],[-84.08852,40.75091],[-84.08851,40.74915],[-84.08754,40.74911],[-84.08727,40.7491],[-84.08636,40.74907],[-84.08624,40.74906],[-84.0856,40.74907],[-84.08505,40.74908],[-84.08472,40.74909],[-84.08467,40.74909],[-84.08465,40.74879],[-84.08461,40.74811],[-84.08447,40.74608],[-84.08358,40.74614],[-84.08249,40.74622],[-84.0815,40.7463],[-84.08116,40.7463],[-84.07991,40.74634],[-84.07991,40.74623],[-84.07991,40.74612],[-84.07972,40.74613],[-84.07656,40.74631],[-84.07641,40.74633],[-84.07596,40.74636],[-84.07597,40.74564],[-84.07598,40.74521],[-84.07626,40.7452],[-84.07755,40.74515],[-84.07766,40.74515],[-84.07766,40.74312],[-84.07766,40.74288],[-84.07786,40.74287],[-84.07785,40.74238],[-84.07787,40.74238],[-84.07793,40.74238],[-84.07794,40.74238],[-84.07795,40.74265],[-84.07795,40.74299],[-84.07804,40.74308],[-84.0781,40.74312],[-84.07846,40.7432],[-84.07849,40.74463],[-84.07849,40.74483],[-84.07849,40.74491],[-84.0785,40.74512],[-84.07979,40.74509],[-84.07979,40.7449],[-84.0798,40.74466],[-84.07989,40.74231],[-84.0799,40.74165],[-84.0799,40.74152],[-84.07991,40.74027],[-84.07988,40.7379],[-84.07988,40.73734],[-84.07988,40.73717],[-84.07987,40.73669],[-84.07985,40.73563],[-84.07987,40.73485],[-84.07987,40.73455],[-84.0792,40.73456],[-84.07845,40.73456],[-84.07846,40.73483],[-84.07846,40.73485],[-84.07846,40.73498],[-84.07832,40.73498],[-84.07797,40.73498],[-84.07786,40.73498],[-84.07786,40.73508],[-84.07846,40.73507],[-84.07846,40.7352],[-84.07836,40.7352],[-84.07795,40.7352],[-84.07786,40.7352],[-84.07786,40.73543],[-84.07837,40.73543],[-84.07847,40.73543],[-84.07847,40.73555],[-84.07847,40.73563],[-84.07805,40.73564],[-84.07806,40.73556],[-84.07744,40.73556],[-84.07744,40.73565],[-84.07707,40.73565],[-84.07709,40.73666],[-84.07644,40.73667],[-84.07595,40.73667],[-84.07596,40.73456],[-84.07602,40.73457],[-84.07653,40.73457],[-84.07653,40.73419],[-84.0759,40.73419],[-84.0759,40.73418],[-84.0759,40.73413],[-84.07591,40.7335],[-84.07591,40.73305],[-84.07597,40.73304],[-84.07606,40.73304],[-84.07607,40.7327],[-84.07656,40.7327],[-84.07655,40.7335],[-84.07715,40.7335],[-84.07717,40.7332],[-84.07716,40.73302],[-84.07851,40.73303],[-84.07852,40.73287],[-84.07855,40.73273],[-84.07929,40.73275],[-84.07928,40.73289],[-84.07989,40.73289],[-84.07991,40.73168],[-84.0786,40.73171],[-84.07859,40.73237],[-84.07859,40.73241],[-84.07851,40.73241],[-84.07779,40.73241],[-84.07779,40.73174],[-84.07773,40.73174],[-84.0776,40.73174],[-84.07734,40.73175],[-84.07731,40.73175],[-84.07714,40.73175],[-84.07715,40.73066],[-84.07863,40.73064],[-84.0788,40.73063],[-84.07889,40.73068],[-84.07897,40.73071],[-84.07972,40.73094],[-84.07991,40.731],[-84.07991,40.73086],[-84.07972,40.7308],[-84.07972,40.73072],[-84.07972,40.73058],[-84.07952,40.73058],[-84.07913,40.73058],[-84.07896,40.73059],[-84.0788,40.73055],[-84.07852,40.73055],[-84.07695,40.73056],[-84.07687,40.73056],[-84.07643,40.73058],[-84.07639,40.73058],[-84.07607,40.73058],[-84.07564,40.73059],[-84.07541,40.73059],[-84.07536,40.73059],[-84.07525,40.7306],[-84.07525,40.73069],[-84.07443,40.73071],[-84.07331,40.73072],[-84.07203,40.73071],[-84.07089,40.73073],[-84.0708,40.73073],[-84.07073,40.73073],[-84.06962,40.73075],[-84.06841,40.73075],[-84.06694,40.73076],[-84.06558,40.73078],[-84.06504,40.73079],[-84.06503,40.73079],[-84.06384,40.73082],[-84.06364,40.73082],[-84.06169,40.73083],[-84.06082,40.73085],[-84.05741,40.73091],[-84.05471,40.73096],[-84.05417,40.73096],[-84.05169,40.73098],[-84.05165,40.73098],[-84.05147,40.73099],[-84.05061,40.73099],[-84.0502,40.73099],[-84.04747,40.73101],[-84.04682,40.73101],[-84.04655,40.73101],[-84.04629,40.73101],[-84.04589,40.73102],[-84.04565,40.731],[-84.04357,40.73101],[-84.04345,40.73101],[-84.0432,40.73102],[-84.04121,40.73104],[-84.04086,40.73105],[-84.04042,40.73106],[-84.03922,40.73107],[-84.03866,40.73108],[-84.03855,40.73108],[-84.03759,40.7311],[-84.03592,40.73109],[-84.03583,40.7311],[-84.03575,40.73109],[-84.03366,40.73112],[-84.03335,40.73112],[-84.03223,40.73112],[-84.0304,40.73113],[-84.02896,40.73113],[-84.02584,40.73114],[-84.02564,40.73113],[-84.02396,40.73112],[-84.02168,40.73112],[-84.02115,40.73112],[-84.01325,40.73113],[-84.01317,40.73112],[-84.00372,40.73112],[-84.00359,40.73112],[-84.00322,40.73112],[-84.00047,40.73112],[-83.99862,40.73112],[-83.99836,40.73113],[-83.99413,40.73113],[-83.99414,40.73201],[-83.99413,40.73226],[-83.99413,40.73259],[-83.99414,40.7329],[-83.99414,40.73329],[-83.99414,40.73356],[-83.99414,40.73388],[-83.99414,40.73419],[-83.99415,40.7345],[-83.99417,40.73481],[-83.99418,40.73512],[-83.99418,40.73534],[-83.99417,40.73538],[-83.99416,40.73542],[-83.99414,40.73545],[-83.99412,40.73548],[-83.99411,40.7355],[-83.99408,40.73552],[-83.99404,40.73733],[-83.99404,40.73927],[-83.9941,40.73936],[-83.99412,40.73939],[-83.99414,40.73942],[-83.99415,40.73946],[-83.99416,40.7395],[-83.99417,40.73953],[-83.99418,40.7396],[-83.99419,40.73974],[-83.99419,40.73987],[-83.99417,40.74015],[-83.99418,40.7411],[-83.99414,40.74569],[-83.99415,40.74791],[-83.99415,40.74871],[-83.99413,40.74945],[-83.99413,40.74995],[-83.99414,40.75045],[-83.99414,40.75094],[-83.99414,40.75139],[-83.99412,40.75298],[-83.99414,40.7538],[-83.99413,40.75406],[-83.99413,40.75423],[-83.99414,40.75527],[-83.99414,40.7562],[-83.99414,40.75694],[-83.99414,40.75735],[-83.99415,40.75777],[-83.99416,40.75818],[-83.99417,40.75857],[-83.99417,40.75891],[-83.99417,40.7593],[-83.99418,40.75974],[-83.99417,40.76005],[-83.99417,40.76047],[-83.99418,40.76083],[-83.99418,40.7612],[-83.99418,40.76141],[-83.99418,40.76158],[-83.99416,40.76197],[-83.99416,40.76236],[-83.99415,40.76273],[-83.99416,40.7631],[-83.99416,40.76348],[-83.99416,40.76376],[-83.99416,40.76402],[-83.99416,40.7643],[-83.99417,40.76516],[-83.99417,40.76572],[-83.99417,40.76626],[-83.99418,40.7664],[-83.9942,40.76686],[-83.9942,40.76744],[-83.99422,40.76813],[-83.99423,40.76826],[-83.99423,40.76873],[-83.99423,40.76931],[-83.99422,40.76988],[-83.99421,40.77048],[-83.99421,40.77108],[-83.9942,40.77161],[-83.9942,40.77171],[-83.9942,40.77195],[-83.9942,40.77199],[-83.9942,40.77224],[-83.99421,40.77349],[-83.99422,40.77387],[-83.9942,40.77437],[-83.99421,40.77457],[-83.9942,40.77499],[-83.9942,40.77532],[-83.99422,40.77658],[-83.99423,40.7778],[-83.99422,40.77892],[-83.99421,40.77973],[-83.99422,40.781],[-83.99424,40.78181],[-83.99425,40.78226],[-83.99425,40.78285],[-83.99425,40.78395],[-83.99425,40.78439],[-83.99426,40.78462],[-83.99426,40.78491],[-83.99426,40.78513],[-83.99426,40.78532],[-83.99426,40.7858],[-83.99426,40.78709],[-83.99426,40.78774],[-83.99426,40.78794],[-83.99427,40.7883],[-83.99427,40.78855],[-83.99427,40.78896],[-83.99427,40.78916],[-83.99427,40.78956],[-83.99428,40.79133],[-83.99428,40.79169],[-83.99428,40.7921],[-83.99429,40.79352],[-83.99431,40.79458],[-83.99432,40.79665],[-83.99432,40.7969],[-83.99432,40.7976],[-83.99432,40.79931],[-83.99432,40.79977],[-83.99434,40.80068],[-83.99434,40.80075],[-83.99436,40.80174],[-83.99435,40.8034],[-83.99435,40.80477],[-83.99436,40.80493],[-83.99435,40.80526],[-83.99436,40.80598],[-83.99437,40.80676],[-83.99438,40.80731],[-83.99439,40.80865],[-83.99441,40.81001],[-83.99442,40.81042],[-83.99442,40.81085],[-83.99443,40.81137],[-83.99443,40.81171],[-83.99443,40.81175],[-83.99443,40.81207],[-83.99443,40.81241],[-83.99444,40.81312],[-83.99443,40.81344],[-83.99443,40.81348],[-83.99444,40.81384],[-83.99444,40.81456],[-83.99445,40.81489],[-83.99445,40.81511],[-83.99434,40.81805],[-83.99873,40.81795],[-83.99889,40.81796],[-83.99909,40.81797],[-83.99941,40.81796],[-83.99976,40.81795],[-84.00284,40.81805],[-84.00639,40.8179],[-84.00658,40.8179],[-84.00674,40.8179],[-84.00689,40.81787],[-84.00744,40.81785],[-84.00934,40.81785],[-84.01108,40.8179],[-84.01182,40.81789],[-84.0126,40.81788],[-84.01322,40.81787],[-84.01348,40.81786],[-84.01392,40.81785],[-84.01416,40.81785],[-84.0149,40.81785],[-84.01541,40.81785],[-84.01587,40.81784],[-84.01596,40.81785],[-84.017,40.81784],[-84.01808,40.81783],[-84.01892,40.81783],[-84.0199,40.81783],[-84.0211,40.81782],[-84.02186,40.81782],[-84.02284,40.81781],[-84.0238,40.8178],[-84.02473,40.8178],[-84.02536,40.8178],[-84.02573,40.81779],[-84.02622,40.81779],[-84.02647,40.81779],[-84.02788,40.81778],[-84.02904,40.81778],[-84.02966,40.81778],[-84.03077,40.81777],[-84.03223,40.81776],[-84.03239,40.81777],[-84.03265,40.81777],[-84.03325,40.81776],[-84.03353,40.81776],[-84.03518,40.81774],[-84.03595,40.81774],[-84.03622,40.81774],[-84.03641,40.81774],[-84.03695,40.81774],[-84.03782,40.81773],[-84.03858,40.81773],[-84.03925,40.81773],[-84.04023,40.81772],[-84.04083,40.81772],[-84.04227,40.81772],[-84.04265,40.81772],[-84.04308,40.81772],[-84.04432,40.8177],[-84.04556,40.8177],[-84.04615,40.81769],[-84.04656,40.81769],[-84.04715,40.81768],[-84.04812,40.81768],[-84.04874,40.81767],[-84.04964,40.81767],[-84.05124,40.81766],[-84.0515,40.81765],[-84.05177,40.81766],[-84.05301,40.81765],[-84.0541,40.81764],[-84.05507,40.81764],[-84.05702,40.81764],[-84.05864,40.81764],[-84.05931,40.81763],[-84.06027,40.81762],[-84.06118,40.8176],[-84.06189,40.8176],[-84.06236,40.81759],[-84.06284,40.81759],[-84.06357,40.81758],[-84.06551,40.81757],[-84.06673,40.81756],[-84.06786,40.81756],[-84.06903,40.81756],[-84.07023,40.81756],[-84.07107,40.81756],[-84.07133,40.81755],[-84.0718,40.81754],[-84.07221,40.81753],[-84.07251,40.81753],[-84.07314,40.81753],[-84.07367,40.81753],[-84.07442,40.81752],[-84.07511,40.81751],[-84.07575,40.8175],[-84.07618,40.8175],[-84.0766,40.8175],[-84.07673,40.8175],[-84.07718,40.8175],[-84.07764,40.81749],[-84.07796,40.81749],[-84.07861,40.81748],[-84.07897,40.81748],[-84.07921,40.81748],[-84.07973,40.81748],[-84.08006,40.81747],[-84.0808,40.81746],[-84.08178,40.81745],[-84.08209,40.81744],[-84.08247,40.81744],[-84.08255,40.81744],[-84.08318,40.81744],[-84.08448,40.81743],[-84.08483,40.81743],[-84.08512,40.81743],[-84.08545,40.81743],[-84.08643,40.81742],[-84.08661,40.81741],[-84.08683,40.81741],[-84.08707,40.8174],[-84.08718,40.8174],[-84.08778,40.8174],[-84.088,40.8174],[-84.08898,40.81739],[-84.08986,40.8174],[-84.09046,40.8174],[-84.09101,40.81739],[-84.09155,40.81739],[-84.09192,40.81739],[-84.09205,40.81739],[-84.09257,40.81739],[-84.09299,40.81738],[-84.09344,40.81738],[-84.0938,40.81737],[-84.0945,40.81737],[-84.09492,40.81737],[-84.09603,40.81737],[-84.09705,40.81736],[-84.09743,40.81736],[-84.09839,40.81735],[-84.09862,40.81735],[-84.09889,40.81734],[-84.09918,40.81734],[-84.0993,40.81734],[-84.09969,40.81734],[-84.1004,40.81734],[-84.10086,40.81733],[-84.10148,40.81732],[-84.10225,40.81732],[-84.10302,40.81731],[-84.10307,40.81731],[-84.1034,40.81731],[-84.10347,40.81732],[-84.10373,40.81732],[-84.1042,40.81731],[-84.10562,40.8173],[-84.10614,40.8173],[-84.1065,40.81729],[-84.10715,40.81729],[-84.10762,40.81728],[-84.10807,40.81729],[-84.10854,40.81728],[-84.10898,40.81728],[-84.10925,40.81728]]],[[[-84.09995,40.79492],[-84.09995,40.79437],[-84.09911,40.79438],[-84.09911,40.79451],[-84.09911,40.79493],[-84.09985,40.79493],[-84.09995,40.79492]]]]}},{"type":"Feature","properties":{"GEOID":"3900337646","NAME":"Jackson township","BASENAME":"Jackson","LSADC":"44","AREALAND":"92511401","AREAWATER":"797646","CENTLAT":"+40.7754114","CENTLON":"-083.9370152"},"geometry":{"type":"Polygon","coordinates":[[[-83.99445,40.81511],[-83.99445,40.81489],[-83.99444,40.81456],[-83.99444,40.81384],[-83.99443,40.81348],[-83.99443,40.81344],[-83.99444,40.81312],[-83.99443,40.81241],[-83.99443,40.81207],[-83.99443,40.81175],[-83.99443,40.81171],[-83.99443,40.81137],[-83.99442,40.81085],[-83.99442,40.81042],[-83.99441,40.81001],[-83.99439,40.80865],[-83.99438,40.80731],[-83.99437,40.80676],[-83.99436,40.80598],[-83.99435,40.80526],[-83.99436,40.80493],[-83.99435,40.80477],[-83.99435,40.8034],[-83.99436,40.80174],[-83.99434,40.80075],[-83.99434,40.80068],[-83.99432,40.79977],[-83.99432,40.79931],[-83.99432,40.7976],[-83.99432,40.7969],[-83.99432,40.79665],[-83.99431,40.79458],[-83.99429,40.79352],[-83.99428,40.7921],[-83.99428,40.79169],[-83.99428,40.79133],[-83.99427,40.78956],[-83.99427,40.78916],[-83.99427,40.78896],[-83.99427,40.78855],[-83.99427,40.7883],[-83.99426,40.78794],[-83.99426,40.78774],[-83.99426,40.78709],[-83.99426,40.7858],[-83.99426,40.78532],[-83.99426,40.78513],[-83.99426,40.78491],[-83.99426,40.78462],[-83.99425,40.78439],[-83.99425,40.78395],[-83.99425,40.78285],[-83.99425,40.78226],[-83.99424,40.78181],[-83.99422,40.781],[-83.99421,40.77973],[-83.99422,40.77892],[-83.99423,40.7778],[-83.99422,40.77658],[-83.9942,40.77532],[-83.9942,40.77499],[-83.99421,40.77457],[-83.9942,40.77437],[-83.99422,40.77387],[-83.99421,40.77349],[-83.9942,40.77224],[-83.9942,40.77199],[-83.9942,40.77195],[-83.9942,40.77171],[-83.9942,40.77161],[-83.99421,40.77108],[-83.99421,40.77048],[-83.99422,40.76988],[-83.99423,40.76931],[-83.99423,40.76873],[-83.99423,40.76826],[-83.99422,40.76813],[-83.9942,40.76744],[-83.9942,40.76686],[-83.99418,40.7664],[-83.99417,40.76626],[-83.99417,40.76572],[-83.99417,40.76516],[-83.99416,40.7643],[-83.99416,40.76402],[-83.99416,40.76376],[-83.99416,40.76348],[-83.99416,40.7631],[-83.99415,40.76273],[-83.99416,40.76236],[-83.99416,40.76197],[-83.99418,40.76158],[-83.99418,40.76141],[-83.99418,40.7612],[-83.99418,40.76083],[-83.99417,40.76047],[-83.99417,40.76005],[-83.99418,40.75974],[-83.99417,40.7593],[-83.99417,40.75891],[-83.99417,40.75857],[-83.99416,40.75818],[-83.99415,40.75777],[-83.99414,40.75735],[-83.99414,40.75694],[-83.99414,40.7562],[-83.99414,40.75527],[-83.99413,40.75423],[-83.99413,40.75406],[-83.99414,40.7538],[-83.99412,40.75298],[-83.99414,40.75139],[-83.99414,40.75094],[-83.99414,40.75045],[-83.99413,40.74995],[-83.99413,40.74945],[-83.99415,40.74871],[-83.99415,40.74791],[-83.99414,40.74569],[-83.99418,40.7411],[-83.99417,40.74015],[-83.99419,40.73987],[-83.99419,40.73974],[-83.99418,40.7396],[-83.99417,40.73953],[-83.99416,40.7395],[-83.99415,40.73946],[-83.99414,40.73942],[-83.99412,40.73939],[-83.9941,40.73936],[-83.99404,40.73927],[-83.99404,40.73733],[-83.99408,40.73552],[-83.99411,40.7355],[-83.99412,40.73548],[-83.99414,40.73545],[-83.99416,40.73542],[-83.99417,40.73538],[-83.99418,40.73534],[-83.99418,40.73512],[-83.99417,40.73481],[-83.99415,40.7345],[-83.99414,40.73419],[-83.99414,40.73388],[-83.99414,40.73356],[-83.99414,40.73329],[-83.99414,40.7329],[-83.99413,40.73259],[-83.99413,40.73226],[-83.99414,40.73201],[-83.99413,40.73113],[-83.98477,40.73125],[-83.98282,40.73128],[-83.9823,40.73128],[-83.98205,40.73128],[-83.98041,40.73132],[-83.97884,40.73132],[-83.9771,40.73137],[-83.97579,40.73138],[-83.97555,40.73138],[-83.97361,40.7314],[-83.9723,40.73143],[-83.97087,40.73144],[-83.96925,40.73146],[-83.9658,40.7315],[-83.96303,40.73153],[-83.96149,40.73155],[-83.96091,40.73156],[-83.95883,40.73158],[-83.95757,40.7316],[-83.95695,40.73161],[-83.95473,40.73164],[-83.95406,40.73164],[-83.95256,40.73166],[-83.95232,40.73167],[-83.95067,40.73169],[-83.9456,40.73175],[-83.94449,40.73177],[-83.94169,40.7318],[-83.94092,40.73181],[-83.94071,40.73182],[-83.93994,40.73183],[-83.93841,40.73185],[-83.93815,40.73185],[-83.93796,40.73186],[-83.93749,40.73186],[-83.9343,40.7319],[-83.93325,40.73192],[-83.93262,40.73193],[-83.92936,40.73198],[-83.92782,40.732],[-83.92526,40.73204],[-83.91487,40.73219],[-83.91143,40.73223],[-83.90933,40.73225],[-83.90842,40.73228],[-83.90608,40.73231],[-83.90566,40.73231],[-83.90252,40.73233],[-83.90127,40.73234],[-83.90061,40.73235],[-83.89922,40.73235],[-83.89894,40.73236],[-83.89745,40.73237],[-83.89676,40.73237],[-83.89561,40.73239],[-83.89042,40.73241],[-83.8858,40.73243],[-83.88573,40.73243],[-83.88249,40.73243],[-83.88086,40.73243],[-83.88056,40.73243],[-83.88007,40.73243],[-83.87983,40.73244],[-83.87983,40.73292],[-83.87983,40.73383],[-83.87983,40.73385],[-83.87983,40.73408],[-83.87983,40.73427],[-83.87983,40.73431],[-83.87983,40.73432],[-83.87983,40.73437],[-83.87983,40.7344],[-83.87983,40.73442],[-83.87983,40.73452],[-83.87983,40.73461],[-83.87983,40.73468],[-83.87983,40.7348],[-83.87984,40.7358],[-83.87984,40.73582],[-83.87985,40.73623],[-83.87985,40.73673],[-83.87985,40.73675],[-83.87985,40.73707],[-83.87985,40.73731],[-83.87986,40.73873],[-83.87986,40.73888],[-83.87986,40.73963],[-83.87986,40.73985],[-83.87987,40.74006],[-83.87987,40.74104],[-83.87987,40.74106],[-83.87987,40.74144],[-83.87988,40.74213],[-83.87989,40.74251],[-83.87989,40.74252],[-83.87989,40.74255],[-83.87989,40.7427],[-83.87989,40.74354],[-83.87989,40.74531],[-83.8799,40.74662],[-83.8799,40.74664],[-83.8799,40.74689],[-83.8799,40.74693],[-83.8799,40.74706],[-83.8799,40.7472],[-83.8799,40.74723],[-83.8799,40.74727],[-83.8799,40.74953],[-83.87991,40.74976],[-83.87991,40.75007],[-83.87991,40.75011],[-83.87991,40.75061],[-83.87991,40.75071],[-83.87991,40.75078],[-83.87992,40.75084],[-83.87991,40.75182],[-83.87991,40.7524],[-83.8799,40.75322],[-83.87992,40.75468],[-83.87992,40.75492],[-83.87992,40.75493],[-83.87992,40.75494],[-83.87992,40.75556],[-83.87992,40.75557],[-83.87992,40.75559],[-83.87992,40.75561],[-83.87992,40.75566],[-83.87992,40.7557],[-83.87992,40.75573],[-83.87991,40.75611],[-83.87991,40.75677],[-83.87992,40.75705],[-83.87992,40.7573],[-83.87992,40.75731],[-83.87992,40.75738],[-83.87992,40.7574],[-83.87992,40.7585],[-83.87992,40.75985],[-83.87992,40.76073],[-83.87992,40.76157],[-83.87992,40.76171],[-83.87992,40.76186],[-83.87992,40.76303],[-83.87992,40.76514],[-83.87992,40.76516],[-83.87994,40.76727],[-83.87992,40.76902],[-83.87992,40.76904],[-83.87992,40.76905],[-83.87992,40.76907],[-83.87991,40.76994],[-83.87991,40.76996],[-83.87991,40.77011],[-83.87991,40.77013],[-83.8799,40.77427],[-83.87991,40.7756],[-83.87991,40.77562],[-83.87991,40.77564],[-83.87992,40.77618],[-83.87992,40.77626],[-83.87992,40.77644],[-83.87992,40.77706],[-83.87993,40.78001],[-83.87994,40.78092],[-83.87994,40.78131],[-83.87994,40.78143],[-83.87995,40.78211],[-83.87995,40.78247],[-83.87995,40.78323],[-83.87996,40.78349],[-83.87996,40.78382],[-83.88002,40.78848],[-83.88001,40.79041],[-83.88001,40.7907],[-83.88001,40.79071],[-83.88001,40.79095],[-83.88001,40.79096],[-83.88001,40.79098],[-83.88001,40.79125],[-83.88001,40.79145],[-83.88001,40.79164],[-83.88001,40.79173],[-83.88001,40.79254],[-83.88001,40.7937],[-83.88001,40.79384],[-83.88,40.79438],[-83.88,40.79551],[-83.88,40.79646],[-83.88,40.79647],[-83.88001,40.79726],[-83.88002,40.79888],[-83.88,40.80142],[-83.87999,40.80227],[-83.88001,40.80365],[-83.88002,40.80435],[-83.88002,40.80542],[-83.88002,40.80558],[-83.88002,40.80717],[-83.88003,40.80757],[-83.88004,40.80948],[-83.88004,40.81179],[-83.88005,40.8126],[-83.88006,40.81446],[-83.88005,40.81674],[-83.88005,40.8173],[-83.88005,40.81758],[-83.88005,40.81768],[-83.88005,40.81778],[-83.88005,40.8192],[-83.88006,40.81992],[-83.88363,40.81987],[-83.89133,40.81978],[-83.8933,40.81976],[-83.8991,40.81968],[-83.90528,40.81959],[-83.90706,40.81956],[-83.9077,40.81955],[-83.90781,40.81955],[-83.90836,40.81954],[-83.90872,40.81953],[-83.92741,40.81912],[-83.93264,40.81914],[-83.93396,40.81914],[-83.93488,40.81913],[-83.93636,40.81911],[-83.93703,40.8191],[-83.93746,40.81909],[-83.94599,40.81874],[-83.95184,40.81865],[-83.95725,40.81851],[-83.96137,40.81843],[-83.97564,40.81822],[-83.97647,40.8182],[-83.98524,40.81802],[-83.98999,40.81799],[-83.99082,40.81799],[-83.99434,40.81805],[-83.99445,40.81511]]]}},{"type":"Feature","properties":{"GEOID":"3900343554","NAME":"Lima city","BASENAME":"Lima","LSADC":"25","AREALAND":"35269085","AREAWATER":"478036","CENTLAT":"+40.7409102","CENTLON":"-084.1119836"},"geometry":{"type":"Polygon","coordinates":[[[-84.16511,40.75475],[-84.16512,40.75421],[-84.16393,40.75399],[-84.16342,40.7539],[-84.16293,40.75382],[-84.16253,40.75376],[-84.16252,40.75322],[-84.16251,40.75247],[-84.16239,40.75244],[-84.16183,40.7523],[-84.16125,40.75215],[-84.16079,40.75203],[-84.16074,40.75202],[-84.16055,40.75197],[-84.16052,40.75008],[-84.16013,40.75009],[-84.16011,40.74925],[-84.16051,40.74924],[-84.16047,40.74668],[-84.16046,40.7459],[-84.16043,40.74416],[-84.16035,40.74416],[-84.16035,40.74396],[-84.16035,40.74282],[-84.16035,40.74115],[-84.15999,40.74115],[-84.15998,40.74061],[-84.15966,40.74061],[-84.15903,40.74062],[-84.15869,40.74063],[-84.15807,40.74063],[-84.15811,40.74263],[-84.15815,40.74418],[-84.15522,40.7442],[-84.15523,40.74473],[-84.15525,40.74593],[-84.15526,40.74679],[-84.15349,40.74681],[-84.15349,40.74691],[-84.1535,40.74743],[-84.1535,40.7477],[-84.1535,40.7478],[-84.15528,40.74778],[-84.15529,40.74792],[-84.15593,40.74791],[-84.15593,40.74856],[-84.15594,40.74901],[-84.15594,40.74912],[-84.15583,40.74912],[-84.15583,40.74928],[-84.15583,40.74933],[-84.15747,40.74932],[-84.15749,40.74944],[-84.15753,40.74976],[-84.15753,40.74981],[-84.1575,40.75014],[-84.15742,40.75039],[-84.15736,40.75062],[-84.1572,40.75109],[-84.15631,40.75086],[-84.15606,40.75079],[-84.15611,40.75139],[-84.15613,40.75157],[-84.15504,40.75129],[-84.15532,40.7506],[-84.1552,40.75057],[-84.15516,40.75055],[-84.15439,40.75036],[-84.15376,40.75019],[-84.15353,40.75013],[-84.15193,40.74972],[-84.15182,40.74969],[-84.15158,40.74963],[-84.15151,40.7498],[-84.15119,40.75059],[-84.15117,40.75064],[-84.15104,40.75096],[-84.15093,40.75119],[-84.15086,40.75133],[-84.15079,40.75149],[-84.14894,40.75149],[-84.14844,40.7515],[-84.14845,40.752],[-84.14716,40.75198],[-84.14711,40.75198],[-84.14706,40.75198],[-84.147,40.75198],[-84.14699,40.7518],[-84.147,40.75151],[-84.14701,40.75131],[-84.14704,40.75113],[-84.14703,40.75083],[-84.14703,40.75062],[-84.14703,40.75035],[-84.14703,40.75019],[-84.14703,40.7501],[-84.14703,40.74991],[-84.14703,40.74979],[-84.14703,40.7497],[-84.14703,40.74927],[-84.14701,40.74848],[-84.14762,40.74863],[-84.14807,40.74874],[-84.14816,40.74876],[-84.14867,40.74889],[-84.14871,40.7489],[-84.14904,40.74898],[-84.14984,40.74919],[-84.1501,40.74925],[-84.15037,40.74932],[-84.15043,40.74933],[-84.15109,40.74951],[-84.15106,40.74745],[-84.15106,40.74739],[-84.15112,40.74739],[-84.15112,40.74725],[-84.15112,40.74706],[-84.1511,40.74602],[-84.1511,40.74592],[-84.15121,40.74592],[-84.15147,40.74591],[-84.15146,40.74559],[-84.15145,40.745],[-84.15144,40.7442],[-84.15144,40.74368],[-84.15138,40.74067],[-84.15154,40.74067],[-84.15286,40.74066],[-84.15389,40.74065],[-84.15439,40.74065],[-84.15528,40.74063],[-84.15528,40.74005],[-84.15527,40.73995],[-84.15621,40.73994],[-84.15653,40.73994],[-84.15653,40.73938],[-84.15653,40.73917],[-84.15581,40.73917],[-84.15581,40.73953],[-84.15542,40.73954],[-84.15527,40.73951],[-84.15527,40.73885],[-84.15525,40.7379],[-84.15525,40.73721],[-84.15525,40.73706],[-84.15332,40.73706],[-84.15272,40.73706],[-84.15224,40.73706],[-84.15119,40.73706],[-84.14947,40.73707],[-84.14921,40.73707],[-84.14916,40.73707],[-84.14829,40.73708],[-84.148,40.73708],[-84.1478,40.73708],[-84.14773,40.73709],[-84.14678,40.7371],[-84.14678,40.73645],[-84.14679,40.73613],[-84.14679,40.73605],[-84.14679,40.73597],[-84.14677,40.73485],[-84.14678,40.73376],[-84.14678,40.73279],[-84.14971,40.73275],[-84.1497,40.73374],[-84.15021,40.73374],[-84.15123,40.73372],[-84.15219,40.73372],[-84.15229,40.73373],[-84.15228,40.73271],[-84.15272,40.7327],[-84.15306,40.7327],[-84.15306,40.73333],[-84.15306,40.73373],[-84.15326,40.73373],[-84.15371,40.73372],[-84.15435,40.73371],[-84.15434,40.73343],[-84.15438,40.73278],[-84.15439,40.73267],[-84.15555,40.73266],[-84.15573,40.73265],[-84.15571,40.73025],[-84.15532,40.73025],[-84.15503,40.73025],[-84.15503,40.73013],[-84.15503,40.72953],[-84.15503,40.72952],[-84.15476,40.72951],[-84.15475,40.72913],[-84.15622,40.72911],[-84.15622,40.72925],[-84.15623,40.72975],[-84.15623,40.72989],[-84.15623,40.73017],[-84.15623,40.73025],[-84.15625,40.73025],[-84.15641,40.73023],[-84.15652,40.73022],[-84.15715,40.73015],[-84.16101,40.73015],[-84.16117,40.73015],[-84.16117,40.72601],[-84.16035,40.72603],[-84.1523,40.72629],[-84.15106,40.72634],[-84.15107,40.7272],[-84.15108,40.7276],[-84.14887,40.72763],[-84.14886,40.72773],[-84.14885,40.72796],[-84.14883,40.72817],[-84.14813,40.72812],[-84.14744,40.72807],[-84.14708,40.72805],[-84.14688,40.72807],[-84.14674,40.72798],[-84.14622,40.72838],[-84.14596,40.72859],[-84.14574,40.72875],[-84.14513,40.72921],[-84.14423,40.72989],[-84.14407,40.72999],[-84.14401,40.73002],[-84.14392,40.73008],[-84.14367,40.7302],[-84.14342,40.73029],[-84.14324,40.73034],[-84.14296,40.73039],[-84.14291,40.7304],[-84.14275,40.73041],[-84.14239,40.73042],[-84.14096,40.73041],[-84.14091,40.72981],[-84.1413,40.72978],[-84.1413,40.7297],[-84.14217,40.7297],[-84.14216,40.72919],[-84.14207,40.7292],[-84.14139,40.72919],[-84.14051,40.72918],[-84.14023,40.72918],[-84.14011,40.72918],[-84.1401,40.72996],[-84.14011,40.7304],[-84.13938,40.73041],[-84.13866,40.73041],[-84.13858,40.73041],[-84.13852,40.73041],[-84.1378,40.73042],[-84.13712,40.73042],[-84.13615,40.73042],[-84.13564,40.73042],[-84.13406,40.73041],[-84.1325,40.73041],[-84.13087,40.73041],[-84.12753,40.73038],[-84.12462,40.73037],[-84.12385,40.73037],[-84.12309,40.73037],[-84.12288,40.73037],[-84.12405,40.72939],[-84.12465,40.72891],[-84.12502,40.72862],[-84.12538,40.72817],[-84.12546,40.72802],[-84.12556,40.72765],[-84.12563,40.72741],[-84.12568,40.7268],[-84.12573,40.7262],[-84.12576,40.72599],[-84.12582,40.72559],[-84.12583,40.72536],[-84.12584,40.72518],[-84.12584,40.72516],[-84.12582,40.72486],[-84.12603,40.72488],[-84.12605,40.72488],[-84.12607,40.72481],[-84.1263,40.72482],[-84.12694,40.72487],[-84.12732,40.7249],[-84.12846,40.72498],[-84.12962,40.72505],[-84.13087,40.72513],[-84.131,40.72514],[-84.13111,40.72514],[-84.13123,40.72515],[-84.13129,40.72515],[-84.13142,40.72516],[-84.13153,40.72517],[-84.13172,40.72518],[-84.13175,40.72518],[-84.13221,40.72521],[-84.13262,40.72524],[-84.13264,40.72524],[-84.1329,40.72526],[-84.13292,40.7253],[-84.13295,40.7253],[-84.13313,40.72531],[-84.13356,40.72533],[-84.13379,40.72535],[-84.13422,40.72537],[-84.13462,40.7254],[-84.13462,40.72542],[-84.13593,40.72549],[-84.13725,40.72557],[-84.1376,40.72559],[-84.13761,40.72565],[-84.13843,40.72569],[-84.13955,40.72576],[-84.13956,40.72567],[-84.13957,40.7255],[-84.13995,40.72553],[-84.14204,40.72577],[-84.14228,40.7252],[-84.14239,40.72503],[-84.14252,40.7249],[-84.14281,40.72476],[-84.14301,40.72491],[-84.14303,40.72489],[-84.14317,40.72477],[-84.14386,40.72445],[-84.14393,40.72441],[-84.14401,40.72438],[-84.14388,40.72425],[-84.14383,40.7242],[-84.14333,40.72371],[-84.14352,40.72363],[-84.14382,40.72348],[-84.14416,40.72333],[-84.14432,40.72325],[-84.14438,40.72359],[-84.14448,40.7238],[-84.14452,40.72397],[-84.14456,40.72411],[-84.14458,40.7241],[-84.14463,40.72408],[-84.14463,40.72392],[-84.14462,40.72174],[-84.14519,40.72174],[-84.14521,40.72155],[-84.1453,40.72153],[-84.14535,40.72144],[-84.14467,40.72145],[-84.14461,40.72145],[-84.14461,40.71946],[-84.1446,40.7193],[-84.13964,40.71937],[-84.13972,40.7218],[-84.13976,40.72303],[-84.13659,40.72304],[-84.13593,40.72304],[-84.13495,40.72305],[-84.13392,40.72305],[-84.13351,40.72305],[-84.13335,40.72305],[-84.13301,40.72305],[-84.13157,40.72306],[-84.13134,40.72306],[-84.12968,40.72307],[-84.12718,40.72308],[-84.12689,40.72319],[-84.12669,40.72327],[-84.12634,40.72342],[-84.12623,40.72348],[-84.12614,40.72353],[-84.12596,40.72363],[-84.12591,40.72366],[-84.12564,40.72383],[-84.12537,40.72402],[-84.12515,40.72419],[-84.12511,40.72423],[-84.12489,40.72442],[-84.12485,40.72446],[-84.1248,40.72451],[-84.12464,40.72468],[-84.12453,40.72479],[-84.12367,40.72474],[-84.12297,40.7247],[-84.1215,40.72461],[-84.12018,40.72453],[-84.12001,40.72452],[-84.11817,40.72441],[-84.11778,40.72439],[-84.11703,40.72435],[-84.11664,40.72433],[-84.11619,40.7243],[-84.11579,40.72427],[-84.11442,40.72419],[-84.11411,40.72417],[-84.11393,40.72416],[-84.11327,40.72412],[-84.11327,40.72395],[-84.11327,40.72265],[-84.11327,40.72219],[-84.11327,40.7221],[-84.11327,40.7219],[-84.11326,40.72077],[-84.11327,40.72019],[-84.11329,40.71991],[-84.11329,40.71976],[-84.11335,40.71956],[-84.11353,40.71915],[-84.11388,40.71841],[-84.1139,40.71836],[-84.11403,40.71807],[-84.1143,40.7175],[-84.11508,40.71581],[-84.11517,40.71566],[-84.11522,40.71555],[-84.11552,40.71555],[-84.11563,40.71555],[-84.11575,40.71555],[-84.11605,40.71553],[-84.11619,40.71551],[-84.11634,40.71549],[-84.11649,40.71547],[-84.11663,40.71544],[-84.11678,40.71541],[-84.11692,40.71537],[-84.11697,40.71524],[-84.11701,40.71515],[-84.11706,40.71506],[-84.11719,40.71486],[-84.11762,40.71418],[-84.11834,40.71303],[-84.11811,40.71303],[-84.11809,40.71303],[-84.11746,40.71304],[-84.1164,40.71303],[-84.1166,40.7126],[-84.11674,40.71231],[-84.11679,40.71221],[-84.11693,40.71191],[-84.11709,40.71156],[-84.11729,40.71113],[-84.11748,40.71072],[-84.11756,40.71056],[-84.11813,40.70933],[-84.11831,40.70893],[-84.1185,40.70855],[-84.11838,40.70857],[-84.11825,40.70858],[-84.11806,40.70858],[-84.11772,40.70857],[-84.11718,40.70856],[-84.1168,40.70855],[-84.1158,40.71067],[-84.11571,40.71067],[-84.11551,40.71067],[-84.11473,40.71126],[-84.11472,40.71207],[-84.11454,40.71208],[-84.11363,40.71204],[-84.11232,40.71107],[-84.11232,40.71146],[-84.11235,40.71148],[-84.11333,40.7122],[-84.11348,40.71231],[-84.11325,40.71231],[-84.11299,40.7123],[-84.11299,40.71235],[-84.11299,40.71272],[-84.11299,40.71307],[-84.113,40.71345],[-84.113,40.71399],[-84.11301,40.71555],[-84.11301,40.71567],[-84.11302,40.7158],[-84.11302,40.71585],[-84.11245,40.71586],[-84.1111,40.71586],[-84.11052,40.71588],[-84.1101,40.71588],[-84.11007,40.71589],[-84.10985,40.71596],[-84.10979,40.71598],[-84.10966,40.71598],[-84.10925,40.71598],[-84.10879,40.71599],[-84.10857,40.71599],[-84.10835,40.71641],[-84.10834,40.71598],[-84.10834,40.71584],[-84.10834,40.71579],[-84.10834,40.71553],[-84.10834,40.71481],[-84.10834,40.71467],[-84.10833,40.7143],[-84.10832,40.71307],[-84.10832,40.71301],[-84.10831,40.71181],[-84.1083,40.71058],[-84.1083,40.7095],[-84.10704,40.70949],[-84.10666,40.70947],[-84.10641,40.70946],[-84.10626,40.70945],[-84.10609,40.70946],[-84.10597,40.70946],[-84.10532,40.70946],[-84.10392,40.70946],[-84.10223,40.70946],[-84.10086,40.70946],[-84.10015,40.70946],[-84.09955,40.70947],[-84.09948,40.70947],[-84.09947,40.70694],[-84.09946,40.70454],[-84.09945,40.70282],[-84.09945,40.70221],[-84.09912,40.70221],[-84.09911,40.70073],[-84.09912,40.69929],[-84.09911,40.69914],[-84.09851,40.69915],[-84.09827,40.69915],[-84.09599,40.69916],[-84.0946,40.69916],[-84.0946,40.69909],[-84.0946,40.69905],[-84.09459,40.69885],[-84.0946,40.69882],[-84.0946,40.69871],[-84.0946,40.69855],[-84.09507,40.69855],[-84.09641,40.69854],[-84.09764,40.69854],[-84.09944,40.69853],[-84.09999,40.69853],[-84.10071,40.69853],[-84.10106,40.69853],[-84.1018,40.69852],[-84.10347,40.69852],[-84.10431,40.69852],[-84.1059,40.69842],[-84.10637,40.69839],[-84.10739,40.69814],[-84.10812,40.69795],[-84.10812,40.69744],[-84.10821,40.69744],[-84.10821,40.69724],[-84.10821,40.69683],[-84.1082,40.69628],[-84.1082,40.69575],[-84.1082,40.69528],[-84.1082,40.69513],[-84.10794,40.6951],[-84.10746,40.6951],[-84.10695,40.69508],[-84.10581,40.69507],[-84.10483,40.69507],[-84.10412,40.69507],[-84.10392,40.69507],[-84.10226,40.69509],[-84.10226,40.69495],[-84.10227,40.69332],[-84.10226,40.6891],[-84.10226,40.68902],[-84.10226,40.68895],[-84.10226,40.6887],[-84.101,40.68871],[-84.10079,40.6887],[-84.10074,40.68811],[-84.10069,40.68767],[-84.10033,40.68767],[-84.09972,40.68768],[-84.09874,40.68768],[-84.09775,40.68769],[-84.09675,40.6877],[-84.09618,40.6877],[-84.09574,40.6877],[-84.095,40.6877],[-84.09387,40.68772],[-84.09328,40.68772],[-84.09254,40.68772],[-84.09175,40.68771],[-84.09084,40.68772],[-84.09084,40.68827],[-84.08981,40.68838],[-84.08981,40.6884],[-84.08981,40.68842],[-84.08982,40.68879],[-84.08982,40.68922],[-84.08982,40.68931],[-84.08981,40.68939],[-84.0898,40.68967],[-84.08981,40.69],[-84.08982,40.69018],[-84.08982,40.69046],[-84.08982,40.69074],[-84.08982,40.69109],[-84.08982,40.6913],[-84.08983,40.6916],[-84.08983,40.69189],[-84.08983,40.69245],[-84.08983,40.69254],[-84.08983,40.69271],[-84.08983,40.69299],[-84.08983,40.69324],[-84.08984,40.69347],[-84.08984,40.69357],[-84.08984,40.69419],[-84.08984,40.69462],[-84.08984,40.69478],[-84.08984,40.69494],[-84.08984,40.69509],[-84.08984,40.69545],[-84.08984,40.69577],[-84.08984,40.69616],[-84.08984,40.69635],[-84.08984,40.69666],[-84.08984,40.69672],[-84.08985,40.69698],[-84.08984,40.69728],[-84.08985,40.69733],[-84.08985,40.6974],[-84.08985,40.69764],[-84.08985,40.69808],[-84.08986,40.69825],[-84.08986,40.6984],[-84.08986,40.69845],[-84.08986,40.69885],[-84.08986,40.69888],[-84.08987,40.69905],[-84.08987,40.69908],[-84.08986,40.69956],[-84.08986,40.69977],[-84.08986,40.70065],[-84.08986,40.70088],[-84.08975,40.70088],[-84.08975,40.70076],[-84.08975,40.70074],[-84.08974,40.70068],[-84.08971,40.70058],[-84.08967,40.70049],[-84.08966,40.70046],[-84.08956,40.69967],[-84.08932,40.69959],[-84.0878,40.6994],[-84.08679,40.69941],[-84.08645,40.69941],[-84.08569,40.69941],[-84.08532,40.69942],[-84.08512,40.69942],[-84.08499,40.69942],[-84.08499,40.69965],[-84.08501,40.7008],[-84.08502,40.702],[-84.08503,40.70225],[-84.08493,40.70225],[-84.08465,40.70225],[-84.08456,40.70225],[-84.08405,40.70225],[-84.08406,40.70367],[-84.08388,40.70367],[-84.08306,40.70367],[-84.08306,40.70394],[-84.08307,40.70452],[-84.08307,40.70561],[-84.08308,40.70586],[-84.08293,40.70586],[-84.08032,40.70587],[-84.0803,40.70226],[-84.0802,40.70226],[-84.0798,40.70226],[-84.07951,40.70226],[-84.07872,40.70226],[-84.07843,40.70226],[-84.07833,40.70226],[-84.07734,40.70227],[-84.07616,40.70226],[-84.07598,40.70251],[-84.07592,40.70265],[-84.07579,40.70298],[-84.07567,40.70345],[-84.0756,40.70393],[-84.07559,40.70438],[-84.0756,40.70468],[-84.0756,40.70594],[-84.0756,40.70954],[-84.07739,40.70953],[-84.07856,40.70952],[-84.0851,40.70952],[-84.08523,40.70951],[-84.08525,40.70585],[-84.08535,40.70586],[-84.08534,40.70225],[-84.08541,40.70225],[-84.08588,40.70225],[-84.08656,40.70223],[-84.08695,40.70222],[-84.08862,40.70221],[-84.08897,40.70221],[-84.08987,40.70221],[-84.08987,40.70237],[-84.08987,40.70306],[-84.08988,40.7032],[-84.08987,40.70347],[-84.08987,40.70399],[-84.08987,40.70458],[-84.08987,40.70476],[-84.08987,40.7053],[-84.08986,40.70564],[-84.08987,40.70575],[-84.08987,40.70604],[-84.08988,40.70661],[-84.08989,40.7071],[-84.08991,40.70737],[-84.08991,40.7075],[-84.08995,40.7078],[-84.08996,40.70793],[-84.08999,40.70818],[-84.09004,40.70849],[-84.0901,40.70882],[-84.09013,40.70895],[-84.09026,40.70953],[-84.09113,40.70952],[-84.09206,40.70947],[-84.09232,40.70947],[-84.09274,40.70948],[-84.09286,40.7095],[-84.09465,40.70945],[-84.0947,40.71083],[-84.09472,40.7121],[-84.09472,40.71254],[-84.09471,40.71399],[-84.0947,40.71545],[-84.0947,40.71624],[-84.09396,40.71625],[-84.09346,40.71625],[-84.09293,40.71626],[-84.09097,40.71627],[-84.09049,40.71627],[-84.08951,40.71628],[-84.08951,40.71631],[-84.08933,40.71631],[-84.0891,40.71631],[-84.08892,40.71632],[-84.08777,40.71633],[-84.08735,40.71633],[-84.08699,40.71633],[-84.0866,40.71633],[-84.08522,40.71633],[-84.08522,40.71635],[-84.0851,40.71635],[-84.08508,40.71684],[-84.08499,40.71684],[-84.08498,40.71673],[-84.08447,40.71676],[-84.08241,40.71676],[-84.0823,40.71676],[-84.08207,40.71676],[-84.08213,40.71686],[-84.08223,40.71705],[-84.08233,40.71728],[-84.08242,40.71752],[-84.08248,40.71768],[-84.08271,40.71884],[-84.0827,40.7189],[-84.08273,40.71916],[-84.08273,40.71942],[-84.08273,40.71991],[-84.08274,40.72099],[-84.08254,40.721],[-84.08121,40.72102],[-84.08091,40.72102],[-84.08064,40.72103],[-84.08038,40.72104],[-84.08038,40.72085],[-84.08039,40.72055],[-84.08039,40.72039],[-84.08039,40.72024],[-84.08039,40.72009],[-84.08039,40.71994],[-84.08039,40.71965],[-84.08039,40.71935],[-84.08039,40.71921],[-84.0804,40.71906],[-84.0804,40.71891],[-84.0804,40.71877],[-84.0804,40.71862],[-84.0804,40.71848],[-84.0804,40.71832],[-84.0804,40.71818],[-84.0804,40.71804],[-84.0804,40.71789],[-84.0804,40.71775],[-84.0804,40.71746],[-84.08041,40.71732],[-84.08041,40.71718],[-84.08041,40.71685],[-84.07946,40.71685],[-84.07911,40.71685],[-84.07892,40.71686],[-84.07885,40.71686],[-84.07858,40.71687],[-84.07858,40.71707],[-84.07862,40.7188],[-84.07864,40.72029],[-84.07863,40.72045],[-84.07799,40.72046],[-84.07742,40.72048],[-84.07739,40.71865],[-84.07738,40.71818],[-84.07737,40.71734],[-84.07729,40.71733],[-84.07722,40.71732],[-84.07718,40.71732],[-84.07714,40.71732],[-84.07705,40.71732],[-84.07655,40.71732],[-84.07546,40.71733],[-84.07543,40.71733],[-84.07539,40.71733],[-84.07533,40.71733],[-84.07528,40.71733],[-84.07525,40.71733],[-84.07512,40.71733],[-84.07506,40.71733],[-84.07504,40.71733],[-84.07497,40.71733],[-84.07478,40.71733],[-84.07327,40.71714],[-84.07322,40.71714],[-84.07244,40.71704],[-84.07209,40.71702],[-84.07207,40.71701],[-84.0715,40.71696],[-84.07134,40.71694],[-84.07087,40.71695],[-84.07087,40.71711],[-84.07091,40.7171],[-84.07092,40.7175],[-84.07093,40.71797],[-84.07093,40.71805],[-84.07091,40.7185],[-84.0709,40.71897],[-84.07091,40.72001],[-84.07091,40.72032],[-84.07089,40.72108],[-84.07091,40.72112],[-84.07095,40.72115],[-84.07104,40.72118],[-84.07114,40.72121],[-84.07094,40.72121],[-84.07092,40.72182],[-84.07089,40.72258],[-84.07495,40.72292],[-84.07496,40.72301],[-84.07496,40.72322],[-84.07506,40.72661],[-84.07506,40.72715],[-84.07506,40.7272],[-84.07507,40.72821],[-84.07508,40.72859],[-84.07507,40.72866],[-84.07507,40.72871],[-84.07509,40.7306],[-84.07525,40.7306],[-84.07536,40.73059],[-84.07541,40.73059],[-84.07564,40.73059],[-84.07607,40.73058],[-84.07639,40.73058],[-84.07643,40.73058],[-84.07687,40.73056],[-84.07695,40.73056],[-84.07852,40.73055],[-84.0788,40.73055],[-84.07896,40.73059],[-84.07913,40.73058],[-84.07952,40.73058],[-84.07972,40.73058],[-84.07972,40.73072],[-84.07972,40.7308],[-84.07991,40.73086],[-84.07991,40.731],[-84.07972,40.73094],[-84.07897,40.73071],[-84.07889,40.73068],[-84.0788,40.73063],[-84.07863,40.73064],[-84.07715,40.73066],[-84.07714,40.73175],[-84.07731,40.73175],[-84.07734,40.73175],[-84.0776,40.73174],[-84.07773,40.73174],[-84.07779,40.73174],[-84.07779,40.73241],[-84.07851,40.73241],[-84.07859,40.73241],[-84.07859,40.73237],[-84.0786,40.73171],[-84.07991,40.73168],[-84.07989,40.73289],[-84.07928,40.73289],[-84.07929,40.73275],[-84.07855,40.73273],[-84.07852,40.73287],[-84.07851,40.73303],[-84.07716,40.73302],[-84.07717,40.7332],[-84.07715,40.7335],[-84.07655,40.7335],[-84.07656,40.7327],[-84.07607,40.7327],[-84.07606,40.73304],[-84.07597,40.73304],[-84.07591,40.73305],[-84.07591,40.7335],[-84.0759,40.73413],[-84.0759,40.73418],[-84.0759,40.73419],[-84.07653,40.73419],[-84.07653,40.73457],[-84.07602,40.73457],[-84.07596,40.73456],[-84.07595,40.73667],[-84.07644,40.73667],[-84.07709,40.73666],[-84.07707,40.73565],[-84.07744,40.73565],[-84.07744,40.73556],[-84.07806,40.73556],[-84.07805,40.73564],[-84.07847,40.73563],[-84.07847,40.73555],[-84.07847,40.73543],[-84.07837,40.73543],[-84.07786,40.73543],[-84.07786,40.7352],[-84.07795,40.7352],[-84.07836,40.7352],[-84.07846,40.7352],[-84.07846,40.73507],[-84.07786,40.73508],[-84.07786,40.73498],[-84.07797,40.73498],[-84.07832,40.73498],[-84.07846,40.73498],[-84.07846,40.73485],[-84.07846,40.73483],[-84.07845,40.73456],[-84.0792,40.73456],[-84.07987,40.73455],[-84.07987,40.73485],[-84.07985,40.73563],[-84.07987,40.73669],[-84.07988,40.73717],[-84.07988,40.73734],[-84.07988,40.7379],[-84.07991,40.74027],[-84.0799,40.74152],[-84.0799,40.74165],[-84.07989,40.74231],[-84.0798,40.74466],[-84.07979,40.7449],[-84.07979,40.74509],[-84.0785,40.74512],[-84.07849,40.74491],[-84.07849,40.74483],[-84.07849,40.74463],[-84.07846,40.7432],[-84.0781,40.74312],[-84.07804,40.74308],[-84.07795,40.74299],[-84.07795,40.74265],[-84.07794,40.74238],[-84.07793,40.74238],[-84.07787,40.74238],[-84.07785,40.74238],[-84.07786,40.74287],[-84.07766,40.74288],[-84.07766,40.74312],[-84.07766,40.74515],[-84.07755,40.74515],[-84.07626,40.7452],[-84.07598,40.74521],[-84.07597,40.74564],[-84.07596,40.74636],[-84.07641,40.74633],[-84.07656,40.74631],[-84.07972,40.74613],[-84.07991,40.74612],[-84.07991,40.74623],[-84.07991,40.74634],[-84.08116,40.7463],[-84.0815,40.7463],[-84.08249,40.74622],[-84.08358,40.74614],[-84.08447,40.74608],[-84.08461,40.74811],[-84.08465,40.74879],[-84.08467,40.74909],[-84.08472,40.74909],[-84.08505,40.74908],[-84.0856,40.74907],[-84.08624,40.74906],[-84.08636,40.74907],[-84.08727,40.7491],[-84.08754,40.74911],[-84.08851,40.74915],[-84.08852,40.75091],[-84.08853,40.75351],[-84.08925,40.7534],[-84.08946,40.75339],[-84.0907,40.7532],[-84.09189,40.75302],[-84.09309,40.75284],[-84.09425,40.7527],[-84.09426,40.7529],[-84.09427,40.75317],[-84.09425,40.75397],[-84.09425,40.75452],[-84.09424,40.75547],[-84.09424,40.75584],[-84.09425,40.75629],[-84.09426,40.75664],[-84.09426,40.75666],[-84.09426,40.75726],[-84.09424,40.75756],[-84.09421,40.75799],[-84.0943,40.75843],[-84.09427,40.75914],[-84.09429,40.75928],[-84.09429,40.75932],[-84.09429,40.75935],[-84.09277,40.75939],[-84.09206,40.75941],[-84.09183,40.75941],[-84.09177,40.75944],[-84.09168,40.75949],[-84.09145,40.75961],[-84.09136,40.75965],[-84.09131,40.75968],[-84.09095,40.75986],[-84.09059,40.76004],[-84.09018,40.76025],[-84.08978,40.76046],[-84.08952,40.76059],[-84.08952,40.7606],[-84.08952,40.76065],[-84.08954,40.76109],[-84.09235,40.75995],[-84.09305,40.75971],[-84.09319,40.75965],[-84.09342,40.75957],[-84.09355,40.75952],[-84.09367,40.75949],[-84.09375,40.75946],[-84.09384,40.75943],[-84.09423,40.75942],[-84.0943,40.75942],[-84.09432,40.75942],[-84.09432,40.75935],[-84.0944,40.75935],[-84.0945,40.75935],[-84.09466,40.75935],[-84.09562,40.75932],[-84.09583,40.75931],[-84.09598,40.75931],[-84.09617,40.75931],[-84.09713,40.75929],[-84.09736,40.75928],[-84.09904,40.75924],[-84.09985,40.75924],[-84.10045,40.75924],[-84.10043,40.75932],[-84.10032,40.75976],[-84.10012,40.76064],[-84.09993,40.76064],[-84.09992,40.76073],[-84.0999,40.76089],[-84.09985,40.76125],[-84.09991,40.76165],[-84.09994,40.76179],[-84.09997,40.76208],[-84.10002,40.7624],[-84.10012,40.76271],[-84.10026,40.76304],[-84.10034,40.7632],[-84.10046,40.76338],[-84.10053,40.7635],[-84.1007,40.76372],[-84.10087,40.76391],[-84.10096,40.764],[-84.10147,40.76446],[-84.10156,40.76453],[-84.10166,40.76462],[-84.10201,40.76493],[-84.10261,40.76491],[-84.10324,40.76491],[-84.10504,40.76489],[-84.1069,40.76486],[-84.1086,40.76482],[-84.10866,40.76482],[-84.10868,40.76651],[-84.10869,40.7674],[-84.10868,40.76778],[-84.10868,40.76828],[-84.10869,40.76882],[-84.10869,40.76904],[-84.10861,40.76904],[-84.10861,40.76907],[-84.10861,40.76921],[-84.10862,40.77],[-84.10863,40.77053],[-84.10864,40.77145],[-84.10864,40.77179],[-84.10787,40.7718],[-84.10581,40.77182],[-84.10411,40.77183],[-84.10411,40.77156],[-84.10408,40.77016],[-84.10407,40.76924],[-84.10407,40.76916],[-84.10407,40.76907],[-84.10382,40.76907],[-84.103,40.76908],[-84.10172,40.76908],[-84.1001,40.76911],[-84.10001,40.76912],[-84.09991,40.76914],[-84.09975,40.76918],[-84.09957,40.76926],[-84.09893,40.76969],[-84.09821,40.77027],[-84.09778,40.77075],[-84.09742,40.77123],[-84.09709,40.77178],[-84.09684,40.77236],[-84.09668,40.77297],[-84.09645,40.77385],[-84.09642,40.7739],[-84.09641,40.77391],[-84.09636,40.77412],[-84.09627,40.77438],[-84.09615,40.77481],[-84.09612,40.77489],[-84.09604,40.77504],[-84.09601,40.77516],[-84.09601,40.77525],[-84.096,40.77532],[-84.09598,40.7754],[-84.09594,40.77552],[-84.09589,40.77564],[-84.09585,40.77575],[-84.09583,40.77583],[-84.09581,40.77592],[-84.0958,40.77602],[-84.09579,40.77612],[-84.09574,40.77628],[-84.09566,40.77659],[-84.09563,40.77671],[-84.09556,40.77698],[-84.09552,40.77711],[-84.09546,40.77739],[-84.09543,40.7775],[-84.09542,40.77762],[-84.09542,40.77775],[-84.09539,40.77795],[-84.09532,40.7782],[-84.0953,40.77832],[-84.09524,40.77849],[-84.09514,40.77885],[-84.09268,40.78728],[-84.0924,40.78843],[-84.09198,40.78998],[-84.09248,40.79001],[-84.0924,40.79025],[-84.09291,40.79026],[-84.09426,40.79023],[-84.09426,40.79012],[-84.09427,40.78999],[-84.09427,40.78992],[-84.09428,40.78969],[-84.09429,40.78939],[-84.09429,40.7892],[-84.0943,40.78867],[-84.0943,40.78845],[-84.09471,40.78844],[-84.09522,40.78844],[-84.0957,40.78844],[-84.09659,40.78843],[-84.09737,40.78843],[-84.09764,40.78842],[-84.09965,40.78841],[-84.10006,40.7884],[-84.1005,40.7884],[-84.10053,40.78934],[-84.10052,40.78951],[-84.10002,40.78952],[-84.09909,40.78954],[-84.09909,40.78977],[-84.09909,40.79008],[-84.09908,40.79171],[-84.09907,40.79381],[-84.09853,40.79381],[-84.09639,40.79382],[-84.0944,40.79383],[-84.09428,40.79384],[-84.09428,40.79435],[-84.09425,40.79511],[-84.09424,40.79565],[-84.0943,40.79565],[-84.09514,40.79564],[-84.09863,40.7956],[-84.10268,40.79554],[-84.10886,40.79548],[-84.10885,40.79494],[-84.10884,40.79324],[-84.10883,40.79119],[-84.10881,40.78827],[-84.1088,40.7865],[-84.10877,40.78464],[-84.10875,40.78365],[-84.10875,40.78328],[-84.10875,40.78248],[-84.10874,40.78192],[-84.10874,40.78189],[-84.10874,40.78176],[-84.10874,40.78168],[-84.10874,40.78161],[-84.10873,40.78137],[-84.10873,40.78117],[-84.10872,40.78027],[-84.10872,40.77988],[-84.10872,40.77975],[-84.10872,40.77966],[-84.10872,40.77869],[-84.10872,40.7786],[-84.10872,40.77834],[-84.10871,40.77762],[-84.10871,40.77716],[-84.1087,40.77571],[-84.10869,40.77552],[-84.1087,40.7749],[-84.10873,40.77483],[-84.10873,40.77448],[-84.10873,40.77364],[-84.10872,40.77294],[-84.10872,40.77272],[-84.10872,40.77253],[-84.10872,40.77179],[-84.10871,40.77088],[-84.10871,40.77014],[-84.10961,40.7701],[-84.10972,40.7701],[-84.10974,40.7701],[-84.10975,40.77033],[-84.10975,40.77057],[-84.10976,40.77201],[-84.11004,40.77201],[-84.11033,40.77201],[-84.11049,40.772],[-84.11048,40.77007],[-84.11057,40.77007],[-84.11128,40.77005],[-84.11175,40.77003],[-84.1125,40.77001],[-84.11329,40.76999],[-84.11414,40.76996],[-84.11602,40.76992],[-84.11672,40.7699],[-84.11769,40.76987],[-84.12065,40.76979],[-84.1215,40.76977],[-84.1219,40.76975],[-84.12193,40.77067],[-84.12196,40.77182],[-84.12193,40.77346],[-84.12318,40.77341],[-84.12329,40.77895],[-84.12365,40.77895],[-84.12731,40.77896],[-84.12802,40.77895],[-84.12802,40.77933],[-84.12801,40.77942],[-84.12802,40.78039],[-84.1296,40.78038],[-84.12976,40.78037],[-84.13217,40.78036],[-84.13522,40.78034],[-84.13684,40.78032],[-84.13756,40.78031],[-84.1378,40.78031],[-84.13774,40.77484],[-84.13745,40.77485],[-84.13689,40.77485],[-84.13471,40.77488],[-84.13146,40.77491],[-84.12964,40.77491],[-84.12874,40.77492],[-84.12875,40.77613],[-84.12876,40.77727],[-84.12876,40.77782],[-84.12852,40.77781],[-84.128,40.77782],[-84.12797,40.77647],[-84.12796,40.77631],[-84.12796,40.77629],[-84.12796,40.77612],[-84.12797,40.77562],[-84.12795,40.77484],[-84.12796,40.77475],[-84.12795,40.77441],[-84.12796,40.77426],[-84.12795,40.77397],[-84.12794,40.77374],[-84.12794,40.77312],[-84.12793,40.77246],[-84.12793,40.77212],[-84.12793,40.77187],[-84.12792,40.77145],[-84.12792,40.77098],[-84.12792,40.77075],[-84.12792,40.77072],[-84.12793,40.77019],[-84.12793,40.76959],[-84.12793,40.7695],[-84.12839,40.76949],[-84.12838,40.76958],[-84.1287,40.76957],[-84.12891,40.76934],[-84.12891,40.76882],[-84.12874,40.76882],[-84.12793,40.76882],[-84.12793,40.76876],[-84.12792,40.76865],[-84.12792,40.76851],[-84.12792,40.76761],[-84.12792,40.76723],[-84.12792,40.76637],[-84.12792,40.76578],[-84.12792,40.76538],[-84.12792,40.76475],[-84.12792,40.76463],[-84.12792,40.76458],[-84.12792,40.76403],[-84.12872,40.76403],[-84.12974,40.76402],[-84.13057,40.76403],[-84.13064,40.76402],[-84.13064,40.76378],[-84.13064,40.76362],[-84.13064,40.76296],[-84.13053,40.76259],[-84.13027,40.76241],[-84.13026,40.76236],[-84.12792,40.76238],[-84.12791,40.76217],[-84.12791,40.76182],[-84.12791,40.76176],[-84.12791,40.76174],[-84.13138,40.7617],[-84.13139,40.76236],[-84.13231,40.76235],[-84.13276,40.76235],[-84.13276,40.76009],[-84.13225,40.7601],[-84.12958,40.76011],[-84.12788,40.76011],[-84.12788,40.75992],[-84.12788,40.75934],[-84.1279,40.75877],[-84.12707,40.75879],[-84.12652,40.75881],[-84.1259,40.75882],[-84.12562,40.75883],[-84.12306,40.75889],[-84.12305,40.75838],[-84.12304,40.75702],[-84.12304,40.75581],[-84.12305,40.75499],[-84.12305,40.75416],[-84.12301,40.7533],[-84.12301,40.75306],[-84.123,40.75285],[-84.12298,40.75243],[-84.12299,40.75217],[-84.12298,40.75171],[-84.12298,40.75163],[-84.1238,40.75162],[-84.12437,40.75161],[-84.12474,40.7516],[-84.12486,40.7516],[-84.12542,40.75158],[-84.1257,40.75158],[-84.12582,40.75157],[-84.12583,40.75196],[-84.12636,40.75196],[-84.1266,40.75165],[-84.12664,40.75161],[-84.12669,40.7516],[-84.12694,40.75156],[-84.12697,40.75155],[-84.12776,40.75155],[-84.12958,40.75159],[-84.13235,40.75157],[-84.13237,40.75284],[-84.13237,40.75332],[-84.13478,40.75435],[-84.13466,40.75469],[-84.13504,40.75486],[-84.13731,40.7559],[-84.13755,40.75601],[-84.14024,40.75727],[-84.14117,40.75771],[-84.14117,40.75757],[-84.14116,40.75733],[-84.14115,40.75683],[-84.14115,40.75677],[-84.14185,40.75667],[-84.14228,40.75671],[-84.14227,40.75782],[-84.14226,40.75837],[-84.14325,40.75883],[-84.14342,40.75889],[-84.14364,40.75897],[-84.14459,40.75941],[-84.14451,40.75951],[-84.14388,40.76034],[-84.14393,40.76036],[-84.14395,40.76037],[-84.1445,40.76063],[-84.14461,40.76069],[-84.14493,40.76083],[-84.14528,40.76099],[-84.1454,40.76105],[-84.14548,40.76109],[-84.14573,40.76121],[-84.14578,40.76123],[-84.14637,40.7615],[-84.14706,40.76181],[-84.14711,40.76184],[-84.14717,40.76187],[-84.14716,40.76117],[-84.14716,40.76097],[-84.14716,40.76081],[-84.14716,40.76073],[-84.14716,40.7607],[-84.14716,40.76065],[-84.1472,40.76064],[-84.14719,40.76044],[-84.14719,40.76039],[-84.14836,40.76039],[-84.14876,40.76039],[-84.14892,40.76039],[-84.14992,40.76038],[-84.15066,40.76037],[-84.15415,40.76032],[-84.1557,40.7603],[-84.15613,40.7603],[-84.15613,40.75981],[-84.15612,40.75947],[-84.15612,40.75944],[-84.15599,40.75947],[-84.15563,40.75952],[-84.1554,40.75956],[-84.15514,40.75959],[-84.15499,40.75959],[-84.15453,40.75962],[-84.1542,40.75963],[-84.15376,40.75956],[-84.15346,40.75952],[-84.15343,40.75952],[-84.15329,40.7595],[-84.15322,40.75948],[-84.1531,40.75945],[-84.15303,40.75944],[-84.15279,40.75938],[-84.15255,40.75932],[-84.15228,40.75925],[-84.15201,40.7592],[-84.15178,40.75915],[-84.15175,40.75915],[-84.15143,40.75912],[-84.1513,40.75911],[-84.15146,40.75888],[-84.15119,40.75874],[-84.15111,40.75866],[-84.15102,40.75858],[-84.15079,40.75838],[-84.15077,40.75836],[-84.1507,40.75831],[-84.15069,40.75766],[-84.15069,40.7576],[-84.1508,40.75759],[-84.15112,40.75759],[-84.15112,40.75749],[-84.15112,40.75744],[-84.15112,40.75741],[-84.1511,40.75735],[-84.15095,40.75735],[-84.15079,40.75747],[-84.15059,40.75748],[-84.15031,40.7575],[-84.14959,40.75752],[-84.1496,40.75714],[-84.14944,40.75714],[-84.14931,40.75714],[-84.14929,40.75743],[-84.14928,40.75747],[-84.14918,40.75747],[-84.14895,40.75748],[-84.1485,40.75748],[-84.14849,40.75696],[-84.14848,40.75672],[-84.14764,40.75673],[-84.14747,40.75673],[-84.14717,40.75674],[-84.14712,40.75674],[-84.14711,40.75633],[-84.14711,40.75604],[-84.14711,40.75585],[-84.1471,40.75554],[-84.1471,40.75511],[-84.14715,40.75511],[-84.1476,40.7551],[-84.14931,40.75508],[-84.15035,40.75507],[-84.15089,40.75506],[-84.15138,40.75505],[-84.15165,40.75505],[-84.15298,40.75503],[-84.15362,40.75502],[-84.15428,40.75501],[-84.15493,40.75501],[-84.15516,40.755],[-84.15529,40.755],[-84.15594,40.75499],[-84.1566,40.75498],[-84.15725,40.75497],[-84.15787,40.75497],[-84.15849,40.75496],[-84.15906,40.75495],[-84.15955,40.75495],[-84.1605,40.75493],[-84.16051,40.75686],[-84.16052,40.7571],[-84.16508,40.75707],[-84.16508,40.75698],[-84.16507,40.75606],[-84.16511,40.75475]],[[-84.09995,40.79437],[-84.09995,40.79492],[-84.09985,40.79493],[-84.09911,40.79493],[-84.09911,40.79451],[-84.09911,40.79438],[-84.09995,40.79437]]]}},{"type":"Feature","properties":{"GEOID":"3900347656","NAME":"Marion township","BASENAME":"Marion","LSADC":"44","AREALAND":"109739810","AREAWATER":"501796","CENTLAT":"+40.8139782","CENTLON":"-084.2945948"},"geometry":{"type":"Polygon","coordinates":[[[-84.39738,40.81565],[-84.39738,40.81495],[-84.39737,40.81424],[-84.39737,40.81354],[-84.39736,40.81242],[-84.39735,40.81172],[-84.39734,40.81085],[-84.39734,40.81016],[-84.39732,40.8086],[-84.39732,40.80833],[-84.39732,40.80759],[-84.39731,40.80697],[-84.3973,40.80605],[-84.3973,40.80585],[-84.3973,40.8053],[-84.39728,40.80452],[-84.39728,40.80441],[-84.39728,40.80431],[-84.39726,40.80114],[-84.39723,40.79721],[-84.39723,40.797],[-84.39723,40.79642],[-84.39723,40.79594],[-84.39722,40.79541],[-84.39722,40.79383],[-84.39721,40.7914],[-84.39721,40.79083],[-84.39721,40.7902],[-84.39719,40.78792],[-84.3972,40.7876],[-84.39719,40.78658],[-84.38773,40.78664],[-84.38387,40.78668],[-84.37834,40.78671],[-84.37494,40.78677],[-84.36556,40.78678],[-84.36105,40.7868],[-84.35897,40.78676],[-84.35511,40.78676],[-84.35288,40.78678],[-84.35213,40.7868],[-84.34946,40.78683],[-84.34002,40.78695],[-84.34002,40.78686],[-84.34004,40.78566],[-84.33993,40.77969],[-84.34004,40.77381],[-84.34,40.77211],[-84.33633,40.77211],[-84.33409,40.77212],[-84.32409,40.77212],[-84.31538,40.77213],[-84.30947,40.77213],[-84.30336,40.77213],[-84.30315,40.77213],[-84.30006,40.77213],[-84.29996,40.77216],[-84.29996,40.77222],[-84.29993,40.77227],[-84.29989,40.77229],[-84.29985,40.77231],[-84.29981,40.77232],[-84.29973,40.77232],[-84.29949,40.77232],[-84.29862,40.7723],[-84.29656,40.77233],[-84.29491,40.77236],[-84.29483,40.77238],[-84.29476,40.7724],[-84.29471,40.77243],[-84.2878,40.7725],[-84.28509,40.77253],[-84.28183,40.77259],[-84.28098,40.77259],[-84.27958,40.77259],[-84.27899,40.77261],[-84.27867,40.77262],[-84.26738,40.77271],[-84.26666,40.77272],[-84.26288,40.77273],[-84.25711,40.77284],[-84.2565,40.77284],[-84.25262,40.77293],[-84.2503,40.77298],[-84.24848,40.77302],[-84.24786,40.77303],[-84.24736,40.77305],[-84.24696,40.77305],[-84.24655,40.77306],[-84.24621,40.77306],[-84.246,40.77307],[-84.24558,40.77307],[-84.245,40.77309],[-84.24466,40.77311],[-84.24422,40.77312],[-84.24289,40.77314],[-84.24234,40.7732],[-84.23329,40.77326],[-84.23045,40.77327],[-84.22366,40.77345],[-84.22367,40.77474],[-84.22368,40.77494],[-84.22368,40.77519],[-84.2237,40.77649],[-84.2237,40.77672],[-84.2237,40.77685],[-84.22374,40.77869],[-84.22374,40.77949],[-84.22375,40.77983],[-84.22375,40.7803],[-84.22376,40.78081],[-84.22377,40.7811],[-84.22377,40.78185],[-84.22379,40.78239],[-84.2238,40.78308],[-84.22381,40.78372],[-84.22386,40.78725],[-84.22391,40.7897],[-84.22391,40.78999],[-84.2239,40.79015],[-84.22391,40.79043],[-84.22392,40.79068],[-84.22392,40.7909],[-84.22392,40.79094],[-84.22393,40.79118],[-84.22393,40.79144],[-84.22394,40.79163],[-84.22394,40.79182],[-84.22394,40.79201],[-84.22395,40.7922],[-84.22395,40.79239],[-84.22395,40.79277],[-84.22395,40.79279],[-84.22397,40.7939],[-84.22397,40.79404],[-84.22397,40.79405],[-84.22398,40.79419],[-84.22398,40.79446],[-84.22398,40.79463],[-84.22398,40.79476],[-84.224,40.79504],[-84.224,40.79514],[-84.22401,40.7955],[-84.22402,40.79578],[-84.22402,40.79594],[-84.22402,40.79647],[-84.22403,40.79682],[-84.22404,40.79707],[-84.22404,40.79779],[-84.22403,40.79795],[-84.22404,40.7984],[-84.22405,40.79865],[-84.22405,40.79887],[-84.22405,40.79919],[-84.22405,40.79949],[-84.22405,40.8001],[-84.22407,40.80125],[-84.22407,40.80154],[-84.22408,40.80179],[-84.22408,40.80205],[-84.2241,40.80247],[-84.22411,40.80261],[-84.2241,40.8029],[-84.22411,40.80349],[-84.22411,40.80379],[-84.22411,40.80384],[-84.22411,40.80412],[-84.22413,40.80452],[-84.22413,40.80463],[-84.22415,40.80488],[-84.22414,40.80554],[-84.22415,40.80601],[-84.22415,40.80614],[-84.22415,40.80645],[-84.22416,40.80676],[-84.22416,40.80709],[-84.22416,40.80735],[-84.22416,40.80765],[-84.22416,40.80788],[-84.22415,40.80796],[-84.22417,40.81658],[-84.22426,40.82358],[-84.22455,40.83423],[-84.22443,40.83655],[-84.22441,40.83681],[-84.22463,40.84564],[-84.22469,40.84816],[-84.22471,40.84844],[-84.2247,40.84896],[-84.2247,40.8497],[-84.2247,40.8499],[-84.22474,40.85106],[-84.22475,40.85237],[-84.22476,40.85307],[-84.22478,40.85376],[-84.22479,40.85446],[-84.2248,40.85516],[-84.22481,40.85586],[-84.22481,40.85655],[-84.22484,40.85793],[-84.22484,40.85863],[-84.22485,40.85931],[-84.22485,40.85967],[-84.22486,40.86011],[-84.22699,40.86009],[-84.23143,40.86004],[-84.23158,40.86004],[-84.23313,40.85998],[-84.23341,40.85997],[-84.23441,40.85992],[-84.23531,40.85991],[-84.23645,40.85989],[-84.23913,40.85984],[-84.24276,40.85977],[-84.24363,40.85975],[-84.2439,40.85978],[-84.24994,40.85977],[-84.25274,40.85976],[-84.25329,40.85975],[-84.2593,40.85971],[-84.26282,40.85968],[-84.26626,40.85969],[-84.26645,40.85969],[-84.26688,40.85969],[-84.26816,40.8597],[-84.26837,40.8597],[-84.27099,40.85969],[-84.27729,40.85966],[-84.27899,40.85966],[-84.28148,40.85965],[-84.28342,40.85964],[-84.28683,40.85964],[-84.28697,40.85963],[-84.28712,40.85961],[-84.28721,40.85962],[-84.28731,40.85963],[-84.28744,40.85965],[-84.28796,40.85966],[-84.28984,40.85969],[-84.28993,40.85969],[-84.28999,40.85969],[-84.29006,40.85969],[-84.29551,40.85963],[-84.31073,40.85946],[-84.31216,40.85944],[-84.31307,40.85943],[-84.31401,40.85941],[-84.31426,40.85941],[-84.31501,40.8594],[-84.32027,40.85934],[-84.32036,40.85934],[-84.32077,40.85933],[-84.32119,40.85933],[-84.32191,40.85932],[-84.32315,40.8593],[-84.32315,40.85941],[-84.32318,40.85941],[-84.32896,40.85934],[-84.32959,40.85933],[-84.32962,40.85933],[-84.32962,40.8593],[-84.32974,40.85929],[-84.33027,40.85929],[-84.33063,40.85927],[-84.33398,40.8592],[-84.33437,40.85919],[-84.33692,40.85913],[-84.33831,40.85911],[-84.33887,40.85911],[-84.33912,40.85911],[-84.33941,40.85911],[-84.33983,40.85911],[-84.34036,40.8591],[-84.34053,40.8591],[-84.34048,40.85703],[-84.34048,40.85629],[-84.34048,40.85616],[-84.34047,40.85496],[-84.34047,40.85464],[-84.34045,40.85206],[-84.34045,40.85111],[-84.34043,40.84995],[-84.34042,40.84967],[-84.34042,40.84962],[-84.34042,40.84914],[-84.34044,40.84814],[-84.34044,40.84762],[-84.34044,40.8476],[-84.34044,40.84712],[-84.34041,40.84585],[-84.34038,40.84504],[-84.34038,40.8447],[-84.34039,40.84426],[-84.34039,40.84371],[-84.34039,40.84272],[-84.3404,40.84203],[-84.3404,40.84172],[-84.3404,40.84166],[-84.34037,40.8408],[-84.34037,40.84073],[-84.34036,40.8403],[-84.34036,40.83972],[-84.3403,40.83382],[-84.34031,40.83283],[-84.34031,40.83274],[-84.3403,40.83269],[-84.3403,40.83235],[-84.34029,40.83187],[-84.34028,40.83124],[-84.34027,40.83047],[-84.34027,40.83003],[-84.34026,40.8296],[-84.34025,40.82895],[-84.34025,40.82885],[-84.34025,40.82875],[-84.34025,40.82838],[-84.34022,40.82659],[-84.3401,40.81614],[-84.34014,40.81614],[-84.34022,40.81615],[-84.34474,40.81614],[-84.34635,40.81614],[-84.34992,40.81609],[-84.35063,40.8161],[-84.35079,40.8161],[-84.35246,40.8161],[-84.35917,40.81608],[-84.3594,40.81608],[-84.35943,40.81608],[-84.36003,40.81608],[-84.36325,40.81608],[-84.3641,40.81609],[-84.36466,40.81609],[-84.36714,40.81606],[-84.36888,40.81604],[-84.37155,40.81603],[-84.37484,40.81603],[-84.37805,40.81602],[-84.37839,40.81602],[-84.37868,40.816],[-84.3793,40.81599],[-84.38556,40.81597],[-84.38803,40.81598],[-84.38856,40.81596],[-84.38928,40.81595],[-84.38936,40.81595],[-84.39,40.81595],[-84.39008,40.81595],[-84.39214,40.81595],[-84.39391,40.81595],[-84.39546,40.81593],[-84.39551,40.81593],[-84.39737,40.81594],[-84.39738,40.81565]]]}},{"type":"Feature","properties":{"GEOID":"3900351282","NAME":"Monroe township","BASENAME":"Monroe","LSADC":"44","AREALAND":"93483410","AREAWATER":"197789","CENTLAT":"+40.8612479","CENTLON":"-084.0522449"},"geometry":{"type":"Polygon","coordinates":[[[-84.10994,40.8943],[-84.10994,40.89423],[-84.10993,40.89414],[-84.10992,40.89389],[-84.10993,40.89328],[-84.10992,40.89266],[-84.10991,40.89201],[-84.1099,40.89137],[-84.1099,40.89104],[-84.1099,40.89081],[-84.10989,40.89038],[-84.10989,40.88999],[-84.10989,40.88994],[-84.10988,40.88945],[-84.10988,40.88895],[-84.10987,40.88846],[-84.10987,40.88793],[-84.10987,40.88719],[-84.10988,40.88692],[-84.10986,40.88379],[-84.10986,40.88287],[-84.10987,40.87925],[-84.10987,40.8788],[-84.10987,40.8783],[-84.10987,40.87794],[-84.10988,40.8758],[-84.10976,40.87542],[-84.10973,40.87505],[-84.10973,40.87387],[-84.1097,40.8683],[-84.10968,40.86815],[-84.10967,40.86714],[-84.10966,40.86683],[-84.10966,40.86645],[-84.10966,40.866],[-84.10965,40.86556],[-84.10964,40.86519],[-84.10964,40.86515],[-84.10964,40.86508],[-84.10963,40.86478],[-84.10963,40.86434],[-84.10963,40.86392],[-84.10962,40.86349],[-84.10962,40.86307],[-84.10961,40.86263],[-84.10959,40.86201],[-84.10959,40.86133],[-84.10959,40.86099],[-84.10953,40.85634],[-84.10952,40.85396],[-84.10949,40.8525],[-84.10946,40.85075],[-84.10945,40.85011],[-84.10938,40.84641],[-84.10938,40.84633],[-84.10934,40.84269],[-84.10932,40.84124],[-84.10932,40.84107],[-84.1093,40.83998],[-84.1093,40.83968],[-84.10929,40.83889],[-84.10924,40.83531],[-84.10924,40.83471],[-84.1092,40.83182],[-84.10926,40.82426],[-84.10926,40.82402],[-84.10925,40.81728],[-84.10898,40.81728],[-84.10854,40.81728],[-84.10807,40.81729],[-84.10762,40.81728],[-84.10715,40.81729],[-84.1065,40.81729],[-84.10614,40.8173],[-84.10562,40.8173],[-84.1042,40.81731],[-84.10373,40.81732],[-84.10347,40.81732],[-84.1034,40.81731],[-84.10307,40.81731],[-84.10302,40.81731],[-84.10225,40.81732],[-84.10148,40.81732],[-84.10086,40.81733],[-84.1004,40.81734],[-84.09969,40.81734],[-84.0993,40.81734],[-84.09918,40.81734],[-84.09889,40.81734],[-84.09862,40.81735],[-84.09839,40.81735],[-84.09743,40.81736],[-84.09705,40.81736],[-84.09603,40.81737],[-84.09492,40.81737],[-84.0945,40.81737],[-84.0938,40.81737],[-84.09344,40.81738],[-84.09299,40.81738],[-84.09257,40.81739],[-84.09205,40.81739],[-84.09192,40.81739],[-84.09155,40.81739],[-84.09101,40.81739],[-84.09046,40.8174],[-84.08986,40.8174],[-84.08898,40.81739],[-84.088,40.8174],[-84.08778,40.8174],[-84.08718,40.8174],[-84.08707,40.8174],[-84.08683,40.81741],[-84.08661,40.81741],[-84.08643,40.81742],[-84.08545,40.81743],[-84.08512,40.81743],[-84.08483,40.81743],[-84.08448,40.81743],[-84.08318,40.81744],[-84.08255,40.81744],[-84.08247,40.81744],[-84.08209,40.81744],[-84.08178,40.81745],[-84.0808,40.81746],[-84.08006,40.81747],[-84.07973,40.81748],[-84.07921,40.81748],[-84.07897,40.81748],[-84.07861,40.81748],[-84.07796,40.81749],[-84.07764,40.81749],[-84.07718,40.8175],[-84.07673,40.8175],[-84.0766,40.8175],[-84.07618,40.8175],[-84.07575,40.8175],[-84.07511,40.81751],[-84.07442,40.81752],[-84.07367,40.81753],[-84.07314,40.81753],[-84.07251,40.81753],[-84.07221,40.81753],[-84.0718,40.81754],[-84.07133,40.81755],[-84.07107,40.81756],[-84.07023,40.81756],[-84.06903,40.81756],[-84.06786,40.81756],[-84.06673,40.81756],[-84.06551,40.81757],[-84.06357,40.81758],[-84.06284,40.81759],[-84.06236,40.81759],[-84.06189,40.8176],[-84.06118,40.8176],[-84.06027,40.81762],[-84.05931,40.81763],[-84.05864,40.81764],[-84.05702,40.81764],[-84.05507,40.81764],[-84.0541,40.81764],[-84.05301,40.81765],[-84.05177,40.81766],[-84.0515,40.81765],[-84.05124,40.81766],[-84.04964,40.81767],[-84.04874,40.81767],[-84.04812,40.81768],[-84.04715,40.81768],[-84.04656,40.81769],[-84.04615,40.81769],[-84.04556,40.8177],[-84.04432,40.8177],[-84.04308,40.81772],[-84.04265,40.81772],[-84.04227,40.81772],[-84.04083,40.81772],[-84.04023,40.81772],[-84.03925,40.81773],[-84.03858,40.81773],[-84.03782,40.81773],[-84.03695,40.81774],[-84.03641,40.81774],[-84.03622,40.81774],[-84.03595,40.81774],[-84.03518,40.81774],[-84.03353,40.81776],[-84.03325,40.81776],[-84.03265,40.81777],[-84.03239,40.81777],[-84.03223,40.81776],[-84.03077,40.81777],[-84.02966,40.81778],[-84.02904,40.81778],[-84.02788,40.81778],[-84.02647,40.81779],[-84.02622,40.81779],[-84.02573,40.81779],[-84.02536,40.8178],[-84.02473,40.8178],[-84.0238,40.8178],[-84.02284,40.81781],[-84.02186,40.81782],[-84.0211,40.81782],[-84.0199,40.81783],[-84.01892,40.81783],[-84.01808,40.81783],[-84.017,40.81784],[-84.01596,40.81785],[-84.01587,40.81784],[-84.01541,40.81785],[-84.0149,40.81785],[-84.01416,40.81785],[-84.01392,40.81785],[-84.01348,40.81786],[-84.01322,40.81787],[-84.0126,40.81788],[-84.01182,40.81789],[-84.01108,40.8179],[-84.00934,40.81785],[-84.00744,40.81785],[-84.00689,40.81787],[-84.00674,40.8179],[-84.00658,40.8179],[-84.00639,40.8179],[-84.00284,40.81805],[-83.99976,40.81795],[-83.99941,40.81796],[-83.99909,40.81797],[-83.99889,40.81796],[-83.99873,40.81795],[-83.99434,40.81805],[-83.99444,40.81845],[-83.99444,40.8186],[-83.99445,40.81962],[-83.99457,40.82065],[-83.99457,40.82067],[-83.99459,40.82093],[-83.99461,40.8213],[-83.99461,40.8219],[-83.9946,40.82191],[-83.99444,40.82205],[-83.99444,40.8223],[-83.99439,40.82275],[-83.99435,40.82327],[-83.99438,40.824],[-83.99454,40.82409],[-83.99455,40.82473],[-83.99455,40.82496],[-83.99458,40.82813],[-83.99458,40.82871],[-83.99459,40.8292],[-83.99461,40.83152],[-83.99462,40.83267],[-83.99462,40.83327],[-83.99462,40.83352],[-83.99464,40.83908],[-83.99465,40.83943],[-83.99466,40.8401],[-83.99466,40.84104],[-83.99467,40.84143],[-83.99468,40.84175],[-83.99468,40.84228],[-83.99469,40.84248],[-83.99468,40.84332],[-83.99468,40.84424],[-83.99468,40.84481],[-83.99469,40.84577],[-83.99471,40.84748],[-83.99471,40.84749],[-83.99472,40.85007],[-83.99474,40.85108],[-83.99475,40.8525],[-83.99475,40.85279],[-83.99476,40.85365],[-83.99477,40.85402],[-83.99478,40.85472],[-83.99478,40.85537],[-83.9948,40.85658],[-83.99482,40.85854],[-83.99482,40.85925],[-83.99482,40.86016],[-83.99484,40.8612],[-83.99483,40.8615],[-83.99483,40.86177],[-83.99484,40.86193],[-83.99484,40.86198],[-83.99486,40.86208],[-83.99484,40.86222],[-83.99484,40.86258],[-83.99484,40.86291],[-83.99487,40.86623],[-83.99487,40.86745],[-83.99489,40.86843],[-83.99489,40.86874],[-83.99488,40.8689],[-83.99486,40.8691],[-83.99488,40.8692],[-83.99488,40.86932],[-83.995,40.87388],[-83.99503,40.87505],[-83.99502,40.87616],[-83.99502,40.87639],[-83.99502,40.87679],[-83.99494,40.88423],[-83.99494,40.88444],[-83.99506,40.89072],[-83.9951,40.89572],[-83.99515,40.90247],[-83.99517,40.90507],[-83.99621,40.90506],[-83.99647,40.90505],[-83.99676,40.90505],[-83.99702,40.90505],[-83.9982,40.90503],[-84.0046,40.90501],[-84.00939,40.90496],[-84.01058,40.90497],[-84.01191,40.90494],[-84.01195,40.90494],[-84.01369,40.90495],[-84.01694,40.90492],[-84.0203,40.90489],[-84.02036,40.90489],[-84.02181,40.90488],[-84.02543,40.90488],[-84.0257,40.90488],[-84.02832,40.90486],[-84.04465,40.90483],[-84.05263,40.90481],[-84.05417,40.90481],[-84.05501,40.90481],[-84.05528,40.90475],[-84.05766,40.90477],[-84.06215,40.90476],[-84.06219,40.90476],[-84.0625,40.90475],[-84.07016,40.9049],[-84.07602,40.90486],[-84.08134,40.90484],[-84.08246,40.9048],[-84.08286,40.90481],[-84.0834,40.90481],[-84.08565,40.90482],[-84.08584,40.90483],[-84.0861,40.90482],[-84.08711,40.90479],[-84.08713,40.90479],[-84.08713,40.90479],[-84.08715,40.90478],[-84.08718,40.90478],[-84.10952,40.90473],[-84.10994,40.8943]]]}},{"type":"Feature","properties":{"GEOID":"3900361742","NAME":"Perry township","BASENAME":"Perry","LSADC":"44","AREALAND":"84704250","AREAWATER":"196027","CENTLAT":"+40.6847536","CENTLON":"-084.0469619"},"geometry":{"type":"MultiPolygon","coordinates":[[[[-84.1082,40.69506],[-84.1082,40.69422],[-84.10819,40.69362],[-84.10819,40.69087],[-84.10819,40.68982],[-84.10819,40.68977],[-84.10818,40.68913],[-84.10818,40.68877],[-84.10817,40.68841],[-84.10818,40.68804],[-84.10817,40.68767],[-84.10817,40.687],[-84.10818,40.68667],[-84.10817,40.68651],[-84.10817,40.68639],[-84.10817,40.68616],[-84.10817,40.68602],[-84.10817,40.68588],[-84.10817,40.68582],[-84.10817,40.68525],[-84.10816,40.68499],[-84.10816,40.68462],[-84.10815,40.68433],[-84.10815,40.68404],[-84.10814,40.68374],[-84.10814,40.68345],[-84.10814,40.68315],[-84.10814,40.68298],[-84.10814,40.68291],[-84.10814,40.68285],[-84.10815,40.68254],[-84.10816,40.68228],[-84.10816,40.68214],[-84.10816,40.682],[-84.10816,40.68189],[-84.10815,40.68146],[-84.10815,40.68122],[-84.10815,40.68098],[-84.10814,40.68056],[-84.10815,40.6804],[-84.10814,40.68026],[-84.10814,40.68012],[-84.10814,40.67978],[-84.10815,40.67944],[-84.10814,40.67913],[-84.10813,40.67877],[-84.10813,40.6784],[-84.10812,40.67755],[-84.10811,40.67743],[-84.10811,40.67707],[-84.10811,40.6765],[-84.1081,40.67607],[-84.1081,40.67595],[-84.10809,40.67509],[-84.10807,40.67469],[-84.10807,40.67463],[-84.10807,40.67442],[-84.10808,40.67421],[-84.10807,40.67398],[-84.10807,40.67371],[-84.10807,40.67326],[-84.10807,40.6731],[-84.10807,40.6727],[-84.10806,40.67224],[-84.10804,40.67139],[-84.10805,40.67096],[-84.10803,40.67065],[-84.10804,40.66997],[-84.10803,40.66944],[-84.10798,40.66709],[-84.10796,40.66573],[-84.10795,40.66488],[-84.10794,40.66325],[-84.10794,40.66217],[-84.10794,40.66181],[-84.10793,40.66109],[-84.10792,40.66096],[-84.10792,40.66014],[-84.10792,40.65961],[-84.10791,40.65794],[-84.10789,40.65699],[-84.10789,40.65645],[-84.10788,40.65624],[-84.10787,40.65603],[-84.10787,40.65573],[-84.10785,40.65491],[-84.10786,40.65442],[-84.10787,40.6537],[-84.10787,40.65337],[-84.10787,40.65288],[-84.10787,40.65254],[-84.10786,40.65248],[-84.10785,40.65171],[-84.10785,40.65149],[-84.10785,40.65117],[-84.10785,40.65112],[-84.10785,40.65108],[-84.10785,40.65053],[-84.10784,40.65021],[-84.10784,40.65015],[-84.10782,40.64856],[-84.10781,40.64803],[-84.10781,40.64677],[-84.10781,40.64514],[-84.10781,40.64483],[-84.10781,40.64458],[-84.10781,40.64437],[-84.10781,40.64421],[-84.1078,40.64412],[-84.10779,40.6438],[-84.10779,40.64307],[-84.0994,40.64322],[-84.08979,40.6434],[-84.08976,40.6434],[-84.08457,40.64346],[-84.08135,40.6435],[-84.07896,40.64353],[-84.0784,40.64353],[-84.07826,40.64353],[-84.07808,40.64353],[-84.07775,40.64354],[-84.07741,40.64356],[-84.07724,40.64357],[-84.07619,40.64357],[-84.07532,40.6436],[-84.07461,40.64361],[-84.07057,40.64365],[-84.06524,40.64374],[-84.0647,40.64375],[-84.06256,40.64378],[-84.06167,40.6438],[-84.06098,40.6438],[-84.05531,40.6438],[-84.04924,40.64385],[-84.04654,40.64395],[-84.03918,40.64395],[-84.03849,40.64397],[-84.03222,40.64405],[-84.03219,40.64406],[-84.03216,40.64406],[-84.03212,40.64406],[-84.03209,40.64406],[-84.03203,40.64406],[-84.03192,40.64406],[-84.03147,40.64405],[-84.03025,40.64405],[-84.02903,40.64405],[-84.02768,40.64406],[-84.0267,40.64406],[-84.02524,40.64407],[-84.02458,40.64407],[-84.02376,40.64407],[-84.02291,40.64407],[-84.02177,40.64407],[-84.02103,40.64408],[-84.02061,40.64407],[-84.02007,40.64407],[-84.01952,40.64408],[-84.01897,40.64407],[-84.01842,40.64407],[-84.01787,40.64407],[-84.01732,40.64407],[-84.01677,40.64408],[-84.01585,40.64408],[-84.01314,40.64408],[-84.01213,40.64409],[-84.01171,40.64409],[-84.01096,40.64409],[-84.01087,40.64409],[-84.01001,40.64408],[-84.00915,40.64408],[-84.00884,40.64408],[-84.00827,40.64409],[-84.00744,40.64409],[-84.00728,40.64409],[-84.0066,40.64409],[-84.00576,40.64409],[-84.0049,40.64408],[-84.00426,40.64409],[-84.00319,40.64409],[-84.00242,40.6441],[-84.0018,40.6441],[-84.00057,40.6441],[-83.9992,40.64411],[-83.99668,40.64412],[-83.99559,40.64412],[-83.99518,40.64413],[-83.99408,40.64413],[-83.99408,40.64525],[-83.99409,40.6459],[-83.99409,40.6464],[-83.99408,40.64705],[-83.99408,40.64764],[-83.99406,40.64862],[-83.99406,40.64868],[-83.99406,40.64877],[-83.99407,40.65019],[-83.99407,40.65133],[-83.99411,40.65858],[-83.99407,40.66224],[-83.99394,40.67312],[-83.99389,40.68055],[-83.99384,40.68769],[-83.99384,40.68862],[-83.99384,40.68985],[-83.99385,40.69489],[-83.99386,40.69895],[-83.99408,40.70164],[-83.99407,40.70198],[-83.99407,40.70226],[-83.99408,40.70304],[-83.99407,40.70328],[-83.99408,40.70389],[-83.99407,40.70487],[-83.99408,40.70567],[-83.99407,40.70578],[-83.99407,40.70617],[-83.99407,40.70644],[-83.99406,40.70696],[-83.99406,40.70865],[-83.99406,40.70906],[-83.99407,40.70949],[-83.99407,40.70979],[-83.99411,40.71126],[-83.99411,40.71188],[-83.99411,40.71297],[-83.99412,40.71377],[-83.99412,40.71433],[-83.99412,40.71486],[-83.99411,40.71576],[-83.99411,40.71605],[-83.99411,40.71625],[-83.99412,40.71665],[-83.99411,40.71678],[-83.99411,40.71685],[-83.99412,40.71694],[-83.99412,40.71708],[-83.99412,40.71747],[-83.99414,40.71906],[-83.99415,40.72131],[-83.99415,40.72156],[-83.99415,40.72174],[-83.99415,40.72212],[-83.99415,40.7224],[-83.99414,40.72256],[-83.99413,40.72299],[-83.99414,40.72342],[-83.99413,40.72384],[-83.99414,40.72404],[-83.99414,40.72426],[-83.99415,40.72469],[-83.99415,40.72511],[-83.99416,40.72555],[-83.99416,40.72608],[-83.99416,40.72641],[-83.99417,40.72683],[-83.99413,40.72753],[-83.99413,40.72813],[-83.99413,40.72885],[-83.99413,40.73025],[-83.99413,40.73113],[-83.99836,40.73113],[-83.99862,40.73112],[-84.00047,40.73112],[-84.00322,40.73112],[-84.00359,40.73112],[-84.00372,40.73112],[-84.01317,40.73112],[-84.01325,40.73113],[-84.02115,40.73112],[-84.02168,40.73112],[-84.02396,40.73112],[-84.02564,40.73113],[-84.02584,40.73114],[-84.02896,40.73113],[-84.0304,40.73113],[-84.03223,40.73112],[-84.03335,40.73112],[-84.03366,40.73112],[-84.03575,40.73109],[-84.03583,40.7311],[-84.03592,40.73109],[-84.03759,40.7311],[-84.03855,40.73108],[-84.03866,40.73108],[-84.03922,40.73107],[-84.04042,40.73106],[-84.04086,40.73105],[-84.04121,40.73104],[-84.0432,40.73102],[-84.04345,40.73101],[-84.04357,40.73101],[-84.04565,40.731],[-84.04589,40.73102],[-84.04629,40.73101],[-84.04655,40.73101],[-84.04682,40.73101],[-84.04747,40.73101],[-84.0502,40.73099],[-84.05061,40.73099],[-84.05147,40.73099],[-84.05165,40.73098],[-84.05169,40.73098],[-84.05417,40.73096],[-84.05471,40.73096],[-84.05741,40.73091],[-84.06082,40.73085],[-84.06169,40.73083],[-84.06364,40.73082],[-84.06384,40.73082],[-84.06503,40.73079],[-84.06504,40.73079],[-84.06558,40.73078],[-84.06694,40.73076],[-84.06841,40.73075],[-84.06962,40.73075],[-84.07073,40.73073],[-84.0708,40.73073],[-84.07089,40.73073],[-84.07203,40.73071],[-84.07331,40.73072],[-84.07443,40.73071],[-84.07525,40.73069],[-84.07525,40.7306],[-84.07509,40.7306],[-84.07507,40.72871],[-84.07507,40.72866],[-84.07508,40.72859],[-84.07507,40.72821],[-84.07506,40.7272],[-84.07506,40.72715],[-84.07506,40.72661],[-84.07496,40.72322],[-84.07496,40.72301],[-84.07495,40.72292],[-84.07089,40.72258],[-84.07092,40.72182],[-84.07094,40.72121],[-84.07114,40.72121],[-84.07104,40.72118],[-84.07095,40.72115],[-84.07091,40.72112],[-84.07089,40.72108],[-84.07091,40.72032],[-84.07091,40.72001],[-84.0709,40.71897],[-84.07091,40.7185],[-84.07093,40.71805],[-84.07093,40.71797],[-84.07092,40.7175],[-84.07091,40.7171],[-84.07087,40.71711],[-84.07087,40.71695],[-84.07134,40.71694],[-84.0715,40.71696],[-84.07207,40.71701],[-84.07209,40.71702],[-84.07244,40.71704],[-84.07322,40.71714],[-84.07327,40.71714],[-84.07478,40.71733],[-84.07497,40.71733],[-84.07504,40.71733],[-84.07506,40.71733],[-84.07512,40.71733],[-84.07525,40.71733],[-84.07528,40.71733],[-84.07533,40.71733],[-84.07539,40.71733],[-84.07543,40.71733],[-84.07546,40.71733],[-84.07655,40.71732],[-84.07705,40.71732],[-84.07714,40.71732],[-84.07718,40.71732],[-84.07722,40.71732],[-84.07729,40.71733],[-84.07737,40.71734],[-84.07738,40.71818],[-84.07739,40.71865],[-84.07742,40.72048],[-84.07799,40.72046],[-84.07863,40.72045],[-84.07864,40.72029],[-84.07862,40.7188],[-84.07858,40.71707],[-84.07858,40.71687],[-84.07885,40.71686],[-84.07892,40.71686],[-84.07911,40.71685],[-84.07946,40.71685],[-84.08041,40.71685],[-84.08041,40.71718],[-84.08041,40.71732],[-84.0804,40.71746],[-84.0804,40.71775],[-84.0804,40.71789],[-84.0804,40.71804],[-84.0804,40.71818],[-84.0804,40.71832],[-84.0804,40.71848],[-84.0804,40.71862],[-84.0804,40.71877],[-84.0804,40.71891],[-84.0804,40.71906],[-84.08039,40.71921],[-84.08039,40.71935],[-84.08039,40.71965],[-84.08039,40.71994],[-84.08039,40.72009],[-84.08039,40.72024],[-84.08039,40.72039],[-84.08039,40.72055],[-84.08038,40.72085],[-84.08038,40.72104],[-84.08064,40.72103],[-84.08091,40.72102],[-84.08121,40.72102],[-84.08254,40.721],[-84.08274,40.72099],[-84.08273,40.71991],[-84.08273,40.71942],[-84.08273,40.71916],[-84.0827,40.7189],[-84.08271,40.71884],[-84.08248,40.71768],[-84.08242,40.71752],[-84.08233,40.71728],[-84.08223,40.71705],[-84.08213,40.71686],[-84.08207,40.71676],[-84.0823,40.71676],[-84.08241,40.71676],[-84.08447,40.71676],[-84.08498,40.71673],[-84.08499,40.71684],[-84.08508,40.71684],[-84.0851,40.71635],[-84.08522,40.71635],[-84.08522,40.71633],[-84.0866,40.71633],[-84.08699,40.71633],[-84.08735,40.71633],[-84.08777,40.71633],[-84.08892,40.71632],[-84.0891,40.71631],[-84.08933,40.71631],[-84.08951,40.71631],[-84.08951,40.71628],[-84.09049,40.71627],[-84.09097,40.71627],[-84.09293,40.71626],[-84.09346,40.71625],[-84.09396,40.71625],[-84.0947,40.71624],[-84.0947,40.71545],[-84.09471,40.71399],[-84.09472,40.71254],[-84.09472,40.7121],[-84.0947,40.71083],[-84.09465,40.70945],[-84.09286,40.7095],[-84.09274,40.70948],[-84.09232,40.70947],[-84.09206,40.70947],[-84.09113,40.70952],[-84.09026,40.70953],[-84.09013,40.70895],[-84.0901,40.70882],[-84.09004,40.70849],[-84.08999,40.70818],[-84.08996,40.70793],[-84.08995,40.7078],[-84.08991,40.7075],[-84.08991,40.70737],[-84.08989,40.7071],[-84.08988,40.70661],[-84.08987,40.70604],[-84.08987,40.70575],[-84.08986,40.70564],[-84.08987,40.7053],[-84.08987,40.70476],[-84.08987,40.70458],[-84.08987,40.70399],[-84.08987,40.70347],[-84.08988,40.7032],[-84.08987,40.70306],[-84.08987,40.70237],[-84.08987,40.70221],[-84.08897,40.70221],[-84.08862,40.70221],[-84.08695,40.70222],[-84.08656,40.70223],[-84.08588,40.70225],[-84.08541,40.70225],[-84.08534,40.70225],[-84.08535,40.70586],[-84.08525,40.70585],[-84.08523,40.70951],[-84.0851,40.70952],[-84.07856,40.70952],[-84.07739,40.70953],[-84.0756,40.70954],[-84.0756,40.70594],[-84.0756,40.70468],[-84.07559,40.70438],[-84.0756,40.70393],[-84.07567,40.70345],[-84.07579,40.70298],[-84.07592,40.70265],[-84.07598,40.70251],[-84.07616,40.70226],[-84.07734,40.70227],[-84.07833,40.70226],[-84.07843,40.70226],[-84.07872,40.70226],[-84.07951,40.70226],[-84.0798,40.70226],[-84.0802,40.70226],[-84.0803,40.70226],[-84.08032,40.70587],[-84.08293,40.70586],[-84.08308,40.70586],[-84.08307,40.70561],[-84.08307,40.70452],[-84.08306,40.70394],[-84.08306,40.70367],[-84.08388,40.70367],[-84.08406,40.70367],[-84.08405,40.70225],[-84.08456,40.70225],[-84.08465,40.70225],[-84.08493,40.70225],[-84.08503,40.70225],[-84.08502,40.702],[-84.08501,40.7008],[-84.08499,40.69965],[-84.08499,40.69942],[-84.08512,40.69942],[-84.08532,40.69942],[-84.08569,40.69941],[-84.08645,40.69941],[-84.08679,40.69941],[-84.0878,40.6994],[-84.08932,40.69959],[-84.08956,40.69967],[-84.08966,40.70046],[-84.08967,40.70049],[-84.08971,40.70058],[-84.08974,40.70068],[-84.08975,40.70074],[-84.08975,40.70076],[-84.08975,40.70088],[-84.08986,40.70088],[-84.08986,40.70065],[-84.08986,40.69977],[-84.08986,40.69956],[-84.08987,40.69908],[-84.08987,40.69905],[-84.08986,40.69888],[-84.08986,40.69885],[-84.08986,40.69845],[-84.08986,40.6984],[-84.08986,40.69825],[-84.08985,40.69808],[-84.08985,40.69764],[-84.08985,40.6974],[-84.08985,40.69733],[-84.08984,40.69728],[-84.08985,40.69698],[-84.08984,40.69672],[-84.08984,40.69666],[-84.08984,40.69635],[-84.08984,40.69616],[-84.08984,40.69577],[-84.08984,40.69545],[-84.08984,40.69509],[-84.08984,40.69494],[-84.08984,40.69478],[-84.08984,40.69462],[-84.08984,40.69419],[-84.08984,40.69357],[-84.08984,40.69347],[-84.08983,40.69324],[-84.08983,40.69299],[-84.08983,40.69271],[-84.08983,40.69254],[-84.08983,40.69245],[-84.08983,40.69189],[-84.08983,40.6916],[-84.08982,40.6913],[-84.08982,40.69109],[-84.08982,40.69074],[-84.08982,40.69046],[-84.08982,40.69018],[-84.08981,40.69],[-84.0898,40.68967],[-84.08981,40.68939],[-84.08982,40.68931],[-84.08982,40.68922],[-84.08982,40.68879],[-84.08981,40.68842],[-84.08981,40.6884],[-84.08981,40.68838],[-84.09084,40.68827],[-84.09084,40.68772],[-84.09175,40.68771],[-84.09254,40.68772],[-84.09328,40.68772],[-84.09387,40.68772],[-84.095,40.6877],[-84.09574,40.6877],[-84.09618,40.6877],[-84.09675,40.6877],[-84.09775,40.68769],[-84.09874,40.68768],[-84.09972,40.68768],[-84.10033,40.68767],[-84.10069,40.68767],[-84.10074,40.68811],[-84.10079,40.6887],[-84.101,40.68871],[-84.10226,40.6887],[-84.10226,40.68895],[-84.10226,40.68902],[-84.10226,40.6891],[-84.10227,40.69332],[-84.10226,40.69495],[-84.10226,40.69509],[-84.10392,40.69507],[-84.10412,40.69507],[-84.10483,40.69507],[-84.10581,40.69507],[-84.10695,40.69508],[-84.10746,40.6951],[-84.10794,40.6951],[-84.1082,40.69513],[-84.1082,40.69508],[-84.1082,40.69506]]],[[[-84.1083,40.7095],[-84.10829,40.70853],[-84.10827,40.70769],[-84.10826,40.70734],[-84.10825,40.70688],[-84.10825,40.70606],[-84.10823,40.70522],[-84.10824,40.70437],[-84.10824,40.70355],[-84.10822,40.70222],[-84.10822,40.70117],[-84.10822,40.69884],[-84.10822,40.69864],[-84.10822,40.69861],[-84.10822,40.6985],[-84.10821,40.69776],[-84.10821,40.69744],[-84.10812,40.69744],[-84.10812,40.69795],[-84.10739,40.69814],[-84.10637,40.69839],[-84.1059,40.69842],[-84.10431,40.69852],[-84.10347,40.69852],[-84.1018,40.69852],[-84.10106,40.69853],[-84.10071,40.69853],[-84.09999,40.69853],[-84.09944,40.69853],[-84.09764,40.69854],[-84.09641,40.69854],[-84.09507,40.69855],[-84.0946,40.69855],[-84.0946,40.69871],[-84.0946,40.69882],[-84.09459,40.69885],[-84.0946,40.69905],[-84.0946,40.69909],[-84.0946,40.69916],[-84.09599,40.69916],[-84.09827,40.69915],[-84.09851,40.69915],[-84.09911,40.69914],[-84.09912,40.69929],[-84.09911,40.70073],[-84.09912,40.70221],[-84.09945,40.70221],[-84.09945,40.70282],[-84.09946,40.70454],[-84.09947,40.70694],[-84.09948,40.70947],[-84.09955,40.70947],[-84.10015,40.70946],[-84.10086,40.70946],[-84.10223,40.70946],[-84.10392,40.70946],[-84.10532,40.70946],[-84.10597,40.70946],[-84.10609,40.70946],[-84.10626,40.70945],[-84.10641,40.70946],[-84.10666,40.70947],[-84.10704,40.70949],[-84.1083,40.7095]]]]}},{"type":"Feature","properties":{"GEOID":"3900366614","NAME":"Richland township","BASENAME":"Richland","LSADC":"44","AREALAND":"107867807","AREAWATER":"762966","CENTLAT":"+40.8695951","CENTLON":"-083.9377278"},"geometry":{"type":"Polygon","coordinates":[[[-83.99529,40.91228],[-83.99524,40.91184],[-83.99519,40.91148],[-83.99519,40.91103],[-83.99518,40.90667],[-83.99517,40.90507],[-83.99515,40.90247],[-83.9951,40.89572],[-83.99506,40.89072],[-83.99494,40.88444],[-83.99494,40.88423],[-83.99502,40.87679],[-83.99502,40.87639],[-83.99502,40.87616],[-83.99503,40.87505],[-83.995,40.87388],[-83.99488,40.86932],[-83.99488,40.8692],[-83.99486,40.8691],[-83.99488,40.8689],[-83.99489,40.86874],[-83.99489,40.86843],[-83.99487,40.86745],[-83.99487,40.86623],[-83.99484,40.86291],[-83.99484,40.86258],[-83.99484,40.86222],[-83.99486,40.86208],[-83.99484,40.86198],[-83.99484,40.86193],[-83.99483,40.86177],[-83.99483,40.8615],[-83.99484,40.8612],[-83.99482,40.86016],[-83.99482,40.85925],[-83.99482,40.85854],[-83.9948,40.85658],[-83.99478,40.85537],[-83.99478,40.85472],[-83.99477,40.85402],[-83.99476,40.85365],[-83.99475,40.85279],[-83.99475,40.8525],[-83.99474,40.85108],[-83.99472,40.85007],[-83.99471,40.84749],[-83.99471,40.84748],[-83.99469,40.84577],[-83.99468,40.84481],[-83.99468,40.84424],[-83.99468,40.84332],[-83.99469,40.84248],[-83.99468,40.84228],[-83.99468,40.84175],[-83.99467,40.84143],[-83.99466,40.84104],[-83.99466,40.8401],[-83.99465,40.83943],[-83.99464,40.83908],[-83.99462,40.83352],[-83.99462,40.83327],[-83.99462,40.83267],[-83.99461,40.83152],[-83.99459,40.8292],[-83.99458,40.82871],[-83.99458,40.82813],[-83.99455,40.82496],[-83.99455,40.82473],[-83.99454,40.82409],[-83.99438,40.824],[-83.99435,40.82327],[-83.99439,40.82275],[-83.99444,40.8223],[-83.99444,40.82205],[-83.9946,40.82191],[-83.99461,40.8219],[-83.99461,40.8213],[-83.99459,40.82093],[-83.99457,40.82067],[-83.99457,40.82065],[-83.99445,40.81962],[-83.99444,40.8186],[-83.99444,40.81845],[-83.99434,40.81805],[-83.99082,40.81799],[-83.98999,40.81799],[-83.98524,40.81802],[-83.97647,40.8182],[-83.97564,40.81822],[-83.96137,40.81843],[-83.95725,40.81851],[-83.95184,40.81865],[-83.94599,40.81874],[-83.93746,40.81909],[-83.93703,40.8191],[-83.93636,40.81911],[-83.93488,40.81913],[-83.93396,40.81914],[-83.93264,40.81914],[-83.92741,40.81912],[-83.90872,40.81953],[-83.90836,40.81954],[-83.90781,40.81955],[-83.9077,40.81955],[-83.90706,40.81956],[-83.90528,40.81959],[-83.8991,40.81968],[-83.8933,40.81976],[-83.89133,40.81978],[-83.88363,40.81987],[-83.88006,40.81992],[-83.8801,40.82176],[-83.8801,40.822],[-83.88014,40.82481],[-83.88014,40.82545],[-83.88013,40.82748],[-83.88014,40.82772],[-83.88014,40.82878],[-83.88015,40.83089],[-83.88017,40.83229],[-83.88017,40.83242],[-83.88017,40.83245],[-83.88018,40.83438],[-83.88018,40.83535],[-83.88018,40.83616],[-83.88019,40.83742],[-83.88019,40.83938],[-83.8802,40.84088],[-83.8802,40.84228],[-83.8802,40.84354],[-83.8802,40.84435],[-83.8802,40.84716],[-83.8802,40.84799],[-83.88021,40.84837],[-83.88021,40.84886],[-83.88021,40.84984],[-83.88021,40.85008],[-83.88022,40.85431],[-83.88023,40.85727],[-83.88025,40.86127],[-83.88025,40.86151],[-83.88025,40.86226],[-83.88025,40.86248],[-83.88026,40.86335],[-83.88026,40.86348],[-83.88026,40.86354],[-83.88026,40.86411],[-83.88026,40.86564],[-83.88026,40.86638],[-83.88027,40.86753],[-83.88027,40.86884],[-83.8803,40.87064],[-83.88029,40.8719],[-83.88029,40.87354],[-83.88028,40.87382],[-83.88028,40.8746],[-83.88028,40.87462],[-83.88028,40.87484],[-83.88028,40.87508],[-83.88028,40.8752],[-83.88029,40.87555],[-83.88029,40.87649],[-83.88028,40.87689],[-83.88028,40.87786],[-83.88028,40.87794],[-83.88029,40.87836],[-83.88029,40.87885],[-83.8803,40.87984],[-83.8803,40.88006],[-83.8803,40.88008],[-83.8803,40.88103],[-83.8803,40.88142],[-83.8803,40.88154],[-83.8803,40.8816],[-83.8803,40.88217],[-83.8803,40.88245],[-83.8803,40.8829],[-83.88031,40.88455],[-83.88031,40.88476],[-83.88031,40.88493],[-83.8803,40.88525],[-83.8803,40.88574],[-83.88031,40.88744],[-83.88031,40.88747],[-83.88031,40.88784],[-83.88031,40.88785],[-83.88031,40.88807],[-83.88031,40.88821],[-83.88032,40.88909],[-83.88032,40.8896],[-83.88032,40.88996],[-83.88033,40.89041],[-83.88034,40.89135],[-83.88034,40.89138],[-83.88034,40.89194],[-83.88034,40.89242],[-83.88034,40.89244],[-83.88033,40.89257],[-83.88035,40.89342],[-83.88036,40.89524],[-83.88037,40.89563],[-83.88037,40.89575],[-83.88037,40.89588],[-83.88037,40.89591],[-83.88037,40.89593],[-83.88037,40.89598],[-83.88037,40.89612],[-83.88037,40.89629],[-83.88037,40.89643],[-83.88037,40.89664],[-83.88038,40.89864],[-83.88038,40.89876],[-83.88038,40.89886],[-83.88039,40.89966],[-83.88039,40.90122],[-83.88039,40.90128],[-83.88039,40.90135],[-83.88039,40.90195],[-83.8804,40.90263],[-83.8804,40.90466],[-83.8804,40.9052],[-83.8804,40.90591],[-83.88041,40.90775],[-83.88041,40.90831],[-83.88041,40.90961],[-83.88041,40.91247],[-83.88042,40.91768],[-83.88042,40.91831],[-83.88042,40.91885],[-83.88042,40.9197],[-83.88042,40.92043],[-83.88055,40.92043],[-83.88081,40.92043],[-83.88129,40.92042],[-83.88189,40.92042],[-83.88253,40.92042],[-83.88284,40.92042],[-83.88323,40.92042],[-83.88366,40.92041],[-83.88412,40.92041],[-83.88456,40.92041],[-83.88502,40.92041],[-83.88552,40.92041],[-83.88571,40.92041],[-83.88603,40.9204],[-83.88669,40.92041],[-83.88715,40.9204],[-83.88749,40.9204],[-83.88794,40.9204],[-83.8882,40.9204],[-83.88856,40.9204],[-83.88886,40.9204],[-83.88919,40.9204],[-83.88957,40.9204],[-83.88983,40.9204],[-83.89042,40.9204],[-83.89074,40.92039],[-83.89105,40.92039],[-83.89151,40.92039],[-83.89175,40.92039],[-83.89201,40.92039],[-83.89241,40.92039],[-83.89275,40.92038],[-83.89311,40.92038],[-83.89342,40.92038],[-83.89391,40.92038],[-83.89426,40.92037],[-83.89451,40.92037],[-83.89488,40.92037],[-83.89525,40.92037],[-83.89558,40.92036],[-83.89593,40.92037],[-83.89628,40.92036],[-83.89662,40.92036],[-83.897,40.92036],[-83.89736,40.92035],[-83.89773,40.92035],[-83.89811,40.92035],[-83.89848,40.92034],[-83.89907,40.92035],[-83.89924,40.92035],[-83.89951,40.92035],[-83.89955,40.92035],[-83.8996,40.92034],[-83.90058,40.92034],[-83.90259,40.92033],[-83.90281,40.92033],[-83.9044,40.92032],[-83.90688,40.92032],[-83.90787,40.92031],[-83.909,40.92031],[-83.91441,40.9203],[-83.91443,40.9203],[-83.91453,40.9203],[-83.91455,40.9203],[-83.915,40.9203],[-83.91531,40.9203],[-83.91541,40.9203],[-83.91598,40.9203],[-83.91712,40.9203],[-83.91847,40.9203],[-83.91865,40.92029],[-83.91935,40.92029],[-83.92007,40.92029],[-83.92036,40.92029],[-83.92153,40.92029],[-83.92442,40.9203],[-83.9248,40.9203],[-83.926,40.9203],[-83.92631,40.9203],[-83.92971,40.9203],[-83.93178,40.9203],[-83.93246,40.9203],[-83.93352,40.92029],[-83.93639,40.92027],[-83.93774,40.92026],[-83.93964,40.92026],[-83.94236,40.92024],[-83.94255,40.92023],[-83.94596,40.92022],[-83.94645,40.92021],[-83.94732,40.92021],[-83.94805,40.9202],[-83.94922,40.9202],[-83.94981,40.9202],[-83.94999,40.9202],[-83.95047,40.92019],[-83.95081,40.92019],[-83.9509,40.92019],[-83.95694,40.92019],[-83.96016,40.92014],[-83.96157,40.92012],[-83.96449,40.92008],[-83.96465,40.92007],[-83.96485,40.92007],[-83.96526,40.92006],[-83.96647,40.92004],[-83.96649,40.92004],[-83.96704,40.92004],[-83.96828,40.92003],[-83.97134,40.91999],[-83.97374,40.91996],[-83.97397,40.91996],[-83.97445,40.91996],[-83.97608,40.91994],[-83.97611,40.91994],[-83.98456,40.91989],[-83.99327,40.91985],[-83.99523,40.91984],[-83.99523,40.91971],[-83.99523,40.91961],[-83.99523,40.91942],[-83.99522,40.91885],[-83.99521,40.91763],[-83.99521,40.91704],[-83.99521,40.91644],[-83.99521,40.91598],[-83.99521,40.91552],[-83.99521,40.91503],[-83.99521,40.91401],[-83.99523,40.91364],[-83.99523,40.9136],[-83.99529,40.91228]]]}},{"type":"Feature","properties":{"GEOID":"3900371955","NAME":"Shawnee township","BASENAME":"Shawnee","LSADC":"44","AREALAND":"75032161","AREAWATER":"775791","CENTLAT":"+40.6926556","CENTLON":"-084.1668775"},"geometry":{"type":"MultiPolygon","coordinates":[[[[-84.22314,40.72946],[-84.22311,40.72395],[-84.2231,40.72375],[-84.2231,40.72326],[-84.22311,40.72289],[-84.22308,40.72223],[-84.22309,40.72199],[-84.22309,40.72158],[-84.2231,40.7209],[-84.22308,40.71981],[-84.22308,40.71947],[-84.22308,40.71888],[-84.22308,40.71831],[-84.22308,40.71797],[-84.22308,40.71786],[-84.22308,40.71763],[-84.22308,40.71658],[-84.22309,40.71614],[-84.22309,40.71607],[-84.22308,40.71506],[-84.22308,40.71502],[-84.22307,40.71463],[-84.22306,40.71436],[-84.22307,40.7139],[-84.22306,40.71358],[-84.22306,40.71328],[-84.22306,40.71286],[-84.22306,40.71244],[-84.22305,40.71202],[-84.22303,40.71159],[-84.22303,40.71134],[-84.22302,40.71021],[-84.22302,40.70993],[-84.22302,40.7099],[-84.223,40.70951],[-84.223,40.70906],[-84.22299,40.70856],[-84.22298,40.70842],[-84.22298,40.70806],[-84.22297,40.70754],[-84.22297,40.70704],[-84.22296,40.70656],[-84.22294,40.7056],[-84.22294,40.70496],[-84.22294,40.70483],[-84.22292,40.70309],[-84.22292,40.70275],[-84.22292,40.70252],[-84.22291,40.70116],[-84.2229,40.70046],[-84.2229,40.70006],[-84.22289,40.69967],[-84.22288,40.69926],[-84.22288,40.69902],[-84.22289,40.69887],[-84.22287,40.69838],[-84.22287,40.69807],[-84.22286,40.69726],[-84.22285,40.69645],[-84.22285,40.69567],[-84.22285,40.69527],[-84.22284,40.69487],[-84.22284,40.69368],[-84.22285,40.69343],[-84.22284,40.69323],[-84.22283,40.69279],[-84.22283,40.69197],[-84.22282,40.69103],[-84.2228,40.68596],[-84.22279,40.68566],[-84.22279,40.68552],[-84.22279,40.68522],[-84.22278,40.68491],[-84.22278,40.6841],[-84.22277,40.68389],[-84.22277,40.68386],[-84.22277,40.68307],[-84.22276,40.68229],[-84.22276,40.68187],[-84.2228,40.68159],[-84.22281,40.68147],[-84.22281,40.6814],[-84.22281,40.68061],[-84.22282,40.67975],[-84.22281,40.67947],[-84.22281,40.67921],[-84.22281,40.67903],[-84.2228,40.67827],[-84.22279,40.67748],[-84.22278,40.67673],[-84.22277,40.67589],[-84.22277,40.67515],[-84.22276,40.67438],[-84.22275,40.67358],[-84.22274,40.67276],[-84.22272,40.67194],[-84.22272,40.67137],[-84.22271,40.67111],[-84.22271,40.6703],[-84.22271,40.66956],[-84.22271,40.66951],[-84.22271,40.66924],[-84.2227,40.66873],[-84.22269,40.66794],[-84.22269,40.66774],[-84.22268,40.66733],[-84.22268,40.66696],[-84.22253,40.66688],[-84.22257,40.66688],[-84.22268,40.66683],[-84.22268,40.66671],[-84.22268,40.66654],[-84.22265,40.66428],[-84.22275,40.65695],[-84.21122,40.65696],[-84.20754,40.65705],[-84.20351,40.65705],[-84.20348,40.65705],[-84.18959,40.6571],[-84.18536,40.65712],[-84.18435,40.65712],[-84.16521,40.65714],[-84.15267,40.65729],[-84.15223,40.65729],[-84.15088,40.65731],[-84.15013,40.65733],[-84.14997,40.65733],[-84.14968,40.65733],[-84.14943,40.65734],[-84.14893,40.65734],[-84.14842,40.65735],[-84.14817,40.65735],[-84.14792,40.65735],[-84.14766,40.65735],[-84.14732,40.65736],[-84.14617,40.65737],[-84.14612,40.65737],[-84.14562,40.65737],[-84.14513,40.65738],[-84.14471,40.65738],[-84.14388,40.65739],[-84.14215,40.6574],[-84.14127,40.65741],[-84.14053,40.65744],[-84.13965,40.65748],[-84.13749,40.65751],[-84.13587,40.65754],[-84.13582,40.65754],[-84.13553,40.65755],[-84.13476,40.65755],[-84.13467,40.65755],[-84.13405,40.65753],[-84.13183,40.65763],[-84.13153,40.65764],[-84.13147,40.65764],[-84.13122,40.65764],[-84.1312,40.65764],[-84.13092,40.65764],[-84.12566,40.65765],[-84.12214,40.65765],[-84.10791,40.65794],[-84.10792,40.65961],[-84.10792,40.66014],[-84.10792,40.66096],[-84.10793,40.66109],[-84.10794,40.66181],[-84.10794,40.66217],[-84.10794,40.66325],[-84.10795,40.66488],[-84.10796,40.66573],[-84.10798,40.66709],[-84.10803,40.66944],[-84.10804,40.66997],[-84.10803,40.67065],[-84.10805,40.67096],[-84.10804,40.67139],[-84.10806,40.67224],[-84.10807,40.6727],[-84.10807,40.6731],[-84.10807,40.67326],[-84.10807,40.67371],[-84.10807,40.67398],[-84.10808,40.67421],[-84.10807,40.67442],[-84.10807,40.67463],[-84.10807,40.67469],[-84.10809,40.67509],[-84.1081,40.67595],[-84.1081,40.67607],[-84.10811,40.6765],[-84.10811,40.67707],[-84.10811,40.67743],[-84.10812,40.67755],[-84.10813,40.6784],[-84.10813,40.67877],[-84.10814,40.67913],[-84.10815,40.67944],[-84.10814,40.67978],[-84.10814,40.68012],[-84.10814,40.68026],[-84.10815,40.6804],[-84.10814,40.68056],[-84.10815,40.68098],[-84.10815,40.68122],[-84.10815,40.68146],[-84.10816,40.68189],[-84.10816,40.682],[-84.10816,40.68214],[-84.10816,40.68228],[-84.10815,40.68254],[-84.10814,40.68285],[-84.10814,40.68291],[-84.10814,40.68298],[-84.10814,40.68315],[-84.10814,40.68345],[-84.10814,40.68374],[-84.10815,40.68404],[-84.10815,40.68433],[-84.10816,40.68462],[-84.10816,40.68499],[-84.10817,40.68525],[-84.10817,40.68582],[-84.10817,40.68588],[-84.10817,40.68602],[-84.10817,40.68616],[-84.10817,40.68639],[-84.10817,40.68651],[-84.10818,40.68667],[-84.10817,40.687],[-84.10817,40.68767],[-84.10818,40.68804],[-84.10817,40.68841],[-84.10818,40.68877],[-84.10818,40.68913],[-84.10819,40.68977],[-84.10819,40.68982],[-84.10819,40.69087],[-84.10819,40.69362],[-84.1082,40.69422],[-84.1082,40.69506],[-84.1082,40.69508],[-84.1082,40.69513],[-84.1082,40.69528],[-84.1082,40.69575],[-84.1082,40.69628],[-84.10821,40.69683],[-84.10821,40.69724],[-84.10821,40.69744],[-84.10821,40.69776],[-84.10822,40.6985],[-84.10822,40.69861],[-84.10822,40.69864],[-84.10822,40.69884],[-84.10822,40.70117],[-84.10822,40.70222],[-84.10824,40.70355],[-84.10824,40.70437],[-84.10823,40.70522],[-84.10825,40.70606],[-84.10825,40.70688],[-84.10826,40.70734],[-84.10827,40.70769],[-84.10829,40.70853],[-84.1083,40.7095],[-84.1083,40.71058],[-84.10831,40.71181],[-84.10832,40.71301],[-84.10832,40.71307],[-84.10833,40.7143],[-84.10834,40.71467],[-84.10834,40.71481],[-84.10834,40.71553],[-84.10834,40.71579],[-84.10834,40.71584],[-84.10834,40.71598],[-84.10835,40.71641],[-84.10857,40.71599],[-84.10879,40.71599],[-84.10925,40.71598],[-84.10966,40.71598],[-84.10979,40.71598],[-84.10985,40.71596],[-84.11007,40.71589],[-84.1101,40.71588],[-84.11052,40.71588],[-84.1111,40.71586],[-84.11245,40.71586],[-84.11302,40.71585],[-84.11302,40.7158],[-84.11301,40.71567],[-84.11301,40.71555],[-84.113,40.71399],[-84.113,40.71345],[-84.11299,40.71307],[-84.11299,40.71272],[-84.11299,40.71235],[-84.11299,40.7123],[-84.11325,40.71231],[-84.11348,40.71231],[-84.11333,40.7122],[-84.11235,40.71148],[-84.11232,40.71146],[-84.11232,40.71107],[-84.11363,40.71204],[-84.11454,40.71208],[-84.11472,40.71207],[-84.11473,40.71126],[-84.11551,40.71067],[-84.11571,40.71067],[-84.1158,40.71067],[-84.1168,40.70855],[-84.11718,40.70856],[-84.11772,40.70857],[-84.11806,40.70858],[-84.11825,40.70858],[-84.11838,40.70857],[-84.1185,40.70855],[-84.11831,40.70893],[-84.11813,40.70933],[-84.11756,40.71056],[-84.11748,40.71072],[-84.11729,40.71113],[-84.11709,40.71156],[-84.11693,40.71191],[-84.11679,40.71221],[-84.11674,40.71231],[-84.1166,40.7126],[-84.1164,40.71303],[-84.11746,40.71304],[-84.11809,40.71303],[-84.11811,40.71303],[-84.11834,40.71303],[-84.11762,40.71418],[-84.11719,40.71486],[-84.11706,40.71506],[-84.11701,40.71515],[-84.11697,40.71524],[-84.11692,40.71537],[-84.11678,40.71541],[-84.11663,40.71544],[-84.11649,40.71547],[-84.11634,40.71549],[-84.11619,40.71551],[-84.11605,40.71553],[-84.11575,40.71555],[-84.11563,40.71555],[-84.11552,40.71555],[-84.11522,40.71555],[-84.11517,40.71566],[-84.11508,40.71581],[-84.1143,40.7175],[-84.11403,40.71807],[-84.1139,40.71836],[-84.11388,40.71841],[-84.11353,40.71915],[-84.11335,40.71956],[-84.11329,40.71976],[-84.11329,40.71991],[-84.11327,40.72019],[-84.11326,40.72077],[-84.11327,40.7219],[-84.11327,40.7221],[-84.11327,40.72219],[-84.11327,40.72265],[-84.11327,40.72395],[-84.11327,40.72412],[-84.11393,40.72416],[-84.11411,40.72417],[-84.11442,40.72419],[-84.11579,40.72427],[-84.11619,40.7243],[-84.11664,40.72433],[-84.11703,40.72435],[-84.11778,40.72439],[-84.11817,40.72441],[-84.12001,40.72452],[-84.12018,40.72453],[-84.1215,40.72461],[-84.12297,40.7247],[-84.12367,40.72474],[-84.12453,40.72479],[-84.12464,40.72468],[-84.1248,40.72451],[-84.12485,40.72446],[-84.12489,40.72442],[-84.12511,40.72423],[-84.12515,40.72419],[-84.12537,40.72402],[-84.12564,40.72383],[-84.12591,40.72366],[-84.12596,40.72363],[-84.12614,40.72353],[-84.12623,40.72348],[-84.12634,40.72342],[-84.12669,40.72327],[-84.12689,40.72319],[-84.12718,40.72308],[-84.12968,40.72307],[-84.13134,40.72306],[-84.13157,40.72306],[-84.13301,40.72305],[-84.13335,40.72305],[-84.13351,40.72305],[-84.13392,40.72305],[-84.13495,40.72305],[-84.13593,40.72304],[-84.13659,40.72304],[-84.13976,40.72303],[-84.13972,40.7218],[-84.13964,40.71937],[-84.1446,40.7193],[-84.14461,40.71946],[-84.14461,40.72145],[-84.14467,40.72145],[-84.14535,40.72144],[-84.1453,40.72153],[-84.14521,40.72155],[-84.14519,40.72174],[-84.14462,40.72174],[-84.14463,40.72392],[-84.14463,40.72408],[-84.14458,40.7241],[-84.14456,40.72411],[-84.14452,40.72397],[-84.14448,40.7238],[-84.14438,40.72359],[-84.14432,40.72325],[-84.14416,40.72333],[-84.14382,40.72348],[-84.14352,40.72363],[-84.14333,40.72371],[-84.14383,40.7242],[-84.14388,40.72425],[-84.14401,40.72438],[-84.14393,40.72441],[-84.14386,40.72445],[-84.14317,40.72477],[-84.14303,40.72489],[-84.14301,40.72491],[-84.14281,40.72476],[-84.14252,40.7249],[-84.14239,40.72503],[-84.14228,40.7252],[-84.14204,40.72577],[-84.13995,40.72553],[-84.13957,40.7255],[-84.13956,40.72567],[-84.13955,40.72576],[-84.13843,40.72569],[-84.13761,40.72565],[-84.1376,40.72559],[-84.13725,40.72557],[-84.13593,40.72549],[-84.13462,40.72542],[-84.13462,40.7254],[-84.13422,40.72537],[-84.13379,40.72535],[-84.13356,40.72533],[-84.13313,40.72531],[-84.13295,40.7253],[-84.13292,40.7253],[-84.1329,40.72526],[-84.13264,40.72524],[-84.13262,40.72524],[-84.13221,40.72521],[-84.13175,40.72518],[-84.13172,40.72518],[-84.13153,40.72517],[-84.13142,40.72516],[-84.13129,40.72515],[-84.13123,40.72515],[-84.13111,40.72514],[-84.131,40.72514],[-84.13087,40.72513],[-84.12962,40.72505],[-84.12846,40.72498],[-84.12732,40.7249],[-84.12694,40.72487],[-84.1263,40.72482],[-84.12607,40.72481],[-84.12605,40.72488],[-84.12603,40.72488],[-84.12582,40.72486],[-84.12584,40.72516],[-84.12584,40.72518],[-84.12583,40.72536],[-84.12582,40.72559],[-84.12576,40.72599],[-84.12573,40.7262],[-84.12568,40.7268],[-84.12563,40.72741],[-84.12556,40.72765],[-84.12546,40.72802],[-84.12538,40.72817],[-84.12502,40.72862],[-84.12465,40.72891],[-84.12405,40.72939],[-84.12288,40.73037],[-84.12309,40.73037],[-84.12385,40.73037],[-84.12462,40.73037],[-84.12753,40.73038],[-84.13087,40.73041],[-84.1325,40.73041],[-84.13406,40.73041],[-84.13564,40.73042],[-84.13615,40.73042],[-84.13712,40.73042],[-84.1378,40.73042],[-84.13852,40.73041],[-84.13858,40.73041],[-84.13866,40.73041],[-84.13938,40.73041],[-84.14011,40.7304],[-84.1401,40.72996],[-84.14011,40.72918],[-84.14023,40.72918],[-84.14051,40.72918],[-84.14139,40.72919],[-84.14207,40.7292],[-84.14216,40.72919],[-84.14217,40.7297],[-84.1413,40.7297],[-84.1413,40.72978],[-84.14091,40.72981],[-84.14096,40.73041],[-84.14239,40.73042],[-84.14275,40.73041],[-84.14291,40.7304],[-84.14296,40.73039],[-84.14324,40.73034],[-84.14342,40.73029],[-84.14367,40.7302],[-84.14392,40.73008],[-84.14401,40.73002],[-84.14407,40.72999],[-84.14423,40.72989],[-84.14513,40.72921],[-84.14574,40.72875],[-84.14596,40.72859],[-84.14622,40.72838],[-84.14674,40.72798],[-84.14688,40.72807],[-84.14708,40.72805],[-84.14744,40.72807],[-84.14813,40.72812],[-84.14883,40.72817],[-84.14885,40.72796],[-84.14886,40.72773],[-84.14887,40.72763],[-84.15108,40.7276],[-84.15107,40.7272],[-84.15106,40.72634],[-84.1523,40.72629],[-84.16035,40.72603],[-84.16117,40.72601],[-84.16117,40.73015],[-84.16125,40.73015],[-84.16154,40.73018],[-84.16232,40.73026],[-84.16508,40.73025],[-84.1653,40.73025],[-84.17008,40.73025],[-84.17416,40.73029],[-84.17856,40.73034],[-84.17868,40.73034],[-84.1869,40.73015],[-84.19078,40.73001],[-84.19197,40.72996],[-84.19232,40.72995],[-84.19376,40.7299],[-84.19585,40.72988],[-84.20093,40.72989],[-84.20188,40.72991],[-84.20282,40.72992],[-84.20358,40.72992],[-84.20409,40.72992],[-84.20434,40.72992],[-84.20555,40.72991],[-84.20624,40.7299],[-84.20671,40.72989],[-84.2074,40.72988],[-84.20799,40.72988],[-84.20941,40.72987],[-84.21002,40.72986],[-84.21143,40.72985],[-84.21183,40.72983],[-84.21197,40.72982],[-84.21211,40.7298],[-84.21223,40.72978],[-84.21239,40.72973],[-84.21257,40.72967],[-84.21267,40.72964],[-84.21281,40.72961],[-84.21289,40.72959],[-84.21296,40.72957],[-84.21305,40.72956],[-84.21323,40.72955],[-84.21346,40.72954],[-84.21398,40.72954],[-84.21471,40.72953],[-84.21545,40.72954],[-84.2162,40.72954],[-84.21703,40.72953],[-84.21759,40.72952],[-84.21861,40.72951],[-84.2194,40.7295],[-84.22019,40.72949],[-84.22098,40.72948],[-84.22112,40.72948],[-84.22177,40.72948],[-84.22234,40.72948],[-84.22314,40.72946]]],[[[-84.15623,40.72989],[-84.15623,40.72975],[-84.15622,40.72925],[-84.15622,40.72911],[-84.15475,40.72913],[-84.15476,40.72951],[-84.15503,40.72952],[-84.15503,40.72953],[-84.15503,40.73013],[-84.15503,40.73025],[-84.15532,40.73025],[-84.15571,40.73025],[-84.15623,40.73025],[-84.15623,40.73017],[-84.15623,40.72989]]]]}},{"type":"Feature","properties":{"GEOID":"3900373982","NAME":"Spencer township","BASENAME":"Spencer","LSADC":"44","AREALAND":"60368480","AREAWATER":"87982","CENTLAT":"+40.7324406","CENTLON":"-084.3645860"},"geometry":{"type":"Polygon","coordinates":[[[-84.39719,40.78658],[-84.39718,40.78387],[-84.39718,40.78381],[-84.39716,40.78093],[-84.39716,40.77937],[-84.39713,40.77698],[-84.39712,40.77607],[-84.39711,40.7748],[-84.39711,40.77366],[-84.39709,40.77209],[-84.39711,40.77132],[-84.3971,40.76952],[-84.39711,40.76711],[-84.39712,40.76542],[-84.39711,40.76505],[-84.39702,40.75803],[-84.39701,40.75763],[-84.39701,40.75736],[-84.39701,40.75723],[-84.39702,40.75527],[-84.39706,40.75271],[-84.39708,40.75031],[-84.39708,40.75004],[-84.39706,40.7474],[-84.39705,40.74675],[-84.39703,40.74435],[-84.39702,40.74378],[-84.39702,40.74311],[-84.39702,40.74131],[-84.39703,40.73978],[-84.39703,40.73923],[-84.39703,40.73869],[-84.39702,40.73789],[-84.39702,40.73759],[-84.39702,40.73746],[-84.39702,40.73726],[-84.39703,40.7365],[-84.39703,40.73584],[-84.39703,40.73582],[-84.39704,40.73348],[-84.39705,40.7329],[-84.39706,40.7294],[-84.39706,40.72895],[-84.39704,40.72858],[-84.39702,40.7283],[-84.39699,40.72765],[-84.39699,40.72743],[-84.39699,40.72668],[-84.39698,40.72616],[-84.39698,40.72566],[-84.39698,40.72545],[-84.39697,40.72524],[-84.39697,40.72476],[-84.39696,40.72385],[-84.39695,40.72285],[-84.39695,40.72139],[-84.39694,40.71457],[-84.39694,40.71411],[-84.39694,40.71406],[-84.39695,40.71383],[-84.39695,40.71365],[-84.39692,40.71014],[-84.39689,40.70745],[-84.39689,40.70713],[-84.39688,40.70681],[-84.39689,40.70412],[-84.39687,40.70252],[-84.39686,40.70161],[-84.39686,40.69953],[-84.39686,40.69925],[-84.39685,40.69778],[-84.39683,40.69589],[-84.39683,40.69525],[-84.39683,40.69461],[-84.39682,40.69419],[-84.39682,40.69395],[-84.39683,40.6931],[-84.39682,40.69225],[-84.39678,40.68493],[-84.37761,40.68495],[-84.37495,40.68495],[-84.36606,40.68503],[-84.36571,40.68503],[-84.36501,40.68503],[-84.36469,40.68504],[-84.36463,40.68504],[-84.35273,40.68509],[-84.33929,40.68508],[-84.33929,40.6856],[-84.33866,40.6856],[-84.31821,40.68566],[-84.31824,40.68773],[-84.31825,40.68851],[-84.31825,40.68931],[-84.31826,40.69006],[-84.31828,40.6914],[-84.31829,40.69293],[-84.31829,40.69385],[-84.3183,40.69427],[-84.31831,40.69514],[-84.31831,40.69549],[-84.31832,40.69607],[-84.31834,40.69756],[-84.31836,40.6983],[-84.31837,40.6989],[-84.31837,40.69963],[-84.31838,40.7002],[-84.31838,40.70079],[-84.31839,40.70141],[-84.3184,40.70242],[-84.31844,40.70358],[-84.31848,40.70585],[-84.31849,40.70744],[-84.3185,40.70843],[-84.31848,40.70951],[-84.31848,40.71011],[-84.31849,40.71055],[-84.3185,40.71209],[-84.3185,40.71275],[-84.3185,40.71344],[-84.31851,40.71411],[-84.31851,40.71466],[-84.32025,40.71465],[-84.32164,40.71464],[-84.33629,40.71454],[-84.3365,40.71454],[-84.33655,40.71454],[-84.3383,40.71454],[-84.33954,40.71454],[-84.33952,40.71928],[-84.33953,40.72221],[-84.33976,40.73307],[-84.33981,40.73491],[-84.3398,40.73502],[-84.33974,40.736],[-84.33974,40.73602],[-84.3395,40.73666],[-84.3395,40.73816],[-84.33949,40.74769],[-84.33953,40.75005],[-84.33984,40.75005],[-84.33984,40.75058],[-84.33977,40.75783],[-84.33986,40.76398],[-84.33987,40.76956],[-84.34,40.77211],[-84.34004,40.77381],[-84.33993,40.77969],[-84.34004,40.78566],[-84.34002,40.78686],[-84.34002,40.78695],[-84.34946,40.78683],[-84.35213,40.7868],[-84.35288,40.78678],[-84.35511,40.78676],[-84.35897,40.78676],[-84.36105,40.7868],[-84.36556,40.78678],[-84.37494,40.78677],[-84.37834,40.78671],[-84.38387,40.78668],[-84.38773,40.78664],[-84.39719,40.78658]]]}},{"type":"Feature","properties":{"GEOID":"3900375199","NAME":"Sugar Creek township","BASENAME":"Sugar Creek","LSADC":"44","AREALAND":"62402084","AREAWATER":"304372","CENTLAT":"+40.8308684","CENTLON":"-084.1668154"},"geometry":{"type":"Polygon","coordinates":[[[-84.22485,40.85931],[-84.22484,40.85863],[-84.22484,40.85793],[-84.22481,40.85655],[-84.22481,40.85586],[-84.2248,40.85516],[-84.22479,40.85446],[-84.22478,40.85376],[-84.22476,40.85307],[-84.22475,40.85237],[-84.22474,40.85106],[-84.2247,40.8499],[-84.2247,40.8497],[-84.2247,40.84896],[-84.22471,40.84844],[-84.22469,40.84816],[-84.22463,40.84564],[-84.22441,40.83681],[-84.22443,40.83655],[-84.22455,40.83423],[-84.22426,40.82358],[-84.22417,40.81658],[-84.22415,40.80796],[-84.22416,40.80788],[-84.22416,40.80765],[-84.22416,40.80735],[-84.22416,40.80709],[-84.22416,40.80676],[-84.22415,40.80645],[-84.22415,40.80614],[-84.22415,40.80601],[-84.22414,40.80554],[-84.22415,40.80488],[-84.22413,40.80463],[-84.22413,40.80452],[-84.22411,40.80412],[-84.22411,40.80384],[-84.22411,40.80379],[-84.22411,40.80349],[-84.2241,40.8029],[-84.22411,40.80261],[-84.2241,40.80247],[-84.22408,40.80205],[-84.22408,40.80179],[-84.22407,40.80154],[-84.22407,40.80125],[-84.22015,40.80135],[-84.21755,40.80153],[-84.21738,40.80154],[-84.21689,40.80155],[-84.21601,40.80156],[-84.2154,40.80157],[-84.2149,40.80157],[-84.21436,40.80158],[-84.21378,40.80159],[-84.21321,40.8016],[-84.21264,40.80161],[-84.21207,40.80161],[-84.21152,40.80161],[-84.21031,40.80164],[-84.20978,40.80164],[-84.20922,40.80165],[-84.20878,40.80165],[-84.20829,40.80165],[-84.20788,40.80165],[-84.20748,40.80166],[-84.20701,40.80167],[-84.20657,40.80168],[-84.20629,40.80168],[-84.20608,40.80169],[-84.20577,40.80169],[-84.20562,40.80169],[-84.20505,40.80169],[-84.20448,40.8017],[-84.20373,40.80158],[-84.20354,40.80157],[-84.20339,40.80155],[-84.19373,40.80135],[-84.18949,40.80154],[-84.18935,40.80155],[-84.17704,40.80155],[-84.17576,40.80156],[-84.17297,40.80158],[-84.17041,40.80161],[-84.16788,40.80162],[-84.16448,40.80164],[-84.16421,40.80166],[-84.16394,40.80168],[-84.16377,40.80171],[-84.1636,40.80173],[-84.16262,40.80175],[-84.16216,40.80177],[-84.16146,40.80178],[-84.16078,40.80179],[-84.15902,40.80183],[-84.15809,40.80185],[-84.15741,40.80187],[-84.15702,40.80188],[-84.15684,40.80189],[-84.15665,40.80188],[-84.1563,40.80188],[-84.15568,40.80187],[-84.15487,40.80185],[-84.15421,40.80184],[-84.15357,40.80183],[-84.15297,40.80182],[-84.15241,40.80181],[-84.15182,40.8018],[-84.15125,40.80178],[-84.15068,40.80177],[-84.15014,40.80176],[-84.14959,40.80176],[-84.14927,40.80176],[-84.14831,40.80174],[-84.14741,40.80175],[-84.14667,40.80176],[-84.14601,40.80176],[-84.14586,40.80176],[-84.1451,40.80176],[-84.14443,40.80177],[-84.14311,40.80179],[-84.14177,40.8018],[-84.14036,40.80182],[-84.13909,40.80184],[-84.1385,40.80185],[-84.13811,40.80186],[-84.13794,40.80188],[-84.13775,40.8019],[-84.13746,40.80192],[-84.13615,40.80193],[-84.13415,40.80197],[-84.13342,40.80198],[-84.13283,40.80198],[-84.13258,40.80199],[-84.13213,40.80199],[-84.13074,40.80202],[-84.13035,40.80203],[-84.12837,40.80209],[-84.11022,40.80269],[-84.1089,40.80275],[-84.10893,40.80294],[-84.10896,40.80311],[-84.109,40.80327],[-84.10915,40.80581],[-84.10918,40.80973],[-84.10921,40.81313],[-84.10925,40.81728],[-84.10926,40.82402],[-84.10926,40.82426],[-84.1092,40.83182],[-84.10924,40.83471],[-84.10924,40.83531],[-84.10929,40.83889],[-84.1093,40.83968],[-84.1093,40.83998],[-84.10932,40.84107],[-84.10932,40.84124],[-84.10934,40.84269],[-84.10938,40.84633],[-84.10938,40.84641],[-84.10945,40.85011],[-84.10946,40.85075],[-84.10949,40.8525],[-84.10952,40.85396],[-84.10953,40.85634],[-84.10959,40.86099],[-84.11521,40.86072],[-84.1169,40.86063],[-84.11908,40.86052],[-84.12497,40.86034],[-84.13033,40.86019],[-84.13046,40.86018],[-84.13792,40.86013],[-84.16654,40.85992],[-84.18744,40.85963],[-84.19221,40.85968],[-84.19284,40.85967],[-84.19319,40.85966],[-84.19336,40.85966],[-84.19342,40.85966],[-84.19587,40.8597],[-84.19827,40.85971],[-84.19829,40.85971],[-84.1983,40.85971],[-84.20557,40.85954],[-84.22479,40.85931],[-84.22485,40.85931]]]}}]}
