{"type":"FeatureCollection","features":[{"type":"Feature","properties":{"OID":"1102205002059","MTFCC":"H3010","ARTPATH":"N"},"geometry":{"type":"LineString","coordinates":[[-84.1472,40.75909],[-84.15484,40.75956],[-84.16089,40.7588],[-84.16246,40.75923],[-84.16393,40.76028],[-84.16513,40.76068]]}},{"type":"Feature","properties":{"OID":"1102406914703","MTFCC":"H3010","ARTPATH":"N"},"geometry":{"type":"LineString","coordinates":[[-84.05528,40.90475],[-84.05501,40.90481]]}},{"type":"Feature","properties":{"OID":"1102406914704","MTFCC":"H3010","ARTPATH":"N"},"geometry":{"type":"LineString","coordinates":[[-84.05501,40.90481],[-84.05281,40.90562],[-84.05126,40.90567],[-84.04909,40.90666],[-84.04796,40.90808],[-84.04796,40.91196],[-84.04694,40.912],[-84.04587,40.91251],[-84.04422,40.91432],[-84.04236,40.91526]]}},{"type":"Feature","properties":{"OID":"1102406914705","MTFCC":"H3010","ARTPATH":"N"},"geometry":{"type":"LineString","coordinates":[[-84.06373,40.9],[-84.06225,40.90092],[-84.06072,40.90245],[-84.05817,40.90271],[-84.05528,40.90475]]}},{"type":"Feature","properties":{"OID":"1102640030356","NAME":"Auglaize Riv","BASENAME":"Auglaize","MTFCC":"H3010","ARTPATH":"N"},"geometry":{"type":"LineString","coordinates":[[-83.95015,40.68109],[-83.95323,40.68133],[-83.95357,40.68258],[-83.95504,40.68365],[-83.95633,40.68549],[-83.95588,40.68719],[-83.95651,40.6882],[-83.95597,40.68954],[-83.95618,40.69034],[-83.95754,40.69055],[-83.95981,40.69157],[-83.96355,40.69164],[-83.96513,40.6921],[-83.96527,40.69246],[-83.96613,40.69253],[-83.96865,40.69204],[-83.97256,40.69234],[-83.97482,40.69376],[-83.97662,40.69199],[-83.97842,40.69151],[-83.9793,40.6916],[-83.98051,40.69249],[-83.98217,40.69253],[-83.98388,40.69211],[-83.98906,40.6897],[-83.98939,40.68855],[-83.99011,40.68799],[-83.99384,40.68862],[-83.99495,40.68845],[-83.99907,40.6898],[-84.0013,40.69019],[-84.00274,40.68783],[-84.00428,40.68711],[-84.0041,40.68645],[-84.00449,40.68534],[-84.00993,40.68495],[-84.01496,40.6856],[-84.01588,40.68468],[-84.01896,40.6828],[-84.01914,40.68212],[-84.02021,40.68082],[-84.02106,40.67865],[-84.02432,40.67608],[-84.02562,40.67299],[-84.02868,40.66992],[-84.03055,40.66542],[-84.03046,40.6642],[-84.03082,40.66267],[-84.03245,40.66222],[-84.03445,40.66245],[-84.03632,40.66166],[-84.03683,40.66043],[-84.03757,40.66001],[-84.03782,40.65926],[-84.04089,40.65914],[-84.04319,40.66182],[-84.04313,40.6624],[-84.04351,40.663],[-84.04495,40.66405],[-84.04778,40.66381],[-84.04916,40.663],[-84.05118,40.66267],[-84.0536,40.66026],[-84.05324,40.65838],[-84.05402,40.65496],[-84.05514,40.65465],[-84.05647,40.65523],[-84.05877,40.6544],[-84.06164,40.65265],[-84.06306,40.65066],[-84.06602,40.64958],[-84.06861,40.64773],[-84.07619,40.64357]]}},{"type":"Feature","properties":{"OID":"1102640030357","NAME":"Auglaize Riv","BASENAME":"Auglaize","MTFCC":"H3010","ARTPATH":"N"},"geometry":{"type":"LineString","coordinates":[[-84.07724,40.64357],[-84.0778,40.64402],[-84.07878,40.64419],[-84.08022,40.64407],[-84.08135,40.6435]]}},{"type":"Feature","properties":{"OID":"1103690382487","MTFCC":"H3010","ARTPATH":"N"},"geometry":{"type":"LineString","coordinates":[[-84.34466,40.68809],[-84.34547,40.689],[-84.34548,40.69219],[-84.34504,40.69247],[-84.34595,40.69862],[-84.34678,40.69967],[-84.34712,40.70272],[-84.3477,40.70351],[-84.35004,40.70507],[-84.35019,40.70693],[-84.35154,40.70791],[-84.35047,40.71073],[-84.351,40.71162],[-84.35188,40.71203],[-84.35215,40.71251],[-84.35127,40.71419],[-84.35058,40.71455],[-84.3498,40.71575],[-84.34972,40.7164]]}},{"type":"Feature","properties":{"OID":"110440690843","NAME":"Twomile Crk","BASENAME":"Twomile","MTFCC":"H3010","ARTPATH":"N"},"geometry":{"type":"LineString","coordinates":[[-84.20754,40.65705],[-84.20783,40.65626],[-84.20794,40.65327],[-84.20618,40.65308],[-84.20493,40.65226],[-84.2048,40.65099],[-84.20327,40.64915],[-84.20323,40.64773],[-84.20403,40.64655],[-84.20399,40.64614]]}},{"type":"Feature","properties":{"OID":"110440690844","NAME":"Twomile Crk","BASENAME":"Twomile","MTFCC":"H3010","ARTPATH":"N"},"geometry":{"type":"LineString","coordinates":[[-84.26068,40.66146],[-84.2599,40.66122],[-84.25795,40.66188],[-84.25652,40.6615],[-84.25514,40.66206],[-84.25459,40.66278],[-84.25044,40.66291],[-84.24861,40.66179],[-84.24752,40.66163],[-84.24674,40.66034],[-84.242,40.65894],[-84.23543,40.65964],[-84.23351,40.66057],[-84.23328,40.66097],[-84.23176,40.66137],[-84.23145,40.66182],[-84.2277,40.66346],[-84.22665,40.66477],[-84.22571,40.66495],[-84.22409,40.66629],[-84.22268,40.66696]]}},{"type":"Feature","properties":{"OID":"110440690888","NAME":"Wrestle Crk","BASENAME":"Wrestle","MTFCC":"H3010","ARTPATH":"N"},"geometry":{"type":"LineString","coordinates":[[-84.03849,40.64397],[-84.03631,40.64142],[-84.0353,40.6382],[-84.03761,40.63555],[-84.03884,40.63245],[-84.03883,40.63146]]}},{"type":"Feature","properties":{"OID":"110440690889","NAME":"Wrestle Crk","BASENAME":"Wrestle","MTFCC":"H3010","ARTPATH":"N"},"geometry":{"type":"LineString","coordinates":[[-84.04924,40.64385],[-84.051,40.64305],[-84.05119,40.642],[-84.05238,40.64104],[-84.05473,40.63995],[-84.05596,40.63973],[-84.05868,40.63988],[-84.06048,40.64066],[-84.06327,40.64121],[-84.06524,40.64374]]}},{"type":"Feature","properties":{"OID":"110440690908","NAME":"Auglaize Riv","BASENAME":"Auglaize","MTFCC":"H3010","ARTPATH":"N"},"geometry":{"type":"LineString","coordinates":[[-84.08135,40.6435],[-84.08377,40.64013],[-84.08491,40.64003],[-84.08693,40.64046],[-84.09048,40.63988],[-84.09133,40.63914],[-84.09323,40.63567],[-84.09442,40.63435],[-84.09631,40.63344],[-84.09758,40.63357],[-84.09788,40.63229],[-84.09874,40.6314],[-84.10386,40.63027],[-84.10611,40.62738],[-84.10606,40.62692],[-84.10506,40.62606],[-84.10659,40.6245],[-84.10588,40.62313],[-84.10841,40.6229],[-84.10972,40.62346],[-84.11263,40.62134],[-84.11257,40.62052],[-84.11406,40.61938],[-84.11463,40.61818],[-84.11525,40.61788],[-84.11589,40.61841],[-84.11766,40.61898],[-84.11932,40.61891],[-84.12125,40.62009],[-84.12343,40.61841],[-84.12457,40.61704],[-84.12548,40.61654],[-84.12831,40.61606],[-84.12984,40.61624],[-84.13277,40.61554],[-84.13581,40.61392],[-84.13592,40.61314],[-84.13564,40.61274],[-84.135,40.61233],[-84.13365,40.61228],[-84.13346,40.61156],[-84.13432,40.61104],[-84.13599,40.6107],[-84.1363,40.61007],[-84.13403,40.60819],[-84.13668,40.60527],[-84.13693,40.6044],[-84.13776,40.60362],[-84.13803,40.6036],[-84.13846,40.60427],[-84.13968,40.60439],[-84.14027,40.60411],[-84.14093,40.60269],[-84.14222,40.60186],[-84.14713,40.60114],[-84.14743,40.60132],[-84.1471,40.60196],[-84.14732,40.60222],[-84.15119,40.60107],[-84.1517,40.60005],[-84.15303,40.59909],[-84.15317,40.59812],[-84.15404,40.59784],[-84.15384,40.59653],[-84.15458,40.59529],[-84.15697,40.5937],[-84.15642,40.59254],[-84.1567,40.59109],[-84.15997,40.59001],[-84.16441,40.59073],[-84.16616,40.59007],[-84.16771,40.58906],[-84.16848,40.588],[-84.17005,40.58718],[-84.17055,40.58487],[-84.16964,40.58365],[-84.16976,40.58312],[-84.17281,40.58154],[-84.17352,40.58157],[-84.17865,40.58012],[-84.18046,40.58],[-84.18108,40.57916],[-84.18236,40.57859],[-84.18423,40.57666],[-84.18527,40.57402],[-84.18575,40.57371],[-84.18752,40.57346],[-84.18785,40.57377],[-84.18768,40.57497],[-84.18943,40.57523],[-84.19206,40.57404],[-84.19269,40.57343],[-84.19316,40.57226],[-84.19372,40.57195],[-84.20337,40.57122],[-84.20805,40.56914],[-84.20896,40.56915],[-84.20994,40.57003],[-84.21108,40.57051],[-84.21511,40.57035],[-84.21637,40.56978],[-84.21718,40.56875],[-84.21729,40.56781],[-84.21605,40.56567],[-84.21696,40.56503],[-84.21804,40.56483],[-84.22016,40.56556],[-84.22269,40.56587],[-84.22285,40.56614],[-84.22242,40.56716],[-84.22268,40.56748],[-84.22579,40.56791],[-84.22714,40.56882],[-84.22858,40.56888],[-84.23141,40.57101],[-84.23159,40.57199],[-84.23116,40.57296],[-84.23023,40.57342],[-84.22892,40.57353],[-84.22762,40.57423],[-84.22828,40.57691],[-84.2293,40.57694],[-84.23026,40.57853],[-84.22963,40.58055],[-84.22724,40.58171],[-84.22703,40.58257],[-84.22765,40.58458],[-84.22835,40.58484],[-84.23218,40.58337],[-84.23359,40.58412],[-84.23414,40.58286]]}},{"type":"Feature","properties":{"OID":"110440690909","NAME":"Auglaize Riv","BASENAME":"Auglaize","MTFCC":"H3010","ARTPATH":"N"},"geometry":{"type":"LineString","coordinates":[[-84.07724,40.64357],[-84.07619,40.64357]]}},{"type":"Feature","properties":{"OID":"110440695723","MTFCC":"H3010","ARTPATH":"N"},"geometry":{"type":"LineString","coordinates":[[-84.29387,40.68357],[-84.29288,40.68574]]}},{"type":"Feature","properties":{"OID":"110440695726","MTFCC":"H3010","ARTPATH":"N"},"geometry":{"type":"LineString","coordinates":[[-84.30491,40.68503],[-84.30566,40.68568]]}},{"type":"Feature","properties":{"OID":"110440695729","MTFCC":"H3010","ARTPATH":"N"},"geometry":{"type":"LineString","coordinates":[[-84.31318,40.67995],[-84.3131,40.68076],[-84.31202,40.68163],[-84.31201,40.68324],[-84.31268,40.68385],[-84.31262,40.68459],[-84.31199,40.685],[-84.31206,40.68568]]}},{"type":"Feature","properties":{"OID":"110440695730","MTFCC":"H3010","ARTPATH":"N"},"geometry":{"type":"LineString","coordinates":[[-84.35333,40.68346],[-84.35273,40.68509]]}},{"type":"Feature","properties":{"OID":"110440695882","MTFCC":"H3010","ARTPATH":"N"},"geometry":{"type":"LineString","coordinates":[[-84.18536,40.65712],[-84.18435,40.65699]]}},{"type":"Feature","properties":{"OID":"110440695901","MTFCC":"H3010","ARTPATH":"N"},"geometry":{"type":"LineString","coordinates":[[-84.14388,40.65739],[-84.1435,40.65587]]}},{"type":"Feature","properties":{"OID":"110449516145","NAME":"Mud Run","BASENAME":"Mud","MTFCC":"H3010","ARTPATH":"N"},"geometry":{"type":"LineString","coordinates":[[-83.8668,40.75182],[-83.86896,40.75232],[-83.87091,40.75364],[-83.8737,40.75455],[-83.87459,40.75613],[-83.87609,40.75739],[-83.87992,40.75738]]}},{"type":"Feature","properties":{"OID":"110449517522","NAME":"Little Hog Crk","BASENAME":"Little Hog","MTFCC":"H3010","ARTPATH":"N"},"geometry":{"type":"LineString","coordinates":[[-83.87496,40.76878],[-83.87732,40.76996],[-83.87991,40.76994]]}},{"type":"Feature","properties":{"OID":"110454426132","NAME":"Big Run","BASENAME":"Big","MTFCC":"H3010","ARTPATH":"N"},"geometry":{"type":"LineString","coordinates":[[-84.26837,40.8597],[-84.26839,40.867],[-84.26711,40.86989],[-84.26522,40.8707],[-84.26447,40.87259],[-84.26399,40.87294],[-84.26479,40.87394],[-84.26474,40.87506],[-84.26653,40.87665],[-84.26648,40.8776],[-84.26753,40.88034],[-84.26733,40.88143],[-84.26918,40.88228],[-84.26963,40.88342],[-84.2723,40.88497],[-84.2732,40.88501],[-84.27342,40.88567],[-84.27442,40.88644],[-84.27742,40.88715],[-84.27823,40.88845],[-84.2794,40.88856],[-84.27917,40.88912],[-84.28072,40.89084],[-84.28049,40.89156],[-84.28119,40.89214],[-84.2808,40.89388],[-84.28119,40.89505],[-84.2806,40.89617],[-84.28031,40.89812],[-84.27946,40.90051],[-84.28006,40.90106],[-84.27916,40.9026],[-84.2787,40.90267],[-84.27825,40.9032],[-84.27733,40.90638],[-84.27788,40.90733],[-84.27945,40.90766]]}},{"type":"Feature","properties":{"OID":"110454426419","NAME":"Flat Frk","BASENAME":"Flat","MTFCC":"H3010","ARTPATH":"N"},"geometry":{"type":"LineString","coordinates":[[-84.33063,40.85927],[-84.32996,40.8601],[-84.32914,40.8629],[-84.33008,40.8641],[-84.33021,40.86504],[-84.3319,40.86654],[-84.33139,40.86728],[-84.33145,40.86916],[-84.33069,40.86985],[-84.33112,40.87108],[-84.33124,40.87343],[-84.33013,40.87495],[-84.32943,40.87665],[-84.3287,40.87714]]}},{"type":"Feature","properties":{"OID":"110454426528","NAME":"Plum Crk","BASENAME":"Plum","MTFCC":"H3010","ARTPATH":"N"},"geometry":{"type":"LineString","coordinates":[[-84.08246,40.9048],[-84.08107,40.90598],[-84.07784,40.90722],[-84.07732,40.90802],[-84.07619,40.90734],[-84.07551,40.90864],[-84.07428,40.909],[-84.07428,40.90938],[-84.07366,40.91],[-84.07246,40.90995],[-84.07155,40.9105],[-84.06857,40.91137],[-84.06747,40.91238],[-84.06614,40.91246],[-84.0657,40.9133],[-84.06488,40.91307],[-84.06398,40.91374],[-84.0638,40.91493],[-84.06432,40.91493],[-84.06368,40.91548],[-84.06327,40.9168],[-84.06168,40.91844],[-84.06089,40.91998],[-84.06028,40.9201],[-84.05948,40.92118],[-84.0602,40.92161],[-84.06061,40.92261],[-84.06143,40.92296],[-84.06184,40.92368],[-84.06436,40.92544],[-84.06454,40.92623],[-84.06553,40.92661],[-84.06532,40.92809],[-84.06562,40.92833],[-84.06676,40.92793],[-84.06749,40.92861],[-84.06837,40.92831],[-84.06922,40.92876],[-84.06965,40.92838],[-84.07001,40.92893],[-84.0706,40.92911],[-84.07242,40.9288],[-84.07639,40.92898],[-84.07706,40.92983],[-84.07809,40.92936],[-84.07871,40.92955],[-84.07957,40.93064],[-84.08048,40.93015],[-84.08137,40.93036],[-84.08245,40.93163],[-84.0841,40.93227],[-84.08441,40.93289],[-84.08425,40.93339],[-84.08579,40.93498],[-84.08644,40.93523],[-84.08693,40.93614],[-84.08753,40.93628],[-84.08712,40.93692],[-84.08761,40.93769],[-84.08806,40.93776],[-84.08795,40.93835],[-84.08857,40.93954],[-84.0883,40.94045],[-84.08905,40.9409],[-84.09006,40.94098],[-84.08955,40.94217],[-84.09044,40.94239],[-84.09138,40.94338],[-84.0917,40.94489],[-84.09317,40.94485],[-84.09436,40.94561],[-84.09479,40.94659],[-84.09656,40.94743],[-84.09667,40.94796],[-84.09791,40.94771],[-84.09837,40.94856],[-84.09994,40.94936],[-84.10075,40.94939],[-84.10148,40.95029],[-84.10209,40.9502],[-84.10292,40.95066],[-84.1034,40.95138],[-84.10448,40.95153],[-84.10471,40.95192],[-84.1056,40.95139],[-84.10694,40.95174],[-84.10713,40.95258],[-84.1079,40.9531],[-84.10773,40.95402],[-84.108,40.95467],[-84.10748,40.95538],[-84.10543,40.95606],[-84.1057,40.95729],[-84.10547,40.95795],[-84.10379,40.9592],[-84.10364,40.96019],[-84.1019,40.96185],[-84.10218,40.96321],[-84.10275,40.96354],[-84.10292,40.96485],[-84.10432,40.96489],[-84.10561,40.9661],[-84.11024,40.9672],[-84.11156,40.96837],[-84.11374,40.96813],[-84.11576,40.96928],[-84.11788,40.96992],[-84.11936,40.96986],[-84.12056,40.96845],[-84.12104,40.96839],[-84.12241,40.96947],[-84.12522,40.96987],[-84.12714,40.97124],[-84.12947,40.97157],[-84.13001,40.97219],[-84.13071,40.97242],[-84.13335,40.97257],[-84.13417,40.97319],[-84.13699,40.97285],[-84.13872,40.97415],[-84.13983,40.97455],[-84.13993,40.97564],[-84.14155,40.9764],[-84.1413,40.97703],[-84.14177,40.97766],[-84.14218,40.97763],[-84.14306,40.97675],[-84.14419,40.97733],[-84.14597,40.97758],[-84.14615,40.97844],[-84.147,40.97898],[-84.14641,40.97945],[-84.14651,40.97972],[-84.14831,40.98014],[-84.15002,40.97976],[-84.15059,40.98038],[-84.15048,40.98151],[-84.15241,40.98146],[-84.15274,40.98332],[-84.15392,40.98373],[-84.15515,40.98321],[-84.1559,40.98432],[-84.15679,40.9847],[-84.15711,40.98532],[-84.15792,40.98538],[-84.15805,40.98653],[-84.1606,40.98716],[-84.16289,40.98672],[-84.16526,40.98718],[-84.16715,40.98588],[-84.16707,40.98526],[-84.16831,40.98503],[-84.16836,40.98439],[-84.16881,40.98423],[-84.16965,40.98484],[-84.1707,40.9846],[-84.17163,40.98544],[-84.17399,40.98609],[-84.17532,40.98511],[-84.17589,40.98505],[-84.17745,40.98539],[-84.17867,40.9866],[-84.17942,40.98632],[-84.18017,40.98656],[-84.18124,40.98635],[-84.18172,40.98759],[-84.18282,40.98788],[-84.18361,40.98737],[-84.1843,40.98843],[-84.18526,40.988],[-84.18652,40.98792],[-84.18789,40.98872],[-84.18782,40.98944],[-84.18827,40.9896],[-84.18891,40.98937],[-84.18946,40.98824],[-84.1909,40.98813],[-84.19206,40.98731],[-84.19301,40.9876],[-84.19502,40.98746],[-84.19896,40.98638],[-84.19967,40.9867],[-84.20107,40.98651],[-84.2023,40.9872],[-84.2035,40.98702],[-84.20412,40.98793],[-84.20318,40.98913],[-84.20383,40.98939],[-84.20487,40.98897],[-84.20618,40.989],[-84.20745,40.98754],[-84.20928,40.98664],[-84.21254,40.98688]]}},{"type":"Feature","properties":{"OID":"110454426617","NAME":"Dutch Run","BASENAME":"Dutch","MTFCC":"H3010","ARTPATH":"N"},"geometry":{"type":"LineString","coordinates":[[-83.88839,40.92418],[-83.88948,40.92461],[-83.89393,40.92532],[-83.89497,40.92583],[-83.89641,40.92585],[-83.89965,40.92657],[-83.90228,40.92623],[-83.90635,40.92318],[-83.90774,40.92101],[-83.909,40.92031]]}},{"type":"Feature","properties":{"OID":"110454426618","NAME":"Dutch Run","BASENAME":"Dutch","MTFCC":"H3010","ARTPATH":"N"},"geometry":{"type":"LineString","coordinates":[[-83.94981,40.9202],[-83.94645,40.92432],[-83.94611,40.92565],[-83.94639,40.92692],[-83.94539,40.92963],[-83.94594,40.93085],[-83.94684,40.93158],[-83.94798,40.93373],[-83.94816,40.93515],[-83.94969,40.93732],[-83.94996,40.94032],[-83.94893,40.94225],[-83.94882,40.94533],[-83.94677,40.94618],[-83.94577,40.94732],[-83.94529,40.94854],[-83.94557,40.9491],[-83.94623,40.9494],[-83.94626,40.95029],[-83.94401,40.95119],[-83.94282,40.9512],[-83.94085,40.9506],[-83.93937,40.95085],[-83.93862,40.95141],[-83.93811,40.95268],[-83.93823,40.962],[-83.93705,40.96301],[-83.93647,40.96491],[-83.93557,40.96554],[-83.93499,40.96671],[-83.93409,40.96758],[-83.9303,40.96847],[-83.92944,40.96819],[-83.92781,40.96953],[-83.92632,40.97142],[-83.92747,40.97246],[-83.9275,40.97303],[-83.92713,40.97337],[-83.92661,40.97333],[-83.9263,40.97417],[-83.92468,40.97484],[-83.92419,40.97572],[-83.92263,40.97633],[-83.92193,40.97739],[-83.92198,40.97836],[-83.92038,40.97878],[-83.91916,40.98102],[-83.91791,40.98143],[-83.91738,40.98286],[-83.91634,40.98279],[-83.9159,40.98406],[-83.9138,40.98509],[-83.91377,40.98568],[-83.91227,40.98741],[-83.91128,40.98955],[-83.91517,40.99226],[-83.91585,40.99421],[-83.91733,40.99439],[-83.9189,40.99633],[-83.9211,40.99722],[-83.92165,40.99837],[-83.92273,40.99902],[-83.92426,41.00113],[-83.92507,41.00128],[-83.92598,41.00323],[-83.92592,41.00411],[-83.92755,41.00577],[-83.92835,41.0071],[-83.93016,41.00867],[-83.93101,41.01017],[-83.93362,41.01046],[-83.93481,41.00989],[-83.93557,41.01012],[-83.93657,41.00975],[-83.93739,41.00997],[-83.94094,41.00882],[-83.94238,41.00875],[-83.94674,41.00955],[-83.94789,41.00949],[-83.94833,41.01007],[-83.94973,41.01057],[-83.95315,41.01084],[-83.9536,41.01178],[-83.9556,41.01218]]}},{"type":"Feature","properties":{"OID":"110454426619","NAME":"Dutch Run","BASENAME":"Dutch","MTFCC":"H3010","ARTPATH":"N"},"geometry":{"type":"LineString","coordinates":[[-83.93178,40.9203],[-83.93323,40.92248],[-83.93438,40.92326],[-83.93552,40.92344],[-83.93709,40.92267],[-83.93964,40.92026]]}},{"type":"Feature","properties":{"OID":"110454426620","NAME":"Dutch Run","BASENAME":"Dutch","MTFCC":"H3010","ARTPATH":"N"},"geometry":{"type":"LineString","coordinates":[[-83.91531,40.9203],[-83.91765,40.92172],[-83.91863,40.92179],[-83.92009,40.92161],[-83.92141,40.92071],[-83.92153,40.92029]]}},{"type":"Feature","properties":{"OID":"110454427047","NAME":"Cranberry Crk","BASENAME":"Cranberry","MTFCC":"H3010","ARTPATH":"N"},"geometry":{"type":"LineString","coordinates":[[-84.04465,40.90483],[-84.04446,40.90547],[-84.04348,40.90578],[-84.04341,40.90752],[-84.0404,40.91058],[-84.03933,40.91255],[-84.04046,40.91399],[-84.04115,40.91426],[-84.04148,40.91498],[-84.04236,40.91526],[-84.0419,40.91743],[-84.04206,40.91797],[-84.04024,40.91911],[-84.03526,40.92],[-84.03513,40.92045],[-84.03559,40.92068],[-84.03522,40.92159],[-84.03358,40.92151],[-84.03269,40.92294],[-84.03091,40.9239],[-84.03044,40.9247],[-84.02916,40.92549],[-84.02901,40.92663],[-84.02817,40.92688],[-84.02701,40.92655],[-84.02444,40.92834],[-84.02316,40.92842],[-84.02224,40.92927],[-84.02042,40.92942],[-84.0202,40.93005],[-84.02054,40.93139],[-84.02029,40.93353],[-84.02115,40.93418],[-84.02276,40.93716],[-84.02347,40.93738],[-84.0247,40.93886],[-84.02537,40.93901],[-84.02546,40.93947],[-84.02608,40.93957],[-84.02647,40.94007],[-84.02698,40.94178],[-84.02757,40.94206],[-84.0282,40.94297],[-84.02799,40.94361],[-84.02859,40.94468],[-84.03076,40.94473],[-84.03226,40.94527],[-84.03166,40.94595],[-84.03156,40.94711],[-84.03258,40.94762],[-84.03264,40.94989],[-84.0331,40.95011],[-84.03382,40.95169],[-84.0348,40.95221],[-84.03581,40.95224],[-84.03564,40.95364],[-84.03623,40.95434],[-84.03685,40.95448],[-84.036,40.95542],[-84.03617,40.95619],[-84.03675,40.95624],[-84.03707,40.95679],[-84.03694,40.9586],[-84.04301,40.96205],[-84.04379,40.96362],[-84.04513,40.96418],[-84.04503,40.96504],[-84.04565,40.96536],[-84.04651,40.9653],[-84.04795,40.96471],[-84.05081,40.9646],[-84.05156,40.96431],[-84.05402,40.9653],[-84.05502,40.96678],[-84.05644,40.9673],[-84.05661,40.96869],[-84.0561,40.9697],[-84.05617,40.97053],[-84.05705,40.97062],[-84.05776,40.9714],[-84.05753,40.97193],[-84.05794,40.97233],[-84.0609,40.97198],[-84.06147,40.97136],[-84.06548,40.97091],[-84.06621,40.9711],[-84.06636,40.97161],[-84.06829,40.9724],[-84.07363,40.97177],[-84.0749,40.97275],[-84.07615,40.97279],[-84.0767,40.97353],[-84.07728,40.97358],[-84.07734,40.97501],[-84.07839,40.9757],[-84.07969,40.97541],[-84.08003,40.97561],[-84.08046,40.97662],[-84.0799,40.97768],[-84.07786,40.97848],[-84.07757,40.97968],[-84.07779,40.98077],[-84.07663,40.98187],[-84.07361,40.98213],[-84.07196,40.98354],[-84.07192,40.98406],[-84.07112,40.98472],[-84.06989,40.98561],[-84.06922,40.9856],[-84.06875,40.98595],[-84.06923,40.98686],[-84.06897,40.98735],[-84.06839,40.98756],[-84.0682,40.98834],[-84.06914,40.98974],[-84.07021,40.98966],[-84.07043,40.99019],[-84.07153,40.99054],[-84.07213,40.99127],[-84.07363,40.99062],[-84.07396,40.99208],[-84.07285,40.99356],[-84.07139,40.99337],[-84.06712,40.99456],[-84.06697,40.99537],[-84.06776,40.99671],[-84.06518,40.99781],[-84.06472,40.99921],[-84.0651,41.00035],[-84.06491,41.00068],[-84.06406,41.00068],[-84.06394,41.00094],[-84.06442,41.00171],[-84.0653,41.00229],[-84.06551,41.00298],[-84.06406,41.00301],[-84.06387,41.00524],[-84.0633,41.00602],[-84.06354,41.00626],[-84.06548,41.00635],[-84.06581,41.00681],[-84.06551,41.00723],[-84.06601,41.00763],[-84.0657,41.00812],[-84.06632,41.00851],[-84.0681,41.00821],[-84.06935,41.00909],[-84.07091,41.00898],[-84.0713,41.00982],[-84.07204,41.00987],[-84.07326,41.01081],[-84.07306,41.01232],[-84.07204,41.01254],[-84.07182,41.01287],[-84.0731,41.01437],[-84.0727,41.01495],[-84.07299,41.01661],[-84.07389,41.01738],[-84.07502,41.0176],[-84.07541,41.01974],[-84.07654,41.01982],[-84.07683,41.0215],[-84.0777,41.02188],[-84.07703,41.02312],[-84.07722,41.02388],[-84.08015,41.0249],[-84.08053,41.02614],[-84.07972,41.02683],[-84.08063,41.02777],[-84.08061,41.02905],[-84.08155,41.03008],[-84.08128,41.03091],[-84.08247,41.0319],[-84.08415,41.03206],[-84.08493,41.03346],[-84.08615,41.03378],[-84.08639,41.03527],[-84.08545,41.03682],[-84.08555,41.03722],[-84.08834,41.0378],[-84.08882,41.03834],[-84.08973,41.03801],[-84.09049,41.03924],[-84.09046,41.03987],[-84.09316,41.04048],[-84.09345,41.04241],[-84.09436,41.043],[-84.09455,41.04355],[-84.09754,41.04359],[-84.09829,41.04419],[-84.09958,41.04399],[-84.10055,41.04499],[-84.10283,41.04622],[-84.10315,41.04673],[-84.10459,41.04725],[-84.10597,41.04865]]}},{"type":"Feature","properties":{"OID":"110454427128","NAME":"Leatherwood Ditch","BASENAME":"Leatherwood","MTFCC":"H3020","ARTPATH":"N"},"geometry":{"type":"LineString","coordinates":[[-84.2439,40.85978],[-84.24395,40.86155],[-84.24488,40.86289],[-84.24047,40.8691],[-84.23762,40.87436]]}},{"type":"Feature","properties":{"OID":"110454427129","NAME":"Rattlesnake Crk","BASENAME":"Rattlesnake","MTFCC":"H3010","ARTPATH":"N"},"geometry":{"type":"LineString","coordinates":[[-84.13269,40.86613],[-84.13003,40.86509],[-84.12734,40.86451],[-84.12183,40.8652],[-84.12101,40.8639],[-84.1191,40.86394],[-84.11853,40.86335],[-84.11768,40.86306],[-84.11766,40.86258],[-84.11689,40.86177],[-84.11576,40.86146],[-84.11521,40.86072]]}},{"type":"Feature","properties":{"OID":"110454427206","MTFCC":"H3010","ARTPATH":"N"},"geometry":{"type":"LineString","coordinates":[[-84.10964,40.86515],[-84.1138,40.86616],[-84.11481,40.86689],[-84.11485,40.86803],[-84.11792,40.87447],[-84.11766,40.87649],[-84.11451,40.87775],[-84.11459,40.88164],[-84.1128,40.88213],[-84.11141,40.88693],[-84.10988,40.88692]]}},{"type":"Feature","properties":{"OID":"110454427211","MTFCC":"H3010","ARTPATH":"N"},"geometry":{"type":"LineString","coordinates":[[-84.01058,40.90497],[-84.01102,40.90588],[-84.01431,40.90651],[-84.01443,40.9069],[-84.01541,40.90713]]}},{"type":"Feature","properties":{"OID":"110454427345","MTFCC":"H3010","ARTPATH":"N"},"geometry":{"type":"LineString","coordinates":[[-83.99327,40.91985],[-83.99482,40.92082],[-83.99998,40.92033]]}},{"type":"Feature","properties":{"OID":"110454427384","MTFCC":"H3010","ARTPATH":"N"},"geometry":{"type":"LineString","coordinates":[[-83.99518,40.90667],[-83.99805,40.90835],[-83.99792,40.90929],[-83.99723,40.91023],[-83.99731,40.91131],[-83.9961,40.9128],[-83.99535,40.91297],[-83.99521,40.91401]]}},{"type":"Feature","properties":{"OID":"110454427419","MTFCC":"H3010","ARTPATH":"N"},"geometry":{"type":"LineString","coordinates":[[-84.22481,40.86286],[-84.22479,40.85931]]}},{"type":"Feature","properties":{"OID":"110454427420","MTFCC":"H3010","ARTPATH":"N"},"geometry":{"type":"LineString","coordinates":[[-84.24393,40.86417],[-84.24221,40.86192],[-84.23927,40.86048],[-84.23913,40.85984]]}},{"type":"Feature","properties":{"OID":"110454427578","MTFCC":"H3020","ARTPATH":"N"},"geometry":{"type":"LineString","coordinates":[[-84.25329,40.85975],[-84.25565,40.85981],[-84.25599,40.86338],[-84.25558,40.86589],[-84.25568,40.87437],[-84.2551,40.87597],[-84.25331,40.87597],[-84.25325,40.88609]]}},{"type":"Feature","properties":{"OID":"110455197161","NAME":"Jennings Crk","BASENAME":"Jennings","MTFCC":"H3010","ARTPATH":"N"},"geometry":{"type":"LineString","coordinates":[[-84.35079,40.8161],[-84.35109,40.81678],[-84.35191,40.81714],[-84.35076,40.81793],[-84.35145,40.82011],[-84.35086,40.82094],[-84.3509,40.82223],[-84.35278,40.82314],[-84.35231,40.82445],[-84.35411,40.82581],[-84.35446,40.82975],[-84.35349,40.8343],[-84.35041,40.83556],[-84.34914,40.83718],[-84.34787,40.83768],[-84.34742,40.83826],[-84.34849,40.84018],[-84.35034,40.8402],[-84.35172,40.84199],[-84.35269,40.84263],[-84.35277,40.8441],[-84.35244,40.84504],[-84.35161,40.84556],[-84.35145,40.84648],[-84.35024,40.8475],[-84.34994,40.84841],[-84.35008,40.84908],[-84.34948,40.84982]]}},{"type":"Feature","properties":{"OID":"110455198321","MTFCC":"H3010","ARTPATH":"N"},"geometry":{"type":"LineString","coordinates":[[-84.40771,40.73219],[-84.40769,40.73499],[-84.40993,40.73715],[-84.40957,40.73788],[-84.41002,40.73923],[-84.40862,40.74006],[-84.40848,40.74048],[-84.4098,40.74154],[-84.41081,40.74313],[-84.41164,40.74318],[-84.41401,40.74442],[-84.4143,40.74517],[-84.41411,40.74624],[-84.41309,40.7469],[-84.41164,40.74704],[-84.40958,40.7487],[-84.40856,40.74809],[-84.40697,40.74798],[-84.40548,40.74924],[-84.40528,40.75031],[-84.40235,40.75074],[-84.40113,40.75116],[-84.40024,40.75193],[-84.39706,40.75271]]}},{"type":"Feature","properties":{"OID":"110455198448","MTFCC":"H3010","ARTPATH":"N"},"geometry":{"type":"LineString","coordinates":[[-84.35063,40.8161],[-84.35102,40.81665]]}},{"type":"Feature","properties":{"OID":"110455198472","MTFCC":"H3010","ARTPATH":"N"},"geometry":{"type":"LineString","coordinates":[[-84.36003,40.81608],[-84.36002,40.81841],[-84.35925,40.81874],[-84.35875,40.81961],[-84.35878,40.82126],[-84.35805,40.82235],[-84.35984,40.82403],[-84.36033,40.825],[-84.35994,40.82915],[-84.35873,40.82927],[-84.35799,40.82975],[-84.35446,40.82975]]}},{"type":"Feature","properties":{"OID":"110455198478","MTFCC":"H3020","ARTPATH":"N"},"geometry":{"type":"LineString","coordinates":[[-84.4549,40.75709],[-84.44961,40.75674],[-84.44287,40.75724],[-84.44191,40.75827],[-84.44252,40.7609],[-84.44183,40.76236],[-84.43697,40.76299],[-84.4315,40.76274],[-84.42771,40.7611],[-84.4264,40.76124],[-84.42562,40.7622],[-84.42441,40.76295],[-84.42185,40.76303],[-84.42071,40.76408],[-84.41346,40.76362],[-84.4121,40.76601],[-84.41054,40.76695],[-84.41014,40.76855],[-84.40913,40.76888],[-84.40569,40.76845],[-84.40433,40.76893],[-84.40215,40.76772],[-84.39711,40.76711]]}},{"type":"Feature","properties":{"OID":"110455198514","MTFCC":"H3020","ARTPATH":"N"},"geometry":{"type":"LineString","coordinates":[[-84.34022,40.81615],[-84.34025,40.82875]]}},{"type":"Feature","properties":{"OID":"110457124684","NAME":"Big Run","BASENAME":"Big","MTFCC":"H3010","ARTPATH":"N"},"geometry":{"type":"LineString","coordinates":[[-84.27001,40.84146],[-84.27013,40.84395],[-84.26873,40.84834],[-84.27003,40.85026],[-84.27005,40.85539],[-84.2692,40.85598],[-84.27008,40.85709],[-84.27009,40.85756],[-84.26851,40.85918],[-84.26837,40.8597]]}},{"type":"Feature","properties":{"OID":"110457124705","NAME":"Dug Run","BASENAME":"Dug","MTFCC":"H3010","ARTPATH":"N"},"geometry":{"type":"LineString","coordinates":[[-84.15035,40.74485],[-84.15325,40.74498],[-84.15752,40.74211],[-84.15809,40.74262],[-84.16008,40.74272],[-84.16258,40.74354],[-84.16325,40.74583],[-84.16466,40.74617],[-84.16477,40.74697],[-84.16586,40.74747],[-84.16654,40.74856],[-84.1662,40.75138],[-84.16548,40.75306],[-84.1654,40.75414],[-84.16577,40.7547],[-84.16846,40.75608],[-84.16925,40.75812],[-84.16914,40.75878],[-84.16781,40.76049],[-84.16845,40.76086],[-84.16856,40.76142],[-84.16801,40.76404],[-84.16821,40.76493],[-84.16666,40.76995],[-84.16687,40.77147],[-84.17001,40.77301],[-84.17001,40.77456],[-84.16932,40.7755],[-84.16875,40.77539],[-84.16738,40.77635],[-84.16766,40.77696],[-84.16744,40.77783],[-84.16833,40.77829],[-84.16904,40.77822],[-84.17084,40.77698],[-84.17238,40.77686],[-84.17377,40.77628],[-84.17701,40.77791],[-84.17884,40.78002],[-84.17929,40.783],[-84.17968,40.78382],[-84.18108,40.78507],[-84.18129,40.78585],[-84.18106,40.78638],[-84.18171,40.78809],[-84.18488,40.79019],[-84.18482,40.79115],[-84.18527,40.79182],[-84.18679,40.79234],[-84.18667,40.79293],[-84.18776,40.79382],[-84.18728,40.79451],[-84.18841,40.79494],[-84.18897,40.79625],[-84.1906,40.79675],[-84.19145,40.79765],[-84.19182,40.79876],[-84.19297,40.79933],[-84.19285,40.80045],[-84.19345,40.80062],[-84.19377,40.80162],[-84.19483,40.80233],[-84.19368,40.80445],[-84.19378,40.80486],[-84.19454,40.80513],[-84.19499,40.8059],[-84.19584,40.80608],[-84.19625,40.80674],[-84.19712,40.80722],[-84.19757,40.80815],[-84.19855,40.80859],[-84.19908,40.80931],[-84.19885,40.80986],[-84.19909,40.81019],[-84.20085,40.81054],[-84.20128,40.81],[-84.20189,40.80997],[-84.20335,40.8107],[-84.20584,40.81086],[-84.20709,40.81136]]}},{"type":"Feature","properties":{"OID":"110457124738","NAME":"Hog Crk","BASENAME":"Hog","MTFCC":"H3010","ARTPATH":"N"},"geometry":{"type":"LineString","coordinates":[[-83.95497,40.77082],[-83.95343,40.77047]]}},{"type":"Feature","properties":{"OID":"110457124744","NAME":"Mud Run","BASENAME":"Mud","MTFCC":"H3010","ARTPATH":"N"},"geometry":{"type":"LineString","coordinates":[[-83.88336,40.76995],[-83.88373,40.76962],[-83.88307,40.76795],[-83.88346,40.7669],[-83.88337,40.76604],[-83.88392,40.76541],[-83.88414,40.76453],[-83.88471,40.76429],[-83.88506,40.76366],[-83.88527,40.76236],[-83.88469,40.76186],[-83.88308,40.76154],[-83.8823,40.76048],[-83.88289,40.75901],[-83.87992,40.75738]]}},{"type":"Feature","properties":{"OID":"110457124825","NAME":"Camp Crk","BASENAME":"Camp","MTFCC":"H3010","ARTPATH":"N"},"geometry":{"type":"LineString","coordinates":[[-84.02871,40.71036],[-84.02947,40.71114],[-84.03287,40.71097],[-84.03662,40.71227],[-84.03822,40.71178],[-84.04224,40.70914],[-84.0445,40.70914],[-84.04753,40.70719],[-84.04882,40.70697],[-84.04936,40.70629],[-84.05047,40.70382],[-84.05066,40.69823],[-84.05288,40.69567],[-84.05241,40.6892],[-84.05165,40.68645],[-84.05177,40.68435],[-84.05477,40.6819],[-84.05812,40.67812],[-84.05974,40.67703],[-84.06625,40.66943],[-84.06867,40.66718],[-84.06858,40.66462],[-84.06744,40.66383],[-84.06717,40.66146],[-84.06839,40.65981],[-84.06968,40.65919],[-84.07006,40.65844],[-84.06996,40.6565],[-84.06864,40.65377],[-84.06923,40.65126],[-84.06904,40.64915],[-84.06964,40.64715]]}},{"type":"Feature","properties":{"OID":"110457124892","NAME":"Flat Frk","BASENAME":"Flat","MTFCC":"H3010","ARTPATH":"N"},"geometry":{"type":"LineString","coordinates":[[-84.3235,40.77168],[-84.32436,40.7727],[-84.32412,40.77439],[-84.32377,40.77491],[-84.32212,40.77577],[-84.32161,40.77649],[-84.32385,40.77782],[-84.32443,40.77974],[-84.32439,40.78127],[-84.32229,40.7826],[-84.31845,40.78217],[-84.31676,40.78301],[-84.31744,40.78568],[-84.31843,40.78684],[-84.31768,40.78814],[-84.31618,40.78914],[-84.31601,40.79045],[-84.3142,40.79092],[-84.31416,40.79231],[-84.31482,40.79297],[-84.31475,40.79373],[-84.31513,40.79442],[-84.31678,40.79527],[-84.31741,40.7964],[-84.31832,40.79708],[-84.31835,40.79759],[-84.31901,40.79835],[-84.31908,40.79988],[-84.31966,40.80118],[-84.32202,40.80235],[-84.32242,40.80541],[-84.32343,40.80648],[-84.3235,40.8078],[-84.3259,40.80846],[-84.32721,40.81058],[-84.32851,40.8115],[-84.32856,40.81217],[-84.32802,40.81345],[-84.32823,40.81474],[-84.32975,40.81506],[-84.32998,40.8157],[-84.32943,40.81702],[-84.33073,40.81865],[-84.33189,40.81931],[-84.33159,40.82],[-84.33085,40.82053],[-84.33008,40.82257],[-84.33064,40.82331],[-84.33077,40.82461],[-84.33049,40.82522],[-84.33111,40.8258],[-84.32964,40.82752],[-84.3297,40.82883],[-84.32847,40.83085],[-84.32865,40.83194],[-84.32913,40.83276],[-84.32919,40.83373],[-84.33115,40.8348],[-84.33247,40.83478],[-84.33303,40.83431],[-84.33378,40.83468],[-84.33405,40.83445],[-84.33458,40.83507],[-84.33546,40.83511],[-84.33818,40.83631],[-84.33828,40.84058],[-84.33682,40.84144]]}},{"type":"Feature","properties":{"OID":"110457124893","NAME":"Flat Frk","BASENAME":"Flat","MTFCC":"H3010","ARTPATH":"N"},"geometry":{"type":"LineString","coordinates":[[-84.33351,40.84464],[-84.33323,40.84634],[-84.33229,40.8485],[-84.33145,40.85189],[-84.32973,40.85385],[-84.32976,40.85637],[-84.33085,40.85769],[-84.33063,40.85927]]}},{"type":"Feature","properties":{"OID":"110457125036","NAME":"Lost Crk","BASENAME":"Lost","MTFCC":"H3010","ARTPATH":"N"},"geometry":{"type":"LineString","coordinates":[[-83.99414,40.73201],[-83.99514,40.73308],[-83.99706,40.73388],[-83.99686,40.73672],[-83.99776,40.7373],[-83.99404,40.73733]]}},{"type":"Feature","properties":{"OID":"110457125037","NAME":"Lost Crk","BASENAME":"Lost","MTFCC":"H3010","ARTPATH":"N"},"geometry":{"type":"LineString","coordinates":[[-84.07629,40.73068],[-84.0712,40.73614],[-84.06957,40.73618],[-84.06732,40.73489],[-84.06668,40.73501],[-84.06616,40.7356]]}},{"type":"Feature","properties":{"OID":"110457125038","NAME":"Lost Crk","BASENAME":"Lost","MTFCC":"H3010","ARTPATH":"N"},"geometry":{"type":"LineString","coordinates":[[-83.99418,40.7411],[-83.99439,40.74344],[-83.99913,40.74385],[-84.00132,40.74466],[-84.00396,40.74495],[-84.00933,40.74461],[-84.01234,40.74385],[-84.01624,40.74395],[-84.01745,40.74457],[-84.01819,40.74438],[-84.01896,40.74548],[-84.02244,40.74685],[-84.02384,40.74635],[-84.02634,40.74765],[-84.02881,40.74454],[-84.02885,40.74315],[-84.03053,40.7422],[-84.03305,40.74184],[-84.03343,40.73984],[-84.03748,40.7361],[-84.04036,40.73251],[-84.04105,40.73199],[-84.04234,40.73195]]}},{"type":"Feature","properties":{"OID":"110457125039","NAME":"Lost Crk","BASENAME":"Lost","MTFCC":"H3010","ARTPATH":"N"},"geometry":{"type":"LineString","coordinates":[[-84.04234,40.73195],[-84.04177,40.73182],[-84.04173,40.73125],[-84.04043,40.73109],[-84.0409,40.72646],[-84.03823,40.72675],[-84.03449,40.72895],[-84.03374,40.72773],[-84.03114,40.72565],[-84.02944,40.72505],[-84.02891,40.72176],[-84.02925,40.721]]}},{"type":"Feature","properties":{"OID":"110457125040","NAME":"Lost Crk","BASENAME":"Lost","MTFCC":"H3010","ARTPATH":"N"},"geometry":{"type":"LineString","coordinates":[[-84.06616,40.7356],[-84.06552,40.73433],[-84.06168,40.73297],[-84.06079,40.73328],[-84.06014,40.73408],[-84.05792,40.73501],[-84.05627,40.73461],[-84.05312,40.73253],[-84.05196,40.73214],[-84.04234,40.73195]]}},{"type":"Feature","properties":{"OID":"110457125041","NAME":"Lost Crk","BASENAME":"Lost","MTFCC":"H3010","ARTPATH":"N"},"geometry":{"type":"LineString","coordinates":[[-84.07453,40.68598],[-84.07479,40.68632],[-84.0754,40.68635],[-84.07552,40.68672],[-84.07661,40.68679],[-84.07704,40.68748],[-84.07807,40.68768],[-84.08109,40.69014],[-84.08133,40.6914],[-84.08242,40.69338],[-84.08234,40.69585],[-84.0817,40.69705],[-84.08234,40.69893],[-84.08657,40.70028],[-84.08887,40.70031],[-84.09074,40.70102],[-84.09367,40.70589],[-84.09028,40.7108],[-84.08956,40.71261],[-84.0895,40.71319],[-84.09011,40.71435],[-84.09003,40.71551],[-84.08851,40.71682],[-84.08805,40.71805],[-84.08496,40.72066],[-84.08186,40.72134],[-84.08047,40.72257],[-84.08021,40.72424],[-84.08054,40.72652],[-84.07891,40.7271],[-84.07872,40.72797],[-84.07833,40.72852],[-84.07778,40.72868],[-84.0772,40.7302],[-84.07643,40.73058]]}},{"type":"Feature","properties":{"OID":"110457125042","NAME":"Lost Crk","BASENAME":"Lost","MTFCC":"H3010","ARTPATH":"N"},"geometry":{"type":"LineString","coordinates":[[-84.06616,40.7356],[-84.06094,40.74275],[-84.06081,40.74749],[-84.05989,40.74873],[-84.06023,40.74968]]}},{"type":"Feature","properties":{"OID":"110457125152","NAME":"Pike Run","BASENAME":"Pike","MTFCC":"H3010","ARTPATH":"N"},"geometry":{"type":"LineString","coordinates":[[-84.18962,40.84961],[-84.18894,40.84927],[-84.18932,40.84757],[-84.1885,40.84725],[-84.18878,40.84645],[-84.18858,40.84603],[-84.18768,40.84597],[-84.18684,40.84648],[-84.18379,40.84705],[-84.18185,40.84658],[-84.18024,40.84554],[-84.1786,40.84243],[-84.17512,40.84079],[-84.17412,40.83965],[-84.17172,40.84073],[-84.16816,40.84054],[-84.16671,40.84005],[-84.158,40.84014],[-84.15654,40.8395],[-84.15557,40.83601],[-84.15658,40.83516],[-84.15707,40.8323],[-84.15792,40.83169],[-84.15713,40.83044],[-84.15686,40.82858],[-84.15454,40.82347],[-84.15081,40.82079],[-84.14976,40.81915],[-84.14884,40.81894],[-84.14791,40.81558],[-84.14782,40.81346],[-84.14815,40.81116],[-84.15013,40.8077],[-84.14968,40.80676],[-84.14999,40.80471],[-84.14959,40.80176],[-84.14682,40.79901],[-84.14483,40.79872],[-84.14092,40.7947],[-84.13523,40.79477],[-84.13395,40.79324],[-84.13288,40.7931],[-84.13064,40.79208],[-84.13014,40.79101],[-84.12966,40.79081],[-84.12976,40.79028],[-84.12854,40.78998],[-84.12863,40.78778],[-84.12829,40.78675],[-84.126,40.78663],[-84.12549,40.7859],[-84.12409,40.78576],[-84.12329,40.78507],[-84.12323,40.78449],[-84.12264,40.78393],[-84.12259,40.78344],[-84.12515,40.78015],[-84.12625,40.77985],[-84.12753,40.77854],[-84.12736,40.77747],[-84.12656,40.77651],[-84.12589,40.7749],[-84.12571,40.77251],[-84.12529,40.7716],[-84.12577,40.77085],[-84.12793,40.76959]]}},{"type":"Feature","properties":{"OID":"110457125163","NAME":"Plum Crk","BASENAME":"Plum","MTFCC":"H3010","ARTPATH":"N"},"geometry":{"type":"LineString","coordinates":[[-84.08744,40.89952],[-84.08774,40.90169],[-84.08659,40.90172],[-84.08646,40.90241],[-84.08568,40.90302],[-84.08488,40.90317],[-84.08398,40.90447],[-84.08324,40.90452],[-84.0828,40.9042],[-84.08246,40.9048]]}},{"type":"Feature","properties":{"OID":"110457125484","NAME":"Duden Ditch","BASENAME":"Duden","MTFCC":"H3020","ARTPATH":"N"},"geometry":{"type":"LineString","coordinates":[[-84.14737,40.667],[-84.14691,40.66369],[-84.14891,40.66175],[-84.14905,40.66117],[-84.14771,40.65994],[-84.14364,40.65989],[-84.14355,40.65861],[-84.14388,40.65739]]}},{"type":"Feature","properties":{"OID":"110457125486","NAME":"Dutch Run","BASENAME":"Dutch","MTFCC":"H3010","ARTPATH":"N"},"geometry":{"type":"LineString","coordinates":[[-83.909,40.92031],[-83.91133,40.91928],[-83.91362,40.91941],[-83.91531,40.9203]]}},{"type":"Feature","properties":{"OID":"110457125487","NAME":"Dutch Run","BASENAME":"Dutch","MTFCC":"H3010","ARTPATH":"N"},"geometry":{"type":"LineString","coordinates":[[-83.93964,40.92026],[-83.94045,40.91968],[-83.94235,40.91915],[-83.9463,40.91871],[-83.94919,40.91938],[-83.94981,40.9202]]}},{"type":"Feature","properties":{"OID":"110457125488","NAME":"Dutch Run","BASENAME":"Dutch","MTFCC":"H3010","ARTPATH":"N"},"geometry":{"type":"LineString","coordinates":[[-83.92153,40.92029],[-83.9223,40.91762],[-83.92417,40.91691],[-83.92682,40.91677],[-83.92818,40.9174],[-83.92995,40.91746],[-83.93178,40.9203]]}},{"type":"Feature","properties":{"OID":"110457125592","NAME":"Honey Run","BASENAME":"Honey","MTFCC":"H3010","ARTPATH":"N"},"geometry":{"type":"LineString","coordinates":[[-84.20853,40.81658],[-84.21011,40.81642],[-84.21148,40.81577],[-84.21151,40.81486],[-84.21094,40.81399],[-84.21139,40.813],[-84.21305,40.81135],[-84.21388,40.81151],[-84.215,40.8111],[-84.21632,40.8096],[-84.21797,40.80662],[-84.21777,40.80477],[-84.21835,40.80387],[-84.21839,40.80248],[-84.22474,40.79836],[-84.22621,40.79621],[-84.22739,40.79528],[-84.22671,40.7947],[-84.22663,40.79419],[-84.22694,40.7915],[-84.22789,40.78891],[-84.22707,40.78796],[-84.22483,40.78691],[-84.2247,40.78667],[-84.22517,40.78602],[-84.2282,40.78477],[-84.22779,40.7841],[-84.22888,40.78279],[-84.22974,40.78292],[-84.2301,40.78253],[-84.23353,40.78186],[-84.23361,40.78043],[-84.23336,40.7802],[-84.23394,40.78004],[-84.23434,40.77942],[-84.23492,40.77936],[-84.23503,40.77725],[-84.23619,40.77608],[-84.23899,40.77644],[-84.24086,40.77626],[-84.24182,40.77475],[-84.24242,40.77301],[-84.24465,40.77202],[-84.24493,40.77125],[-84.24648,40.7709],[-84.24816,40.76975],[-84.25156,40.76848],[-84.25291,40.76834],[-84.25905,40.76949],[-84.25978,40.76988],[-84.26349,40.76885],[-84.26346,40.76795],[-84.26389,40.76689],[-84.26509,40.76537],[-84.26647,40.76493],[-84.26666,40.76388],[-84.26739,40.76324],[-84.26756,40.76243],[-84.26715,40.76196],[-84.26732,40.76083],[-84.26705,40.76021],[-84.26793,40.75936],[-84.26806,40.75825],[-84.26704,40.75737],[-84.26982,40.75518],[-84.26986,40.75436],[-84.26882,40.75346],[-84.26877,40.75285],[-84.26904,40.75226],[-84.2703,40.75172],[-84.27068,40.7506]]}},{"type":"Feature","properties":{"OID":"110457125694","NAME":"Marsh Run","BASENAME":"Marsh","MTFCC":"H3010","ARTPATH":"N"},"geometry":{"type":"LineString","coordinates":[[-83.93787,40.85763],[-83.93806,40.85736]]}},{"type":"Feature","properties":{"OID":"110457125695","NAME":"Marsh Run","BASENAME":"Marsh","MTFCC":"H3010","ARTPATH":"N"},"geometry":{"type":"LineString","coordinates":[[-83.93806,40.85736],[-83.93433,40.85718],[-83.92981,40.85827],[-83.92782,40.85759],[-83.92548,40.8576],[-83.92479,40.85698],[-83.92374,40.8568],[-83.92187,40.85699],[-83.91938,40.85667],[-83.9167,40.85568],[-83.90906,40.85584]]}},{"type":"Feature","properties":{"OID":"110457125696","NAME":"Marsh Run","BASENAME":"Marsh","MTFCC":"H3010","ARTPATH":"N"},"geometry":{"type":"LineString","coordinates":[[-83.93806,40.85736],[-83.94245,40.85736],[-83.94316,40.85702],[-83.94465,40.85743],[-83.94879,40.85723]]}},{"type":"Feature","properties":{"OID":"110457125813","NAME":"Riley Crk","BASENAME":"Riley","MTFCC":"H3010","ARTPATH":"N"},"geometry":{"type":"LineString","coordinates":[[-83.89461,40.90547],[-83.89429,40.90704],[-83.89862,40.90716]]}},{"type":"Feature","properties":{"OID":"110457125814","NAME":"Riley Crk","BASENAME":"Riley","MTFCC":"H3010","ARTPATH":"N"},"geometry":{"type":"LineString","coordinates":[[-83.90097,40.90774],[-83.90708,40.90938],[-83.90961,40.90731],[-83.91001,40.90545],[-83.91061,40.90494],[-83.91164,40.90442],[-83.91309,40.90466],[-83.91437,40.90448]]}},{"type":"Feature","properties":{"OID":"110457125815","NAME":"Riley Crk","BASENAME":"Riley","MTFCC":"H3010","ARTPATH":"N"},"geometry":{"type":"LineString","coordinates":[[-83.94345,40.90462],[-83.94644,40.90457],[-83.94688,40.90522],[-83.94656,40.90672],[-83.94756,40.90737]]}},{"type":"Feature","properties":{"OID":"110457125816","NAME":"Riley Crk","BASENAME":"Riley","MTFCC":"H3010","ARTPATH":"N"},"geometry":{"type":"LineString","coordinates":[[-83.88028,40.87508],[-83.88345,40.87492],[-83.88397,40.87612],[-83.88647,40.87684],[-83.8879,40.87812],[-83.8878,40.87939],[-83.88904,40.88078],[-83.88876,40.88153],[-83.88939,40.88264],[-83.88925,40.88383],[-83.89,40.88619],[-83.89136,40.88752],[-83.89264,40.88804],[-83.89311,40.88863],[-83.89273,40.8909]]}},{"type":"Feature","properties":{"OID":"110457125817","NAME":"Riley Crk","BASENAME":"Riley","MTFCC":"H3010","ARTPATH":"N"},"geometry":{"type":"LineString","coordinates":[[-83.88729,40.8973],[-83.89028,40.89935],[-83.89165,40.89974],[-83.89231,40.90115]]}},{"type":"Feature","properties":{"OID":"110457125818","NAME":"Riley Crk","BASENAME":"Riley","MTFCC":"H3010","ARTPATH":"N"},"geometry":{"type":"LineString","coordinates":[[-83.95399,40.91137],[-83.95325,40.91288]]}},{"type":"Feature","properties":{"OID":"110457125911","NAME":"Sugar Crk","BASENAME":"Sugar","MTFCC":"H3010","ARTPATH":"N"},"geometry":{"type":"LineString","coordinates":[[-83.93031,40.82032],[-83.93268,40.82214],[-83.93708,40.82282],[-83.94236,40.82133],[-83.94442,40.82128],[-83.94633,40.82225],[-83.94865,40.82233],[-83.95005,40.82144],[-83.9562,40.81985],[-83.95694,40.81936],[-83.95736,40.8182],[-83.95843,40.81797],[-83.96019,40.8158],[-83.9628,40.815],[-83.96717,40.8151],[-83.96834,40.81421],[-83.96898,40.8145],[-83.9715,40.81434],[-83.9717,40.81487],[-83.97627,40.81604],[-83.97885,40.81753],[-83.97932,40.8173],[-83.98072,40.81786],[-83.98518,40.8179],[-83.98562,40.81835],[-83.98832,40.81866],[-83.98994,40.81824],[-83.99061,40.81873],[-83.99201,40.819],[-83.99444,40.8186],[-84.00055,40.81892],[-84.00369,40.81771],[-84.00771,40.81778],[-84.00909,40.81748],[-84.01094,40.81618],[-84.01263,40.81555],[-84.01355,40.81592],[-84.0157,40.81582],[-84.01839,40.81714],[-84.02257,40.81736],[-84.02307,40.81676],[-84.02433,40.8168],[-84.0248,40.81623],[-84.02459,40.81588],[-84.02565,40.81473],[-84.02866,40.81452],[-84.02983,40.81397],[-84.0304,40.81333],[-84.03375,40.81288],[-84.03667,40.81301],[-84.03704,40.81328],[-84.04093,40.81251],[-84.04297,40.81183],[-84.0447,40.81078],[-84.04617,40.8107],[-84.04702,40.80981],[-84.04783,40.8096],[-84.04764,40.80799],[-84.04918,40.80673],[-84.05203,40.80679],[-84.05347,40.8063],[-84.05571,40.80653],[-84.05819,40.80592],[-84.0611,40.80582],[-84.06201,40.80524],[-84.06451,40.80527],[-84.06623,40.80429],[-84.06787,40.80106],[-84.06984,40.79933],[-84.07344,40.79778],[-84.07424,40.79645],[-84.07532,40.79631],[-84.07495,40.79557],[-84.07719,40.79447],[-84.07779,40.79136],[-84.07952,40.79103],[-84.08034,40.79037],[-84.08236,40.79073],[-84.08363,40.79033],[-84.0849,40.78822],[-84.09052,40.78607],[-84.09276,40.78735],[-84.09391,40.78778],[-84.09413,40.78757],[-84.09431,40.78939],[-84.09473,40.79],[-84.09546,40.79014],[-84.09663,40.78978],[-84.0972,40.7913],[-84.09913,40.79174],[-84.10075,40.7938],[-84.10263,40.79545],[-84.1043,40.79801],[-84.10542,40.79893],[-84.10693,40.79946],[-84.10795,40.801],[-84.10715,40.80189],[-84.10746,40.80242],[-84.10618,40.80316],[-84.10749,40.80367],[-84.10898,40.80572],[-84.11079,40.80655],[-84.111,40.80718],[-84.11165,40.80746],[-84.11204,40.80854],[-84.11315,40.8098],[-84.11466,40.80993],[-84.11594,40.81101],[-84.11831,40.81101],[-84.12026,40.81214],[-84.1201,40.81331],[-84.11805,40.81578],[-84.11884,40.81598],[-84.12036,40.81535],[-84.12362,40.81582],[-84.12487,40.81631],[-84.12637,40.81711],[-84.12651,40.81812],[-84.12699,40.81884],[-84.12834,40.81903],[-84.12948,40.82004],[-84.12954,40.82031],[-84.12885,40.82069],[-84.12941,40.82169],[-84.12983,40.82173],[-84.13064,40.82103],[-84.13096,40.82124],[-84.13119,40.82218],[-84.13041,40.8231],[-84.13109,40.82416],[-84.13178,40.82428],[-84.13149,40.82674],[-84.1327,40.82781],[-84.13398,40.82811],[-84.13439,40.82917],[-84.1342,40.82979],[-84.13484,40.83024],[-84.13387,40.83249],[-84.13411,40.8335],[-84.13312,40.83415],[-84.13299,40.83522],[-84.1333,40.83568],[-84.13293,40.83649],[-84.13107,40.83738],[-84.13068,40.83817],[-84.13078,40.83875],[-84.12993,40.83908],[-84.12967,40.83992],[-84.12828,40.84047],[-84.12853,40.84117],[-84.12814,40.84257],[-84.12921,40.84282],[-84.1283,40.84347],[-84.1283,40.84431],[-84.12776,40.84454],[-84.12769,40.84499],[-84.12816,40.84803],[-84.12893,40.84918],[-84.12865,40.84994]]}},{"type":"Feature","properties":{"OID":"110457125912","NAME":"Sugar Crk","BASENAME":"Sugar","MTFCC":"H3010","ARTPATH":"N"},"geometry":{"type":"LineString","coordinates":[[-84.13001,40.85751],[-84.12983,40.85734]]}},{"type":"Feature","properties":{"OID":"110457126054","NAME":"Beaver Crk","BASENAME":"Beaver","MTFCC":"H3010","ARTPATH":"N"},"geometry":{"type":"LineString","coordinates":[[-84.19924,40.83563],[-84.19629,40.83253],[-84.19447,40.83236],[-84.19428,40.83134],[-84.19156,40.83005],[-84.192,40.82895],[-84.19174,40.82811],[-84.18941,40.82645],[-84.18908,40.82597],[-84.18938,40.82552],[-84.18917,40.82529],[-84.18765,40.8242],[-84.18562,40.82376],[-84.1835,40.82246],[-84.18258,40.82111],[-84.183,40.81959],[-84.18212,40.81827],[-84.18052,40.81739],[-84.17865,40.81576],[-84.1769,40.81569],[-84.17639,40.81535],[-84.17522,40.81434],[-84.17528,40.81308],[-84.17501,40.81264],[-84.17279,40.81244],[-84.17234,40.81268],[-84.17203,40.81343],[-84.17161,40.81351],[-84.16567,40.81157]]}},{"type":"Feature","properties":{"OID":"110457126056","NAME":"Beaver Run","BASENAME":"Beaver","MTFCC":"H3010","ARTPATH":"N"},"geometry":{"type":"LineString","coordinates":[[-84.16632,40.7945],[-84.16622,40.79867],[-84.1656,40.79972],[-84.16556,40.80082],[-84.16247,40.80183],[-84.1612,40.80191],[-84.16108,40.80431],[-84.15937,40.80542],[-84.15984,40.80659],[-84.16102,40.80782],[-84.16567,40.81157]]}},{"type":"Feature","properties":{"OID":"110457126283","NAME":"Grassy Crk","BASENAME":"Grassy","MTFCC":"H3010","ARTPATH":"N"},"geometry":{"type":"LineString","coordinates":[[-84.35758,40.73591],[-84.35737,40.73733],[-84.35804,40.73878],[-84.36029,40.73939],[-84.36151,40.74129],[-84.36239,40.74178],[-84.36364,40.74536],[-84.36375,40.7465],[-84.36529,40.74841],[-84.36647,40.75175],[-84.36839,40.75242],[-84.371,40.75165],[-84.37325,40.75168],[-84.37483,40.75108],[-84.3761,40.75174],[-84.3784,40.75203],[-84.37868,40.75219],[-84.37862,40.75272],[-84.38057,40.75486],[-84.38393,40.75645],[-84.38502,40.75746],[-84.38554,40.75751]]}},{"type":"Feature","properties":{"OID":"110457126560","NAME":"Pigeon Run","BASENAME":"Pigeon","MTFCC":"H3010","ARTPATH":"N"},"geometry":{"type":"LineString","coordinates":[[-84.28008,40.77482],[-84.2771,40.77721],[-84.27708,40.7779],[-84.27776,40.77855],[-84.27822,40.78035],[-84.27727,40.78281],[-84.27538,40.78558],[-84.27581,40.78723],[-84.27541,40.78878],[-84.2747,40.7894],[-84.27357,40.78951],[-84.27283,40.79076],[-84.27283,40.79144],[-84.27356,40.79276],[-84.27339,40.79459],[-84.27424,40.7951],[-84.27429,40.79705],[-84.27299,40.79804],[-84.27142,40.79849],[-84.27039,40.79941],[-84.27035,40.80037],[-84.27082,40.80103],[-84.27057,40.80221],[-84.26945,40.80506],[-84.2684,40.80552],[-84.26836,40.80657],[-84.26789,40.80704],[-84.26821,40.80772],[-84.26996,40.80845],[-84.27221,40.81041],[-84.27293,40.81188],[-84.27495,40.81247]]}},{"type":"Feature","properties":{"OID":"110457127022","NAME":"Grosley Ditch","BASENAME":"Grosley","MTFCC":"H3020","ARTPATH":"N"},"geometry":{"type":"LineString","coordinates":[[-84.08025,40.72345],[-84.07187,40.72277],[-84.06907,40.72324],[-84.06735,40.72315],[-84.0669,40.72279],[-84.06683,40.72145],[-84.06593,40.72115],[-84.06502,40.71984],[-84.06438,40.71944],[-84.06385,40.71955],[-84.06299,40.72064],[-84.05992,40.72077],[-84.05887,40.7216],[-84.05814,40.72165],[-84.05656,40.7203],[-84.05597,40.71938],[-84.05335,40.71888],[-84.05248,40.71764],[-84.05161,40.71719]]}},{"type":"Feature","properties":{"OID":"110457127106","NAME":"Kessler Run","BASENAME":"Kessler","MTFCC":"H3010","ARTPATH":"N"},"geometry":{"type":"LineString","coordinates":[[-84.19462,40.73685],[-84.19434,40.73815],[-84.19333,40.73856],[-84.19136,40.74165],[-84.18885,40.74405],[-84.18875,40.74695],[-84.19489,40.75265],[-84.19487,40.75381]]}},{"type":"Feature","properties":{"OID":"110457127339","NAME":"Sixmile Crk","BASENAME":"Sixmile","MTFCC":"H3010","ARTPATH":"N"},"geometry":{"type":"LineString","coordinates":[[-84.34908,40.71654],[-84.34723,40.71717],[-84.34593,40.7186],[-84.34436,40.71917],[-84.33866,40.7193],[-84.33594,40.71845],[-84.33475,40.7204],[-84.33307,40.72097],[-84.3323,40.72198],[-84.33321,40.7226],[-84.33442,40.72283],[-84.33414,40.72374],[-84.33181,40.72453],[-84.33028,40.72564],[-84.32865,40.72603],[-84.32823,40.72726],[-84.32739,40.7279],[-84.32608,40.72975],[-84.32417,40.73342],[-84.32325,40.73679],[-84.32405,40.73827],[-84.32406,40.73946],[-84.32197,40.74104],[-84.32228,40.74449],[-84.32205,40.74516],[-84.32099,40.74628],[-84.32134,40.7475],[-84.32264,40.74833],[-84.32197,40.74879],[-84.32063,40.74856],[-84.31887,40.74933],[-84.31787,40.74915]]}},{"type":"Feature","properties":{"OID":"110457127368","NAME":"Swalley Ditch","BASENAME":"Swalley","MTFCC":"H3020","ARTPATH":"N"},"geometry":{"type":"LineString","coordinates":[[-84.19195,40.72345],[-84.19186,40.72372],[-84.19115,40.72375],[-84.18935,40.72545],[-84.1893,40.72642],[-84.18975,40.72845],[-84.19242,40.73001],[-84.19595,40.73355],[-84.19573,40.73438],[-84.19461,40.73478],[-84.19482,40.73558],[-84.19462,40.73685]]}},{"type":"Feature","properties":{"OID":"110457127369","NAME":"Swalley Ditch","BASENAME":"Swalley","MTFCC":"H3020","ARTPATH":"N"},"geometry":{"type":"LineString","coordinates":[[-84.18805,40.70835],[-84.19105,40.71015],[-84.19191,40.71295],[-84.19304,40.71385],[-84.193,40.71471],[-84.19233,40.71567],[-84.1928,40.71689],[-84.1935,40.7176],[-84.19454,40.71778],[-84.19545,40.71894],[-84.194,40.72167],[-84.19253,40.72198],[-84.19182,40.72261]]}},{"type":"Feature","properties":{"OID":"110457127390","NAME":"Twomile Crk","BASENAME":"Twomile","MTFCC":"H3010","ARTPATH":"N"},"geometry":{"type":"LineString","coordinates":[[-84.20816,40.67149],[-84.20848,40.66866],[-84.20684,40.66777],[-84.20667,40.6669],[-84.20569,40.66611],[-84.2048,40.66423],[-84.20457,40.66126],[-84.20675,40.65968],[-84.20761,40.65776],[-84.20754,40.65705]]}},{"type":"Feature","properties":{"OID":"110457127391","NAME":"Twomile Crk","BASENAME":"Twomile","MTFCC":"H3010","ARTPATH":"N"},"geometry":{"type":"LineString","coordinates":[[-84.18935,40.68252],[-84.19078,40.68252],[-84.19654,40.67965],[-84.19772,40.67823],[-84.20211,40.67472],[-84.20395,40.67464],[-84.20744,40.6738],[-84.21034,40.67381],[-84.21191,40.67318],[-84.21208,40.67229],[-84.21328,40.6715],[-84.21467,40.67146],[-84.21525,40.67098],[-84.21722,40.67038],[-84.21783,40.66967],[-84.22268,40.66696]]}},{"type":"Feature","properties":{"OID":"110457127410","NAME":"Wrestle Crk","BASENAME":"Wrestle","MTFCC":"H3010","ARTPATH":"N"},"geometry":{"type":"LineString","coordinates":[[-84.06524,40.64374],[-84.0662,40.64457],[-84.06745,40.64667],[-84.06861,40.64773]]}},{"type":"Feature","properties":{"OID":"110457127411","NAME":"Wrestle Crk","BASENAME":"Wrestle","MTFCC":"H3010","ARTPATH":"N"},"geometry":{"type":"LineString","coordinates":[[-84.03849,40.64397],[-84.03986,40.6452],[-84.04655,40.64528],[-84.04924,40.64385]]}},{"type":"Feature","properties":{"OID":"110457127422","NAME":"Auglaize Riv","BASENAME":"Auglaize","MTFCC":"H3010","ARTPATH":"N"},"geometry":{"type":"LineString","coordinates":[[-83.91154,40.68334],[-83.90562,40.68482],[-83.90377,40.68442],[-83.90153,40.68527],[-83.89931,40.6866],[-83.89835,40.68669],[-83.89706,40.68648],[-83.89383,40.68473],[-83.88334,40.6828],[-83.88325,40.68122],[-83.88426,40.67905],[-83.8884,40.67865],[-83.88859,40.67759],[-83.88974,40.67694],[-83.89012,40.67387],[-83.89062,40.6732],[-83.89201,40.67292],[-83.89225,40.67121]]}},{"type":"Feature","properties":{"OID":"110457127423","NAME":"Auglaize Riv","BASENAME":"Auglaize","MTFCC":"H3010","ARTPATH":"N"},"geometry":{"type":"LineString","coordinates":[[-83.91154,40.68334],[-83.91156,40.68234],[-83.9112,40.68169],[-83.90865,40.68115],[-83.90942,40.6803],[-83.90955,40.67858],[-83.91117,40.6785],[-83.91314,40.67778],[-83.91314,40.67696],[-83.9142,40.67562],[-83.91423,40.675],[-83.91655,40.67432],[-83.91847,40.67435],[-83.92012,40.67188],[-83.92225,40.67047],[-83.92495,40.66991]]}},{"type":"Feature","properties":{"OID":"110457127424","NAME":"Auglaize Riv","BASENAME":"Auglaize","MTFCC":"H3010","ARTPATH":"N"},"geometry":{"type":"LineString","coordinates":[[-83.94866,40.6811],[-83.94717,40.68152],[-83.94302,40.68089],[-83.94258,40.68184],[-83.941,40.6829],[-83.94063,40.6836],[-83.93827,40.68489],[-83.93769,40.68597],[-83.93583,40.68589],[-83.93352,40.68677],[-83.93284,40.68672],[-83.93261,40.68622],[-83.92977,40.68505],[-83.92786,40.68331],[-83.92023,40.68267],[-83.91848,40.68209],[-83.9144,40.68251],[-83.91154,40.68334]]}},{"type":"Feature","properties":{"OID":"110457127528","NAME":"Jennings Crk","BASENAME":"Jennings","MTFCC":"H3010","ARTPATH":"N"},"geometry":{"type":"LineString","coordinates":[[-84.37498,40.71616],[-84.37601,40.71793],[-84.37582,40.71881],[-84.3762,40.71963],[-84.37724,40.72002],[-84.37778,40.72061],[-84.3787,40.72079],[-84.37861,40.72238],[-84.37913,40.72286],[-84.37924,40.72475],[-84.37975,40.72518],[-84.38089,40.72523],[-84.38248,40.72716],[-84.38154,40.72862],[-84.38298,40.73178],[-84.38589,40.73337],[-84.38617,40.73388],[-84.38601,40.7346],[-84.38747,40.73612],[-84.38803,40.73642],[-84.38923,40.73632],[-84.39027,40.7371],[-84.38978,40.73858],[-84.3903,40.73936],[-84.39019,40.74086],[-84.38768,40.74245],[-84.3886,40.74375],[-84.3904,40.74474],[-84.3907,40.7455],[-84.39011,40.74636],[-84.38663,40.74704],[-84.38484,40.74849],[-84.38474,40.74911],[-84.38507,40.74976],[-84.38484,40.75032],[-84.38044,40.75021],[-84.38006,40.75041],[-84.3798,40.75133],[-84.38241,40.75302],[-84.38595,40.75384],[-84.38683,40.75435],[-84.38676,40.75602],[-84.38592,40.75641],[-84.38554,40.75751],[-84.38672,40.75937],[-84.38981,40.75998],[-84.39292,40.76007],[-84.3944,40.76135],[-84.39465,40.76221],[-84.39402,40.76321],[-84.39355,40.76499],[-84.39184,40.76615],[-84.38945,40.76644],[-84.38769,40.76758],[-84.38557,40.76782],[-84.38262,40.76629],[-84.37936,40.76763],[-84.37903,40.76795],[-84.37953,40.76832],[-84.37955,40.76916],[-84.37899,40.76975],[-84.37805,40.77009],[-84.37776,40.77058],[-84.37771,40.77179],[-84.37877,40.77244],[-84.37876,40.77338],[-84.37834,40.77419],[-84.37641,40.77465],[-84.3718,40.77386],[-84.36994,40.77584],[-84.37014,40.777],[-84.36917,40.77754],[-84.36752,40.77718],[-84.36576,40.77753],[-84.36183,40.78113],[-84.36207,40.78179],[-84.36137,40.78272],[-84.36124,40.78547],[-84.36057,40.78613],[-84.36109,40.78666],[-84.36079,40.78709],[-84.35871,40.78745],[-84.35355,40.78717],[-84.35234,40.7882],[-84.35277,40.78887],[-84.35247,40.78999],[-84.35287,40.792],[-84.35345,40.79243],[-84.35354,40.79306],[-84.35474,40.79292],[-84.35545,40.79344],[-84.35642,40.793],[-84.35637,40.79365],[-84.35678,40.79449],[-84.35777,40.79474],[-84.35736,40.79538],[-84.35598,40.79554],[-84.35532,40.79608],[-84.35446,40.79898],[-84.35354,40.79944],[-84.35286,40.8004],[-84.35173,40.80056],[-84.35114,40.801],[-84.35042,40.80203],[-84.35032,40.80309],[-84.34961,40.8038],[-84.35026,40.80432],[-84.35018,40.80456],[-84.34834,40.80622],[-84.34872,40.80713],[-84.3483,40.80827],[-84.34869,40.80851],[-84.34867,40.80916],[-84.34771,40.80985],[-84.34624,40.80994],[-84.34665,40.81217],[-84.34732,40.81261],[-84.34851,40.8126],[-84.34786,40.81391],[-84.34911,40.81451],[-84.35079,40.8161]]}},{"type":"Feature","properties":{"OID":"110457127558","NAME":"Mc Bride Ditch","BASENAME":"Mc Bride","MTFCC":"H3020","ARTPATH":"N"},"geometry":{"type":"LineString","coordinates":[[-84.21664,40.70871],[-84.21762,40.71075],[-84.21874,40.71152],[-84.21944,40.71274],[-84.22283,40.715],[-84.22309,40.71614]]}},{"type":"Feature","properties":{"OID":"110457127559","NAME":"Mc Bride Ditch","BASENAME":"Mc Bride","MTFCC":"H3020","ARTPATH":"N"},"geometry":{"type":"LineString","coordinates":[[-84.22319,40.7333],[-84.22192,40.73402],[-84.21907,40.73429],[-84.21458,40.73595],[-84.21377,40.7369],[-84.2119,40.73776],[-84.211,40.73785],[-84.21005,40.73857],[-84.21003,40.73952],[-84.21065,40.73964],[-84.21076,40.74001],[-84.21063,40.74095],[-84.20977,40.74188],[-84.21032,40.74537],[-84.21068,40.74638],[-84.21265,40.74895],[-84.21395,40.74995],[-84.21452,40.75115],[-84.21206,40.75339],[-84.20986,40.75622],[-84.21193,40.75844],[-84.21095,40.76583],[-84.21,40.76719],[-84.21089,40.7694]]}},{"type":"Feature","properties":{"OID":"110457127671","NAME":"Sycamore Crk","BASENAME":"Sycamore","MTFCC":"H3010","ARTPATH":"N"},"geometry":{"type":"LineString","coordinates":[[-84.03596,40.84304],[-84.03744,40.84522],[-84.03746,40.84604],[-84.03786,40.84617],[-84.03703,40.84899],[-84.03886,40.85053],[-84.04126,40.85066],[-84.04162,40.85245],[-84.04132,40.8534],[-84.04066,40.85398],[-84.04074,40.85608],[-84.04299,40.85842],[-84.0432,40.86076],[-84.04845,40.86095],[-84.04867,40.86152],[-84.04965,40.86227],[-84.05151,40.86313],[-84.05169,40.86507],[-84.05457,40.86794],[-84.05476,40.87096],[-84.05371,40.87183],[-84.05323,40.87268],[-84.05178,40.87344],[-84.0517,40.87428],[-84.05071,40.87469],[-84.05016,40.87536],[-84.05014,40.87662],[-84.04865,40.87755],[-84.04831,40.88153],[-84.04907,40.88201],[-84.04945,40.88276],[-84.05251,40.88481],[-84.05698,40.88597],[-84.05902,40.88753],[-84.05998,40.88771],[-84.061,40.88844],[-84.06529,40.88932],[-84.06884,40.88883],[-84.07051,40.89008],[-84.07069,40.89078],[-84.07693,40.89103],[-84.07805,40.89246],[-84.07931,40.89256],[-84.07993,40.89323],[-84.08092,40.89362],[-84.08099,40.89491],[-84.08197,40.89549],[-84.08174,40.89653],[-84.0822,40.89731],[-84.08568,40.89727],[-84.08631,40.89793],[-84.08598,40.89871],[-84.08744,40.89952]]}},{"type":"Feature","properties":{"OID":"110457127752","NAME":"Cranberry Crk","BASENAME":"Cranberry","MTFCC":"H3010","ARTPATH":"N"},"geometry":{"type":"LineString","coordinates":[[-83.99415,40.87507],[-83.99418,40.87438],[-83.99388,40.87402],[-83.98688,40.87087],[-83.98386,40.87039],[-83.98231,40.86929],[-83.9749,40.86883],[-83.97291,40.86827],[-83.9716,40.86919],[-83.96971,40.86926],[-83.96592,40.87184],[-83.96499,40.87202],[-83.96461,40.87424],[-83.96385,40.87516]]}},{"type":"Feature","properties":{"OID":"110457127753","NAME":"Cranberry Crk","BASENAME":"Cranberry","MTFCC":"H3010","ARTPATH":"N"},"geometry":{"type":"LineString","coordinates":[[-83.99992,40.87932],[-84.00415,40.88039],[-84.00571,40.88112],[-84.00643,40.88083],[-84.00912,40.88137],[-84.0114,40.8812],[-84.01695,40.88225],[-84.01997,40.88399],[-84.02068,40.8853],[-84.02226,40.8855],[-84.02174,40.88646],[-84.02195,40.88663],[-84.02269,40.88685],[-84.02747,40.8866],[-84.02952,40.88742],[-84.03129,40.88895],[-84.03373,40.89013],[-84.03393,40.89171],[-84.03704,40.89292],[-84.03775,40.89339],[-84.03794,40.89409],[-84.0391,40.89423],[-84.03996,40.8963],[-84.04111,40.8974],[-84.04153,40.89949],[-84.04226,40.90006],[-84.04297,40.9017],[-84.04369,40.90145],[-84.04434,40.90172],[-84.04434,40.9025],[-84.04505,40.90437],[-84.04465,40.90483]]}},{"type":"Feature","properties":{"OID":"110457129484","NAME":"Little Hog Crk","BASENAME":"Little Hog","MTFCC":"H3010","ARTPATH":"N"},"geometry":{"type":"LineString","coordinates":[[-83.87991,40.76994],[-83.88404,40.76998],[-83.88965,40.7694],[-83.89058,40.76986],[-83.8949,40.77039],[-83.90111,40.77013],[-83.90158,40.76999],[-83.90369,40.76763],[-83.90523,40.76655],[-83.90604,40.76545],[-83.90752,40.76506],[-83.90862,40.76572],[-83.91097,40.76548],[-83.91147,40.76508],[-83.91181,40.76396],[-83.91523,40.76217],[-83.9169,40.76187],[-83.91731,40.76235],[-83.91831,40.76259],[-83.91987,40.76359],[-83.92107,40.76387],[-83.92316,40.76295],[-83.92465,40.76317],[-83.92503,40.76274],[-83.92499,40.76217],[-83.92614,40.7622],[-83.92734,40.76154],[-83.92787,40.76085],[-83.92983,40.76068],[-83.93109,40.76067],[-83.93337,40.76155],[-83.93408,40.76234],[-83.93403,40.76298],[-83.93486,40.76346],[-83.93607,40.76351],[-83.93896,40.76447],[-83.94007,40.76394],[-83.94102,40.76194],[-83.9426,40.76023],[-83.94471,40.76008],[-83.94785,40.76242],[-83.94956,40.76295],[-83.9511,40.76281],[-83.95266,40.76332],[-83.9541,40.76455]]}},{"type":"Feature","properties":{"OID":"110457129607","NAME":"Miami-Erie Cnl","BASENAME":"Miami-Erie","MTFCC":"H3020","ARTPATH":"N"},"geometry":{"type":"LineString","coordinates":[[-84.35146,40.71419],[-84.34973,40.71682],[-84.34255,40.72466],[-84.3398,40.736]]}},{"type":"Feature","properties":{"OID":"110457129687","NAME":"Leatherwood Ditch","BASENAME":"Leatherwood","MTFCC":"H3020","ARTPATH":"N"},"geometry":{"type":"LineString","coordinates":[[-84.23996,40.80894],[-84.23985,40.80999],[-84.23866,40.81202],[-84.2372,40.81341],[-84.23372,40.8142],[-84.23149,40.81576],[-84.23114,40.81806],[-84.23053,40.81909],[-84.23083,40.81978],[-84.23195,40.82042],[-84.23299,40.82047],[-84.23399,40.82004],[-84.23597,40.82061],[-84.23792,40.82303],[-84.2378,40.82418],[-84.23819,40.82517],[-84.23788,40.82649],[-84.23872,40.82713],[-84.23823,40.83002],[-84.23651,40.83092],[-84.22708,40.83349],[-84.22652,40.83392],[-84.22721,40.83548],[-84.22841,40.83574],[-84.22921,40.83543],[-84.22963,40.83678],[-84.22917,40.83947],[-84.23194,40.84172],[-84.23207,40.84221],[-84.23163,40.84265],[-84.23329,40.84515],[-84.23586,40.84524],[-84.23629,40.84625],[-84.23883,40.84824],[-84.23879,40.85012],[-84.23964,40.8506],[-84.23994,40.85113],[-84.23912,40.85217],[-84.23963,40.85257],[-84.2414,40.85618],[-84.24196,40.85835],[-84.2439,40.85978]]}},{"type":"Feature","properties":{"OID":"110457129699","NAME":"Rattlesnake Crk","BASENAME":"Rattlesnake","MTFCC":"H3010","ARTPATH":"N"},"geometry":{"type":"LineString","coordinates":[[-84.11521,40.86072],[-84.11263,40.85814],[-84.11208,40.85655],[-84.1109,40.85503],[-84.10952,40.85396],[-84.10809,40.85125],[-84.10399,40.84637],[-84.10334,40.84479],[-84.1023,40.8444],[-84.10029,40.84185],[-84.09606,40.84123],[-84.09526,40.83918],[-84.09431,40.83891],[-84.0935,40.83792],[-84.09286,40.83632],[-84.09502,40.8345],[-84.09502,40.83184],[-84.09244,40.83139],[-84.09208,40.83075],[-84.09217,40.82948],[-84.09037,40.82854],[-84.089,40.82662],[-84.0881,40.82644],[-84.08786,40.82597],[-84.08625,40.82564],[-84.08505,40.82371],[-84.08372,40.82364],[-84.08414,40.82205],[-84.08322,40.82139],[-84.08236,40.81976],[-84.08097,40.81895],[-84.08048,40.81819],[-84.07583,40.81821],[-84.07468,40.8192],[-84.07359,40.82215],[-84.06691,40.82258],[-84.06637,40.82303],[-84.0639,40.8238],[-84.06378,40.82501],[-84.06224,40.82595],[-84.06135,40.82591],[-84.05869,40.82487],[-84.04839,40.82543],[-84.04717,40.82394]]}},{"type":"Feature","properties":{"OID":"110457129741","NAME":"Little Riley Crk","BASENAME":"Little Riley","MTFCC":"H3010","ARTPATH":"N"},"geometry":{"type":"LineString","coordinates":[[-83.92547,40.83513],[-83.92704,40.8348],[-83.93593,40.83606],[-83.94063,40.83532],[-83.94205,40.83587],[-83.94438,40.83602],[-83.94463,40.83659],[-83.94534,40.83696],[-83.9484,40.83729],[-83.95264,40.83901],[-83.95385,40.83911],[-83.95437,40.83959],[-83.95474,40.84065],[-83.95377,40.842],[-83.95379,40.84351],[-83.95434,40.84412],[-83.95428,40.84508],[-83.95504,40.84588],[-83.95485,40.84661],[-83.95537,40.84725],[-83.95516,40.8479],[-83.95563,40.84879],[-83.9552,40.85224],[-83.95263,40.85396],[-83.95196,40.85489],[-83.95053,40.85585],[-83.95011,40.85666],[-83.94857,40.85734],[-83.94836,40.85817],[-83.94567,40.86114],[-83.94265,40.86261],[-83.94007,40.86297],[-83.93799,40.86455],[-83.93324,40.8663],[-83.93284,40.8673],[-83.93088,40.86766],[-83.9306,40.86864],[-83.92839,40.87002],[-83.92798,40.87182],[-83.9245,40.87435],[-83.92417,40.87497],[-83.92338,40.87495],[-83.92122,40.87616],[-83.92055,40.87756],[-83.91965,40.87769],[-83.91868,40.87916],[-83.9171,40.88047],[-83.91581,40.88078],[-83.91574,40.88145],[-83.9143,40.88316],[-83.91167,40.88351],[-83.91128,40.88302],[-83.91036,40.88279],[-83.90999,40.88296],[-83.90989,40.88357],[-83.90838,40.88348],[-83.90631,40.88392],[-83.90631,40.88493],[-83.90521,40.88648],[-83.90204,40.88845],[-83.90216,40.88991],[-83.90061,40.8916],[-83.90056,40.89256],[-83.8985,40.89347],[-83.896,40.89666],[-83.89528,40.89719],[-83.89422,40.8974],[-83.8919,40.89995]]}},{"type":"Feature","properties":{"OID":"110457129742","NAME":"Little Riley Crk","BASENAME":"Little Riley","MTFCC":"H3010","ARTPATH":"N"},"geometry":{"type":"LineString","coordinates":[[-83.88017,40.83242],[-83.8837,40.83078],[-83.88502,40.82934],[-83.88627,40.8285],[-83.88928,40.82746],[-83.88968,40.82687],[-83.88995,40.82477]]}},{"type":"Feature","properties":{"OID":"110457129743","NAME":"Miami & Erie Cnl","BASENAME":"Miami & Erie","MTFCC":"H3020","ARTPATH":"N"},"geometry":{"type":"LineString","coordinates":[[-84.3398,40.736],[-84.3396,40.74769],[-84.33984,40.75005],[-84.33986,40.76398]]}},{"type":"Feature","properties":{"OID":"110457129744","NAME":"Miami & Erie Cnl","BASENAME":"Miami & Erie","MTFCC":"H3020","ARTPATH":"N"},"geometry":{"type":"LineString","coordinates":[[-84.33993,40.77969],[-84.34022,40.81615]]}},{"type":"Feature","properties":{"OID":"110457129761","NAME":"Severns Lake Run","BASENAME":"Severns Lake","MTFCC":"H3010","ARTPATH":"N"},"geometry":{"type":"LineString","coordinates":[[-84.177,40.71542],[-84.17691,40.71531]]}},{"type":"Feature","properties":{"OID":"110457129762","NAME":"Severns Lake Run","BASENAME":"Severns Lake","MTFCC":"H3010","ARTPATH":"N"},"geometry":{"type":"LineString","coordinates":[[-84.17787,40.71181],[-84.177,40.71165],[-84.1775,40.71136]]}},{"type":"Feature","properties":{"OID":"110457129788","NAME":"Little Ottawa Riv","BASENAME":"Little Ottawa","MTFCC":"H3010","ARTPATH":"N"},"geometry":{"type":"LineString","coordinates":[[-84.08984,40.69494],[-84.09261,40.69497],[-84.0915,40.6964],[-84.09272,40.69934],[-84.09975,40.69925],[-84.1,40.69901],[-84.1001,40.69658],[-84.09981,40.69542],[-84.10012,40.6948],[-84.10138,40.69368],[-84.10289,40.69323],[-84.1042,40.69233],[-84.10658,40.69234],[-84.10959,40.68939],[-84.11097,40.68886],[-84.11051,40.68815],[-84.11107,40.68743],[-84.11285,40.6872],[-84.11561,40.68752],[-84.11954,40.68716],[-84.124,40.68495],[-84.12704,40.68208],[-84.1285,40.67928],[-84.12794,40.67564],[-84.12845,40.67423],[-84.13019,40.67335],[-84.13045,40.67216],[-84.13341,40.67199],[-84.1343,40.67152],[-84.13642,40.66922],[-84.13994,40.6686],[-84.14228,40.66858],[-84.14594,40.66775],[-84.14771,40.66699],[-84.1481,40.66754],[-84.15431,40.66765],[-84.15568,40.66826],[-84.15755,40.66815],[-84.15982,40.66879],[-84.16146,40.66881],[-84.16208,40.66949],[-84.16345,40.67015],[-84.16572,40.67059],[-84.16653,40.6717],[-84.16849,40.67338],[-84.16868,40.67442],[-84.17075,40.67546],[-84.17256,40.67886],[-84.17403,40.67979],[-84.17463,40.68111],[-84.17459,40.68184],[-84.1741,40.68321],[-84.17069,40.68461],[-84.16985,40.68584],[-84.16872,40.68635],[-84.16798,40.68726],[-84.16722,40.68735],[-84.16572,40.68894],[-84.16445,40.68945],[-84.16233,40.69108],[-84.16159,40.69115],[-84.16117,40.69344],[-84.16017,40.69488],[-84.15854,40.69601],[-84.15818,40.69722],[-84.15705,40.69739],[-84.15573,40.69906],[-84.15401,40.69993],[-84.15382,40.7009],[-84.15426,40.7017],[-84.15407,40.70301],[-84.15428,40.7037],[-84.15372,40.70405],[-84.15434,40.70521],[-84.15389,40.70594]]}},{"type":"Feature","properties":{"OID":"110457129818","NAME":"Little Cranberry Crk","BASENAME":"Little Cranberry","MTFCC":"H3010","ARTPATH":"N"},"geometry":{"type":"LineString","coordinates":[[-84.0391,40.89423],[-84.04031,40.88851],[-84.04042,40.88639],[-84.04096,40.88506],[-84.04064,40.8846],[-84.03993,40.88435],[-84.03962,40.88277],[-84.03778,40.88277],[-84.0369,40.88237],[-84.03595,40.88154],[-84.0357,40.8808],[-84.03414,40.87992],[-84.03375,40.87631],[-84.03424,40.87329],[-84.03392,40.8725],[-84.03321,40.8715],[-84.03063,40.87088],[-84.02937,40.87008],[-84.02993,40.86944],[-84.02985,40.86909],[-84.02879,40.86791],[-84.02755,40.86714],[-84.02585,40.86265],[-84.0222,40.86155],[-84.02077,40.86038],[-84.01911,40.86002],[-84.01828,40.85802],[-84.01823,40.85419],[-84.01906,40.85197],[-84.01912,40.84961],[-84.01992,40.84861],[-84.01919,40.84766],[-84.01909,40.84683],[-84.02164,40.84524],[-84.02266,40.84341],[-84.02071,40.84055],[-84.02,40.83799],[-84.01816,40.83682],[-84.01693,40.83669],[-84.01677,40.83503],[-84.01594,40.83419],[-84.01303,40.83417],[-84.01237,40.83373],[-84.01056,40.83372],[-84.00891,40.83404],[-84.00714,40.83505],[-84.00525,40.83498],[-84.00231,40.83429],[-84.00222,40.83305]]}},{"type":"Feature","properties":{"OID":"110457129893","MTFCC":"H3010","ARTPATH":"N"},"geometry":{"type":"LineString","coordinates":[[-83.91,40.9055],[-83.9102,40.90617],[-83.90995,40.90727],[-83.90845,40.90835]]}},{"type":"Feature","properties":{"OID":"110457129894","MTFCC":"H3010","ARTPATH":"N"},"geometry":{"type":"LineString","coordinates":[[-84.27001,40.84146],[-84.26663,40.84125],[-84.26512,40.84279],[-84.25803,40.84275],[-84.25643,40.8433],[-84.25012,40.84285],[-84.24985,40.84212],[-84.24985,40.8367]]}},{"type":"Feature","properties":{"OID":"110457129895","MTFCC":"H3010","ARTPATH":"N"},"geometry":{"type":"LineString","coordinates":[[-83.94499,40.82159],[-83.94552,40.82122],[-83.94512,40.82049],[-83.94571,40.81893],[-83.94713,40.81742],[-83.94854,40.81634],[-83.94923,40.81617],[-83.94965,40.81526],[-83.94883,40.81405],[-83.94712,40.81323],[-83.94659,40.81229],[-83.94664,40.80826],[-83.94474,40.80704],[-83.94148,40.8071],[-83.94027,40.80778],[-83.9374,40.80704]]}},{"type":"Feature","properties":{"OID":"110457129896","MTFCC":"H3010","ARTPATH":"N"},"geometry":{"type":"LineString","coordinates":[[-84.2057,40.80542],[-84.20614,40.80585],[-84.20605,40.80668],[-84.20703,40.80753],[-84.20695,40.8082]]}},{"type":"Feature","properties":{"OID":"110457129897","MTFCC":"H3010","ARTPATH":"N"},"geometry":{"type":"LineString","coordinates":[[-83.96385,40.87516],[-83.96294,40.87599],[-83.96259,40.87678],[-83.96205,40.87684],[-83.96191,40.87823],[-83.95792,40.87824],[-83.95773,40.87893],[-83.95189,40.87888],[-83.95063,40.87846],[-83.95044,40.87793],[-83.94771,40.87795],[-83.93816,40.87893],[-83.93638,40.87853],[-83.93331,40.8784]]}},{"type":"Feature","properties":{"OID":"110457129898","MTFCC":"H3010","ARTPATH":"N"},"geometry":{"type":"LineString","coordinates":[[-84.30769,40.78854],[-84.30833,40.79067],[-84.30771,40.79217],[-84.3078,40.79421],[-84.30193,40.79587],[-84.30128,40.79714],[-84.29953,40.79876],[-84.29972,40.80116],[-84.30016,40.80133],[-84.30021,40.80206],[-84.30313,40.80286],[-84.30414,40.80382],[-84.30419,40.80484],[-84.30503,40.80695],[-84.30521,40.80942],[-84.30455,40.81034],[-84.30326,40.81087],[-84.30115,40.81242],[-84.3009,40.81315],[-84.30121,40.8143],[-84.30053,40.81512],[-84.29851,40.81563],[-84.2983,40.81716],[-84.29772,40.81732],[-84.29587,40.81886],[-84.29474,40.8191],[-84.29389,40.82049],[-84.29304,40.82074],[-84.29305,40.82126],[-84.29092,40.82255],[-84.28722,40.82269],[-84.28685,40.82359],[-84.28742,40.82394],[-84.28694,40.82451],[-84.2881,40.82593],[-84.28812,40.82769]]}},{"type":"Feature","properties":{"OID":"110457129899","MTFCC":"H3010","ARTPATH":"N"},"geometry":{"type":"LineString","coordinates":[[-84.08789,40.74888],[-84.08892,40.74826]]}},{"type":"Feature","properties":{"OID":"110457129900","MTFCC":"H3010","ARTPATH":"N"},"geometry":{"type":"LineString","coordinates":[[-84.06789,40.74766],[-84.07104,40.74757],[-84.07243,40.74918],[-84.07583,40.74933],[-84.08323,40.74872],[-84.08534,40.74798],[-84.08574,40.74742],[-84.08673,40.74725],[-84.08735,40.74755],[-84.08739,40.74856],[-84.08789,40.74888]]}},{"type":"Feature","properties":{"OID":"110457129901","MTFCC":"H3010","ARTPATH":"N"},"geometry":{"type":"LineString","coordinates":[[-84.08672,40.74865],[-84.08754,40.74911],[-84.08789,40.74888]]}},{"type":"Feature","properties":{"OID":"110457129902","MTFCC":"H3010","ARTPATH":"N"},"geometry":{"type":"LineString","coordinates":[[-84.28812,40.82769],[-84.28732,40.82941],[-84.28658,40.82982],[-84.28807,40.83185],[-84.28778,40.83375],[-84.28718,40.83446]]}},{"type":"Feature","properties":{"OID":"110457129903","MTFCC":"H3010","ARTPATH":"N"},"geometry":{"type":"LineString","coordinates":[[-84.31393,40.81956],[-84.31435,40.82013],[-84.31317,40.82304],[-84.31242,40.82674],[-84.31105,40.82804],[-84.31063,40.82887],[-84.30236,40.83113],[-84.30086,40.83046],[-84.30072,40.83096],[-84.29604,40.83193],[-84.29322,40.83163],[-84.29171,40.83001],[-84.29063,40.82952],[-84.29045,40.82832],[-84.28812,40.82769]]}},{"type":"Feature","properties":{"OID":"110457129904","MTFCC":"H3010","ARTPATH":"N"},"geometry":{"type":"LineString","coordinates":[[-83.92495,40.66991],[-83.92587,40.66951],[-83.92849,40.66623],[-83.93158,40.66388],[-83.93399,40.66288],[-83.93467,40.66095],[-83.93611,40.66059],[-83.93831,40.65799],[-83.93849,40.65685],[-83.93719,40.65572],[-83.93719,40.6548],[-83.93763,40.65453],[-83.93756,40.65419],[-83.93837,40.65305],[-83.94097,40.65187],[-83.94102,40.64831],[-83.94206,40.64717],[-83.94222,40.64442]]}},{"type":"Feature","properties":{"OID":"110457129905","MTFCC":"H3010","ARTPATH":"N"},"geometry":{"type":"LineString","coordinates":[[-83.92439,40.88953],[-83.92536,40.89053],[-83.92629,40.89088],[-83.92526,40.89226],[-83.92524,40.89299],[-83.92789,40.89543],[-83.92863,40.89677],[-83.93131,40.8985],[-83.93181,40.89925],[-83.9341,40.90085],[-83.93413,40.90118],[-83.93596,40.90172],[-83.93629,40.9023],[-83.93807,40.90335]]}},{"type":"Feature","properties":{"OID":"110457129906","MTFCC":"H3010","ARTPATH":"N"},"geometry":{"type":"LineString","coordinates":[[-83.97689,40.9019],[-83.97989,40.90225],[-83.98623,40.90433],[-83.98885,40.90425],[-83.99031,40.90521],[-83.99382,40.90517],[-83.99418,40.90636],[-83.99518,40.90667]]}},{"type":"Feature","properties":{"OID":"110457129907","MTFCC":"H3010","ARTPATH":"N"},"geometry":{"type":"LineString","coordinates":[[-83.97689,40.9019],[-83.9768,40.90008],[-83.97535,40.89909],[-83.97588,40.8978],[-83.97493,40.89659],[-83.97475,40.89494],[-83.97537,40.89389],[-83.97642,40.89345]]}},{"type":"Feature","properties":{"OID":"110457129908","MTFCC":"H3010","ARTPATH":"N"},"geometry":{"type":"LineString","coordinates":[[-83.96243,40.90314],[-83.97177,40.90312],[-83.97438,40.90238],[-83.97676,40.9023],[-83.97689,40.9019]]}},{"type":"Feature","properties":{"OID":"110457129909","MTFCC":"H3010","ARTPATH":"N"},"geometry":{"type":"LineString","coordinates":[[-84.07153,40.86822],[-84.06947,40.8666],[-84.06889,40.86651],[-84.06854,40.86582],[-84.06916,40.8646],[-84.07118,40.86384],[-84.07097,40.85927],[-84.06646,40.85894],[-84.06634,40.85741],[-84.06555,40.85736],[-84.06544,40.85667],[-84.06474,40.85636],[-84.0647,40.8556],[-84.06358,40.85548],[-84.06298,40.85437],[-84.06049,40.85205],[-84.05681,40.85131],[-84.055,40.85165],[-84.05366,40.8511],[-84.05366,40.84946],[-84.05167,40.84832],[-84.05163,40.84531],[-84.05067,40.84507],[-84.05068,40.84394],[-84.04977,40.84386],[-84.04891,40.84333],[-84.04754,40.84185],[-84.04824,40.84072],[-84.04847,40.83825],[-84.04903,40.83722],[-84.05082,40.83573],[-84.05108,40.83424],[-84.0531,40.83359],[-84.05636,40.83396]]}},{"type":"Feature","properties":{"OID":"110457129910","MTFCC":"H3010","ARTPATH":"N"},"geometry":{"type":"LineString","coordinates":[[-84.01309,40.65097],[-84.01017,40.65082],[-84.00846,40.65007],[-84.0047,40.64915]]}},{"type":"Feature","properties":{"OID":"110457129911","MTFCC":"H3010","ARTPATH":"N"},"geometry":{"type":"LineString","coordinates":[[-83.94313,40.89198],[-83.94347,40.89237],[-83.9457,40.89277],[-83.94603,40.89341],[-83.94396,40.89697],[-83.94375,40.89803],[-83.94477,40.89825],[-83.94481,40.89888],[-83.9462,40.89886],[-83.94796,40.89986],[-83.94807,40.90128],[-83.95031,40.90148],[-83.9504,40.90266],[-83.9519,40.90275],[-83.95465,40.90449],[-83.95776,40.90447],[-83.96057,40.90329],[-83.96243,40.90314]]}},{"type":"Feature","properties":{"OID":"110457129912","MTFCC":"H3010","ARTPATH":"N"},"geometry":{"type":"LineString","coordinates":[[-84.33616,40.84193],[-84.33682,40.84144]]}},{"type":"Feature","properties":{"OID":"110457129913","MTFCC":"H3010","ARTPATH":"N"},"geometry":{"type":"LineString","coordinates":[[-84.28341,40.85847],[-84.28363,40.85741],[-84.2852,40.85711]]}},{"type":"Feature","properties":{"OID":"110457129914","MTFCC":"H3010","ARTPATH":"N"},"geometry":{"type":"LineString","coordinates":[[-84.31084,40.75711],[-84.30958,40.75728],[-84.30792,40.75906],[-84.30756,40.7603],[-84.30559,40.75994],[-84.30652,40.76186],[-84.30731,40.76249]]}},{"type":"Feature","properties":{"OID":"110457129915","MTFCC":"H3010","ARTPATH":"N"},"geometry":{"type":"LineString","coordinates":[[-83.91113,40.87454],[-83.91156,40.87761],[-83.91404,40.87903],[-83.9143,40.87976],[-83.91581,40.88078]]}},{"type":"Feature","properties":{"OID":"110457129916","MTFCC":"H3010","ARTPATH":"N"},"geometry":{"type":"LineString","coordinates":[[-84.29288,40.68574],[-84.29265,40.68632],[-84.29331,40.68696],[-84.29323,40.68733],[-84.29061,40.68974],[-84.28973,40.69238],[-84.28975,40.6932],[-84.2891,40.69378],[-84.28828,40.69665],[-84.28594,40.69817],[-84.28505,40.69923],[-84.28531,40.69993],[-84.28635,40.70099],[-84.28577,40.70192],[-84.28589,40.70253],[-84.28798,40.70439],[-84.28904,40.70492]]}},{"type":"Feature","properties":{"OID":"110457129917","MTFCC":"H3010","ARTPATH":"N"},"geometry":{"type":"LineString","coordinates":[[-84.28465,40.73633],[-84.28463,40.73797],[-84.28069,40.73948],[-84.27884,40.74103]]}},{"type":"Feature","properties":{"OID":"110457129918","MTFCC":"H3010","ARTPATH":"N"},"geometry":{"type":"LineString","coordinates":[[-84.30566,40.68568],[-84.30602,40.68621],[-84.30742,40.68692],[-84.30713,40.68809],[-84.30847,40.68939],[-84.30845,40.69029],[-84.30761,40.69148],[-84.30744,40.69274],[-84.30781,40.69354],[-84.30758,40.69424],[-84.30806,40.69522],[-84.30744,40.69609],[-84.30778,40.69659],[-84.30897,40.69694],[-84.30916,40.69876],[-84.30948,40.69928]]}},{"type":"Feature","properties":{"OID":"110457129919","MTFCC":"H3010","ARTPATH":"N"},"geometry":{"type":"LineString","coordinates":[[-84.31206,40.68568],[-84.31091,40.68739],[-84.31248,40.69031],[-84.31258,40.69215],[-84.3119,40.69383],[-84.3126,40.69488],[-84.31113,40.69725],[-84.30988,40.69836],[-84.30948,40.69928]]}},{"type":"Feature","properties":{"OID":"110457129920","MTFCC":"H3010","ARTPATH":"N"},"geometry":{"type":"LineString","coordinates":[[-84.27604,40.74329],[-84.27511,40.74552],[-84.27364,40.74573],[-84.27313,40.74613],[-84.2729,40.74763],[-84.2708,40.74943],[-84.27068,40.7506]]}},{"type":"Feature","properties":{"OID":"110457129921","MTFCC":"H3010","ARTPATH":"N"},"geometry":{"type":"LineString","coordinates":[[-84.31168,40.75678],[-84.31084,40.75711]]}},{"type":"Feature","properties":{"OID":"110457129922","MTFCC":"H3010","ARTPATH":"N"},"geometry":{"type":"LineString","coordinates":[[-84.31682,40.74911],[-84.31584,40.74898],[-84.31529,40.74926],[-84.31546,40.75094],[-84.31495,40.75138],[-84.31486,40.75221],[-84.31364,40.75206],[-84.31322,40.75228],[-84.3132,40.75304],[-84.31421,40.75392],[-84.31294,40.75462],[-84.31267,40.75592],[-84.31168,40.75678]]}},{"type":"Feature","properties":{"OID":"110457129923","MTFCC":"H3010","ARTPATH":"N"},"geometry":{"type":"LineString","coordinates":[[-84.31936,40.75102],[-84.31994,40.75214],[-84.32125,40.75338],[-84.32128,40.75415],[-84.3202,40.75553],[-84.32034,40.7558],[-84.32083,40.75578],[-84.32083,40.75609],[-84.31826,40.75673],[-84.31574,40.75795],[-84.31442,40.75781],[-84.31319,40.75689],[-84.31235,40.75706],[-84.31168,40.75678]]}},{"type":"Feature","properties":{"OID":"110457129924","MTFCC":"H3010","ARTPATH":"N"},"geometry":{"type":"LineString","coordinates":[[-84.04664,40.70444],[-84.05047,40.70382]]}},{"type":"Feature","properties":{"OID":"110457129925","MTFCC":"H3010","ARTPATH":"N"},"geometry":{"type":"LineString","coordinates":[[-84.31084,40.75711],[-84.30992,40.75762],[-84.30945,40.7583],[-84.3093,40.76016],[-84.30871,40.76132],[-84.30891,40.76183],[-84.30756,40.76253]]}},{"type":"Feature","properties":{"OID":"110457129926","MTFCC":"H3010","ARTPATH":"N"},"geometry":{"type":"LineString","coordinates":[[-84.03143,40.6625],[-84.02988,40.66175],[-84.02882,40.65952],[-84.02592,40.65721],[-84.01675,40.65755],[-84.01194,40.65475],[-84.01001,40.65463],[-84.00835,40.65644],[-84.00573,40.65834],[-84.0042,40.66093],[-84.00251,40.66221],[-84.00148,40.6623],[-83.99653,40.66157],[-83.99378,40.66229],[-83.98933,40.66229],[-83.98841,40.66305],[-83.98144,40.66626],[-83.97615,40.66628]]}},{"type":"Feature","properties":{"OID":"110457129927","MTFCC":"H3010","ARTPATH":"N"},"geometry":{"type":"LineString","coordinates":[[-84.04685,40.7056],[-84.04965,40.70551]]}},{"type":"Feature","properties":{"OID":"110457129928","MTFCC":"H3010","ARTPATH":"N"},"geometry":{"type":"LineString","coordinates":[[-84.09903,40.89332],[-84.09537,40.89645],[-84.09162,40.89777],[-84.08955,40.89899],[-84.08744,40.89952]]}},{"type":"Feature","properties":{"OID":"110457129929","MTFCC":"H3010","ARTPATH":"N"},"geometry":{"type":"LineString","coordinates":[[-84.10988,40.88692],[-84.10613,40.88902],[-84.10507,40.89032],[-84.105,40.89094],[-84.10112,40.8932],[-84.09903,40.89332]]}},{"type":"Feature","properties":{"OID":"110457129930","MTFCC":"H3010","ARTPATH":"N"},"geometry":{"type":"LineString","coordinates":[[-84.09632,40.86835],[-84.09596,40.87171],[-84.09519,40.87192],[-84.09529,40.8783],[-84.09638,40.8786],[-84.09642,40.88274],[-84.0979,40.88289],[-84.09848,40.88718],[-84.09823,40.88761],[-84.09836,40.88997],[-84.09794,40.89085],[-84.0982,40.89221],[-84.09886,40.89268],[-84.09903,40.89332]]}},{"type":"Feature","properties":{"OID":"110457129931","MTFCC":"H3010","ARTPATH":"N"},"geometry":{"type":"LineString","coordinates":[[-84.24318,40.79478],[-84.24124,40.79581],[-84.2411,40.7965],[-84.2404,40.7972],[-84.23742,40.79823],[-84.23849,40.80085],[-84.24027,40.80091],[-84.24131,40.80235],[-84.24151,40.80315],[-84.24213,40.80359],[-84.2416,40.80447],[-84.24057,40.80449],[-84.23995,40.80556],[-84.23996,40.80894]]}},{"type":"Feature","properties":{"OID":"110457129932","MTFCC":"H3010","ARTPATH":"N"},"geometry":{"type":"LineString","coordinates":[[-83.95533,40.89148],[-83.9567,40.89151],[-83.95671,40.8924],[-83.95755,40.8937],[-83.95758,40.8958],[-83.95981,40.8959],[-83.96,40.89699],[-83.961,40.89792],[-83.96223,40.89983],[-83.96243,40.90314]]}},{"type":"Feature","properties":{"OID":"110457129933","MTFCC":"H3010","ARTPATH":"N"},"geometry":{"type":"LineString","coordinates":[[-84.16687,40.77147],[-84.16269,40.76944],[-84.1606,40.76988],[-84.15805,40.76954],[-84.15474,40.76963],[-84.15127,40.77137]]}},{"type":"Feature","properties":{"OID":"110457129934","MTFCC":"H3010","ARTPATH":"N"},"geometry":{"type":"LineString","coordinates":[[-84.22274,40.82363],[-84.22272,40.82478],[-84.22178,40.8248],[-84.22165,40.82593],[-84.22107,40.82598],[-84.22106,40.82711],[-84.21948,40.82719],[-84.2195,40.83063],[-84.2186,40.83308],[-84.21719,40.83421],[-84.2163,40.83549],[-84.21513,40.83625],[-84.21074,40.83719],[-84.20928,40.83799],[-84.20572,40.83812],[-84.20216,40.83894],[-84.19767,40.8375]]}},{"type":"Feature","properties":{"OID":"110457129935","MTFCC":"H3010","ARTPATH":"N"},"geometry":{"type":"LineString","coordinates":[[-84.21328,40.6715],[-84.20423,40.67152],[-84.20237,40.67132],[-84.19732,40.66958],[-84.19361,40.66945],[-84.1934,40.66812],[-84.19247,40.66762],[-84.19217,40.66631],[-84.19356,40.66401],[-84.19228,40.66244],[-84.19216,40.66146],[-84.18959,40.6571]]}},{"type":"Feature","properties":{"OID":"110457129936","MTFCC":"H3010","ARTPATH":"N"},"geometry":{"type":"LineString","coordinates":[[-84.23336,40.7802],[-84.23115,40.77995],[-84.22965,40.77894],[-84.22923,40.77829],[-84.22976,40.77634],[-84.22915,40.77498],[-84.22998,40.77419],[-84.23113,40.77371],[-84.22859,40.77235],[-84.22891,40.77134],[-84.22798,40.77085],[-84.22758,40.76947],[-84.22614,40.76804],[-84.22666,40.76529],[-84.22731,40.76491],[-84.22698,40.76406],[-84.22495,40.76287],[-84.22342,40.76283],[-84.22208,40.76155],[-84.22068,40.76083],[-84.22107,40.75997],[-84.22281,40.75848]]}},{"type":"Feature","properties":{"OID":"110457129937","MTFCC":"H3010","ARTPATH":"N"},"geometry":{"type":"LineString","coordinates":[[-84.01556,40.89933],[-84.01426,40.89949],[-84.0142,40.90001],[-84.01089,40.90272],[-84.01008,40.90437],[-84.01058,40.90497]]}},{"type":"Feature","properties":{"OID":"110457129938","MTFCC":"H3010","ARTPATH":"N"},"geometry":{"type":"LineString","coordinates":[[-83.95579,40.77087],[-83.95522,40.77026],[-83.95498,40.76819],[-83.95417,40.76603],[-83.95408,40.76439],[-83.95578,40.7628],[-83.95668,40.76281],[-83.95658,40.7595],[-83.95829,40.75729],[-83.95962,40.75706],[-83.95992,40.75621],[-83.9596,40.75429],[-83.96057,40.75333],[-83.96218,40.75286],[-83.96188,40.75208],[-83.96306,40.75214],[-83.96343,40.7496],[-83.9585,40.74815],[-83.95751,40.74805],[-83.95556,40.74869],[-83.95206,40.74788],[-83.95166,40.74576],[-83.94887,40.74438],[-83.94852,40.74341],[-83.94783,40.74296],[-83.94616,40.74279],[-83.94539,40.74299],[-83.9443,40.74386],[-83.94169,40.7439],[-83.94168,40.74271],[-83.94099,40.74279],[-83.93916,40.74205],[-83.93845,40.74248],[-83.93872,40.74272],[-83.9385,40.74306],[-83.93768,40.74328],[-83.93751,40.74389],[-83.93709,40.74327],[-83.93464,40.74367],[-83.93407,40.74422]]}},{"type":"Feature","properties":{"OID":"110457129939","MTFCC":"H3010","ARTPATH":"N"},"geometry":{"type":"LineString","coordinates":[[-84.04064,40.75595],[-84.04211,40.75647]]}},{"type":"Feature","properties":{"OID":"110457129940","MTFCC":"H3010","ARTPATH":"N"},"geometry":{"type":"LineString","coordinates":[[-84.04064,40.75595],[-84.04506,40.75444],[-84.04815,40.75285]]}},{"type":"Feature","properties":{"OID":"110457129941","MTFCC":"H3010","ARTPATH":"N"},"geometry":{"type":"LineString","coordinates":[[-84.03739,40.75671],[-84.03818,40.75609],[-84.04064,40.75595]]}},{"type":"Feature","properties":{"OID":"110457129942","MTFCC":"H3010","ARTPATH":"N"},"geometry":{"type":"LineString","coordinates":[[-84.21633,40.67062],[-84.2165,40.67145],[-84.21796,40.67186],[-84.21855,40.67247],[-84.21846,40.67411],[-84.22003,40.67432],[-84.22203,40.67673],[-84.22268,40.67701]]}},{"type":"Feature","properties":{"OID":"110457129943","MTFCC":"H3010","ARTPATH":"N"},"geometry":{"type":"LineString","coordinates":[[-84.33081,40.75106],[-84.33189,40.75167],[-84.33183,40.75255],[-84.33235,40.75321]]}},{"type":"Feature","properties":{"OID":"110457129944","MTFCC":"H3010","ARTPATH":"N"},"geometry":{"type":"LineString","coordinates":[[-84.34598,40.74206],[-84.34642,40.74256],[-84.34652,40.74361],[-84.34617,40.74558],[-84.34531,40.74657],[-84.34504,40.74776],[-84.33928,40.74769],[-84.33845,40.74825],[-84.33638,40.74887],[-84.33492,40.7489],[-84.33396,40.74857],[-84.33257,40.74999],[-84.33081,40.75106]]}},{"type":"Feature","properties":{"OID":"110457129945","MTFCC":"H3010","ARTPATH":"N"},"geometry":{"type":"LineString","coordinates":[[-84.32264,40.74833],[-84.32488,40.74872],[-84.32987,40.75095],[-84.33081,40.75106]]}},{"type":"Feature","properties":{"OID":"110457129946","MTFCC":"H3010","ARTPATH":"N"},"geometry":{"type":"LineString","coordinates":[[-84.14968,40.80676],[-84.14932,40.80615],[-84.14892,40.80334],[-84.14847,40.80275],[-84.1463,40.80195],[-84.14476,40.80081],[-84.14286,40.80055]]}},{"type":"Feature","properties":{"OID":"110457129947","MTFCC":"H3010","ARTPATH":"N"},"geometry":{"type":"LineString","coordinates":[[-84.34047,40.85464],[-84.34047,40.85496]]}},{"type":"Feature","properties":{"OID":"110457129948","MTFCC":"H3010","ARTPATH":"N"},"geometry":{"type":"LineString","coordinates":[[-83.90906,40.85584],[-83.90823,40.85659],[-83.90733,40.85682],[-83.89957,40.8576]]}},{"type":"Feature","properties":{"OID":"110457129949","MTFCC":"H3010","ARTPATH":"N"},"geometry":{"type":"LineString","coordinates":[[-84.23328,40.84513],[-84.23157,40.84506],[-84.23065,40.84543],[-84.22981,40.84636],[-84.22746,40.84769],[-84.22168,40.84866],[-84.21932,40.84883],[-84.21906,40.84786],[-84.21645,40.84692],[-84.2147,40.84683]]}},{"type":"Feature","properties":{"OID":"110457129950","MTFCC":"H3010","ARTPATH":"N"},"geometry":{"type":"LineString","coordinates":[[-83.90885,40.8331],[-83.91629,40.83184],[-83.91834,40.83282],[-83.92169,40.83315],[-83.92267,40.83488],[-83.92411,40.83556],[-83.92547,40.83513]]}},{"type":"Feature","properties":{"OID":"110457129952","MTFCC":"H3010","ARTPATH":"N"},"geometry":{"type":"LineString","coordinates":[[-83.89113,40.70312],[-83.89179,40.70421],[-83.89276,40.70499],[-83.90671,40.70494],[-83.90858,40.70599],[-83.91028,40.70607],[-83.91263,40.70476],[-83.9152,40.70526],[-83.91636,40.70605],[-83.91769,40.70634],[-83.9184,40.70726],[-83.91925,40.70737],[-83.92057,40.70668],[-83.92207,40.70658],[-83.92398,40.70406],[-83.9251,40.70356],[-83.92802,40.70376],[-83.92919,40.70316],[-83.93081,40.70299],[-83.94468,40.70242],[-83.94631,40.7011],[-83.94661,40.69975],[-83.9473,40.69854],[-83.94944,40.69591],[-83.95144,40.69562],[-83.95128,40.69469],[-83.95323,40.69384],[-83.95386,40.69283],[-83.95473,40.69335],[-83.95545,40.69318],[-83.95572,40.69382],[-83.95626,40.69394],[-83.95828,40.69349],[-83.95837,40.6922],[-83.95956,40.69213],[-83.95981,40.69157]]}},{"type":"Feature","properties":{"OID":"110457129953","MTFCC":"H3010","ARTPATH":"N"},"geometry":{"type":"LineString","coordinates":[[-84.03231,40.80793],[-84.0334,40.80798],[-84.03707,40.80909],[-84.03949,40.8093],[-84.04385,40.81117]]}},{"type":"Feature","properties":{"OID":"110457129954","MTFCC":"H3010","ARTPATH":"N"},"geometry":{"type":"LineString","coordinates":[[-83.98588,40.83079],[-83.98708,40.82965],[-83.99566,40.82788],[-83.996,40.82575],[-83.9996,40.82541],[-84.00231,40.82319],[-84.00646,40.82199],[-84.00842,40.82188],[-84.0116,40.82073],[-84.01341,40.81949],[-84.01842,40.81886],[-84.02169,40.8175]]}},{"type":"Feature","properties":{"OID":"110457129955","MTFCC":"H3010","ARTPATH":"N"},"geometry":{"type":"LineString","coordinates":[[-84.23001,40.72943],[-84.23,40.72825],[-84.22941,40.72689],[-84.22935,40.72503],[-84.23066,40.72431],[-84.23055,40.72329],[-84.23088,40.72282],[-84.23041,40.72042],[-84.22931,40.71947],[-84.22578,40.71859],[-84.22529,40.71792],[-84.2249,40.71624],[-84.22309,40.71614]]}},{"type":"Feature","properties":{"OID":"110457129956","MTFCC":"H3010","ARTPATH":"N"},"geometry":{"type":"LineString","coordinates":[[-84.17914,40.71466],[-84.17931,40.71445],[-84.17873,40.71454],[-84.17882,40.71506],[-84.1791,40.71466]]}},{"type":"Feature","properties":{"OID":"110457129957","MTFCC":"H3010","ARTPATH":"N"},"geometry":{"type":"LineString","coordinates":[[-84.18472,40.68907],[-84.18556,40.68844],[-84.18569,40.68634],[-84.18661,40.68462],[-84.18935,40.68252]]}},{"type":"Feature","properties":{"OID":"110457129958","MTFCC":"H3010","ARTPATH":"N"},"geometry":{"type":"LineString","coordinates":[[-84.28825,40.71003],[-84.28465,40.71001],[-84.284,40.71047],[-84.28393,40.712],[-84.2832,40.71272]]}},{"type":"Feature","properties":{"OID":"110457129959","MTFCC":"H3010","ARTPATH":"N"},"geometry":{"type":"LineString","coordinates":[[-84.28825,40.71003],[-84.28858,40.7107],[-84.29029,40.7107],[-84.29021,40.71254]]}},{"type":"Feature","properties":{"OID":"110457129960","MTFCC":"H3010","ARTPATH":"N"},"geometry":{"type":"LineString","coordinates":[[-84.28904,40.70492],[-84.28927,40.7068],[-84.28863,40.70728],[-84.28801,40.70845],[-84.2887,40.70952],[-84.28825,40.71003]]}},{"type":"Feature","properties":{"OID":"110457129961","MTFCC":"H3010","ARTPATH":"N"},"geometry":{"type":"LineString","coordinates":[[-84.32964,40.82766],[-84.32927,40.82705],[-84.32917,40.82543],[-84.32783,40.82392],[-84.32483,40.82341],[-84.32023,40.82335]]}},{"type":"Feature","properties":{"OID":"110457129962","MTFCC":"H3010","ARTPATH":"N"},"geometry":{"type":"LineString","coordinates":[[-84.29547,40.69285],[-84.2945,40.69401],[-84.29445,40.69486],[-84.29374,40.69628],[-84.29197,40.69769],[-84.292,40.70021],[-84.29109,40.70159],[-84.29178,40.70239],[-84.29027,40.70316],[-84.2901,40.70381],[-84.28924,40.70417],[-84.28904,40.70492]]}},{"type":"Feature","properties":{"OID":"110457129963","MTFCC":"H3010","ARTPATH":"N"},"geometry":{"type":"LineString","coordinates":[[-84.19418,40.85145],[-84.19324,40.85066],[-84.19222,40.85041],[-84.19059,40.85088],[-84.19007,40.85054],[-84.18962,40.84961]]}},{"type":"Feature","properties":{"OID":"110457129964","MTFCC":"H3010","ARTPATH":"N"},"geometry":{"type":"LineString","coordinates":[[-83.8803,40.88103],[-83.88396,40.88243],[-83.88533,40.88237],[-83.88602,40.88279],[-83.88693,40.88282],[-83.88837,40.88391],[-83.88909,40.88399],[-83.88954,40.88495]]}},{"type":"Feature","properties":{"OID":"110457129965","MTFCC":"H3010","ARTPATH":"N"},"geometry":{"type":"LineString","coordinates":[[-84.00826,40.71478],[-84.00714,40.71451],[-84.00676,40.71388],[-84.0068,40.71285],[-84.00577,40.71186],[-84.00363,40.71174],[-84.00359,40.7066]]}},{"type":"Feature","properties":{"OID":"110457129966","MTFCC":"H3010","ARTPATH":"N"},"geometry":{"type":"LineString","coordinates":[[-83.99415,40.87507],[-83.99544,40.87726],[-83.99844,40.87889],[-83.99992,40.87932]]}},{"type":"Feature","properties":{"OID":"110457129967","MTFCC":"H3010","ARTPATH":"N"},"geometry":{"type":"LineString","coordinates":[[-84.08027,40.89114],[-84.08014,40.89213],[-84.07931,40.89256]]}},{"type":"Feature","properties":{"OID":"110457129968","MTFCC":"H3010","ARTPATH":"N"},"geometry":{"type":"LineString","coordinates":[[-84.29718,40.69123],[-84.29711,40.69203],[-84.29547,40.69285]]}},{"type":"Feature","properties":{"OID":"110457129969","MTFCC":"H3010","ARTPATH":"N"},"geometry":{"type":"LineString","coordinates":[[-83.88721,40.89737],[-83.88782,40.89797],[-83.88636,40.89849],[-83.88488,40.89809],[-83.88184,40.89881],[-83.88038,40.89864]]}},{"type":"Feature","properties":{"OID":"110457129970","MTFCC":"H3010","ARTPATH":"N"},"geometry":{"type":"LineString","coordinates":[[-84.30948,40.69928],[-84.30949,40.70014],[-84.30828,40.70175],[-84.30691,40.70194],[-84.30381,40.70432],[-84.30323,40.70734],[-84.30078,40.70737],[-84.30065,40.7079],[-84.29972,40.70862],[-84.29641,40.70782],[-84.29491,40.70863],[-84.29337,40.71103],[-84.29357,40.71159],[-84.29498,40.71281],[-84.29494,40.71384],[-84.29453,40.71434],[-84.29338,40.71476],[-84.29313,40.71429],[-84.29233,40.71422],[-84.29131,40.71355]]}},{"type":"Feature","properties":{"OID":"110457129971","MTFCC":"H3010","ARTPATH":"N"},"geometry":{"type":"LineString","coordinates":[[-84.25084,40.68901],[-84.2527,40.6907],[-84.256,40.69478],[-84.25728,40.69497]]}},{"type":"Feature","properties":{"OID":"110457129972","MTFCC":"H3010","ARTPATH":"N"},"geometry":{"type":"LineString","coordinates":[[-84.02841,40.763],[-84.03119,40.7608],[-84.03196,40.75943],[-84.03221,40.75765],[-84.03262,40.75711],[-84.03327,40.75699],[-84.03502,40.75774],[-84.03623,40.75748]]}},{"type":"Feature","properties":{"OID":"110457129973","MTFCC":"H3010","ARTPATH":"N"},"geometry":{"type":"LineString","coordinates":[[-84.25215,40.70997],[-84.2508,40.70978],[-84.24844,40.71039],[-84.24685,40.70956],[-84.24577,40.70961],[-84.24307,40.709],[-84.24251,40.70827],[-84.24112,40.70767],[-84.24091,40.70544],[-84.23962,40.70463],[-84.23919,40.70339],[-84.2377,40.7011],[-84.2329,40.69862],[-84.22986,40.69812],[-84.22909,40.69689]]}},{"type":"Feature","properties":{"OID":"110457129974","MTFCC":"H3010","ARTPATH":"N"},"geometry":{"type":"LineString","coordinates":[[-84.26679,40.70416],[-84.2663,40.70569],[-84.26565,40.70626],[-84.26556,40.70674],[-84.26422,40.70756],[-84.25908,40.70921],[-84.25785,40.70923],[-84.25603,40.71025],[-84.25549,40.71087],[-84.25369,40.71009],[-84.25282,40.71033],[-84.25215,40.70997]]}},{"type":"Feature","properties":{"OID":"110457129975","MTFCC":"H3010","ARTPATH":"N"},"geometry":{"type":"LineString","coordinates":[[-84.24736,40.70047],[-84.24697,40.70281],[-84.24758,40.70369],[-84.24902,40.70478],[-84.25074,40.70553],[-84.25315,40.70568],[-84.25355,40.70598],[-84.25367,40.70728],[-84.25242,40.70881],[-84.25215,40.70997]]}},{"type":"Feature","properties":{"OID":"110457129976","MTFCC":"H3010","ARTPATH":"N"},"geometry":{"type":"LineString","coordinates":[[-84.27812,40.71474],[-84.27285,40.71818],[-84.27102,40.71891],[-84.27113,40.72001],[-84.26891,40.72209],[-84.26565,40.7233]]}},{"type":"Feature","properties":{"OID":"110457129977","MTFCC":"H3010","ARTPATH":"N"},"geometry":{"type":"LineString","coordinates":[[-84.03287,40.87136],[-84.03051,40.87091],[-84.02797,40.86951],[-84.02786,40.8675]]}},{"type":"Feature","properties":{"OID":"110457129978","MTFCC":"H3010","ARTPATH":"N"},"geometry":{"type":"LineString","coordinates":[[-84.08892,40.74826],[-84.08949,40.74799]]}},{"type":"Feature","properties":{"OID":"110457129979","MTFCC":"H3010","ARTPATH":"N"},"geometry":{"type":"LineString","coordinates":[[-83.99336,40.77329],[-83.99391,40.77223]]}},{"type":"Feature","properties":{"OID":"110457129980","MTFCC":"H3010","ARTPATH":"N"},"geometry":{"type":"LineString","coordinates":[[-84.24995,40.72751],[-84.25387,40.72617],[-84.25816,40.72679],[-84.26151,40.72776],[-84.26278,40.72904],[-84.26327,40.73033],[-84.26341,40.73329],[-84.26241,40.73467],[-84.26402,40.73749],[-84.27027,40.73983],[-84.2721,40.74091],[-84.27439,40.7416],[-84.27552,40.74244],[-84.27604,40.74329]]}},{"type":"Feature","properties":{"OID":"110457129981","MTFCC":"H3010","ARTPATH":"N"},"geometry":{"type":"LineString","coordinates":[[-84.08892,40.74826],[-84.08969,40.7481],[-84.09299,40.75004],[-84.09421,40.75002]]}},{"type":"Feature","properties":{"OID":"110457129982","MTFCC":"H3010","ARTPATH":"N"},"geometry":{"type":"LineString","coordinates":[[-84.30097,40.7506],[-84.2999,40.75182],[-84.29994,40.75814],[-84.29857,40.75879],[-84.2973,40.75887],[-84.29514,40.76029],[-84.29501,40.76112],[-84.29335,40.76243],[-84.29307,40.7649],[-84.28984,40.76681],[-84.28951,40.76883],[-84.28626,40.77035],[-84.28586,40.77189],[-84.28511,40.77243],[-84.28417,40.7738],[-84.28163,40.77463],[-84.28068,40.77449],[-84.28011,40.77476]]}},{"type":"Feature","properties":{"OID":"110457129983","MTFCC":"H3010","ARTPATH":"N"},"geometry":{"type":"LineString","coordinates":[[-84.29596,40.6913],[-84.29543,40.69209],[-84.29547,40.69285]]}},{"type":"Feature","properties":{"OID":"110457129984","MTFCC":"H3010","ARTPATH":"N"},"geometry":{"type":"LineString","coordinates":[[-84.28246,40.72442],[-84.28412,40.7247],[-84.28736,40.72618],[-84.2948,40.72567],[-84.29633,40.72624],[-84.30008,40.726]]}},{"type":"Feature","properties":{"OID":"110457129985","MTFCC":"H3010","ARTPATH":"N"},"geometry":{"type":"LineString","coordinates":[[-84.31581,40.74402],[-84.31747,40.74495],[-84.31816,40.74688],[-84.31917,40.7476],[-84.31912,40.74817],[-84.31787,40.74915],[-84.31682,40.74911]]}},{"type":"Feature","properties":{"OID":"110457129986","MTFCC":"H3010","ARTPATH":"N"},"geometry":{"type":"LineString","coordinates":[[-84.30901,40.73595],[-84.30978,40.73649],[-84.31119,40.73652],[-84.31272,40.73781],[-84.31454,40.7386],[-84.31567,40.74236]]}},{"type":"Feature","properties":{"OID":"110457129987","MTFCC":"H3010","ARTPATH":"N"},"geometry":{"type":"LineString","coordinates":[[-84.39706,40.75271],[-84.39462,40.75255],[-84.39288,40.754],[-84.38654,40.75326],[-84.38649,40.75412]]}},{"type":"Feature","properties":{"OID":"110457129988","MTFCC":"H3010","ARTPATH":"N"},"geometry":{"type":"LineString","coordinates":[[-84.32206,40.68729],[-84.32098,40.68836],[-84.31972,40.68873],[-84.31939,40.68942],[-84.31936,40.69166],[-84.31835,40.69227],[-84.3184,40.69743],[-84.31955,40.69854],[-84.32018,40.70154],[-84.31981,40.70214],[-84.31978,40.70481],[-84.3183,40.70596],[-84.31826,40.70843]]}},{"type":"Feature","properties":{"OID":"110457129989","MTFCC":"H3010","ARTPATH":"N"},"geometry":{"type":"LineString","coordinates":[[-84.31826,40.70843],[-84.31824,40.70928],[-84.31682,40.7109],[-84.31683,40.71147],[-84.31495,40.71441],[-84.31376,40.71548],[-84.31282,40.71574],[-84.31261,40.71637],[-84.31141,40.71715],[-84.30799,40.71734],[-84.30716,40.71796],[-84.30772,40.71947],[-84.30886,40.72019],[-84.30875,40.72123],[-84.30933,40.72207],[-84.31194,40.72351],[-84.31236,40.72406],[-84.31263,40.72543],[-84.31186,40.72673],[-84.31202,40.72766],[-84.3142,40.72867],[-84.31362,40.7294],[-84.31152,40.73017],[-84.31141,40.73074],[-84.3102,40.73032],[-84.30921,40.73037],[-84.30864,40.73141],[-84.30666,40.73261],[-84.30672,40.73315],[-84.30806,40.73483],[-84.30911,40.73541],[-84.30901,40.73595]]}},{"type":"Feature","properties":{"OID":"110457129990","MTFCC":"H3010","ARTPATH":"N"},"geometry":{"type":"LineString","coordinates":[[-84.32789,40.69024],[-84.32855,40.6906],[-84.32884,40.69145],[-84.33006,40.69287],[-84.32948,40.69472],[-84.32857,40.69591],[-84.32874,40.70015],[-84.3283,40.70176],[-84.32617,40.70204],[-84.32562,40.70377],[-84.32402,40.70438],[-84.32199,40.70608],[-84.32187,40.70744],[-84.32127,40.70836],[-84.31826,40.70843]]}},{"type":"Feature","properties":{"OID":"110457129991","MTFCC":"H3010","ARTPATH":"N"},"geometry":{"type":"LineString","coordinates":[[-84.37913,40.72437],[-84.37777,40.72439]]}},{"type":"Feature","properties":{"OID":"110457129992","MTFCC":"H3010","ARTPATH":"N"},"geometry":{"type":"LineString","coordinates":[[-84.27812,40.71474],[-84.27027,40.71478],[-84.26984,40.7103],[-84.26858,40.70995],[-84.26703,40.71064],[-84.26542,40.71067]]}},{"type":"Feature","properties":{"OID":"110457129993","MTFCC":"H3010","ARTPATH":"N"},"geometry":{"type":"LineString","coordinates":[[-84.27884,40.71054],[-84.27817,40.71103],[-84.27812,40.71474]]}},{"type":"Feature","properties":{"OID":"110457129994","MTFCC":"H3010","ARTPATH":"N"},"geometry":{"type":"LineString","coordinates":[[-83.98845,40.87176],[-83.98858,40.87065],[-83.9911,40.87059],[-83.99127,40.86977],[-83.99299,40.86833],[-83.996,40.86681],[-83.99627,40.8658],[-83.99537,40.86334],[-83.99314,40.86181],[-83.99194,40.86036],[-83.99131,40.8576],[-83.99295,40.85618],[-83.99298,40.85516],[-83.99196,40.854],[-83.99223,40.85266],[-83.99194,40.85172],[-83.99014,40.85097]]}},{"type":"Feature","properties":{"OID":"110457129995","MTFCC":"H3010","ARTPATH":"N"},"geometry":{"type":"LineString","coordinates":[[-84.32177,40.71133],[-84.3215,40.71368],[-84.32207,40.71565],[-84.322,40.71698],[-84.32045,40.71869],[-84.32104,40.72046],[-84.3199,40.72096],[-84.31932,40.72194],[-84.3194,40.72269],[-84.32052,40.7235],[-84.32291,40.72386],[-84.32371,40.7251],[-84.32702,40.7254],[-84.32865,40.72603]]}},{"type":"Feature","properties":{"OID":"110457129996","MTFCC":"H3010","ARTPATH":"N"},"geometry":{"type":"LineString","coordinates":[[-84.26625,40.68941],[-84.27029,40.68889]]}},{"type":"Feature","properties":{"OID":"110457129997","MTFCC":"H3010","ARTPATH":"N"},"geometry":{"type":"LineString","coordinates":[[-84.09286,40.83632],[-84.09034,40.83629],[-84.08954,40.83641],[-84.08921,40.83696],[-84.08696,40.83693],[-84.08572,40.83562],[-84.08367,40.83516],[-84.0824,40.83402]]}},{"type":"Feature","properties":{"OID":"110457129998","MTFCC":"H3010","ARTPATH":"N"},"geometry":{"type":"LineString","coordinates":[[-84.04233,40.81203],[-84.04269,40.81223]]}},{"type":"Feature","properties":{"OID":"110457129999","MTFCC":"H3010","ARTPATH":"N"},"geometry":{"type":"LineString","coordinates":[[-84.03333,40.83229],[-84.03266,40.83379],[-84.03066,40.83486],[-84.02928,40.83632],[-84.02678,40.83795],[-84.02665,40.83985],[-84.02521,40.8422],[-84.02261,40.84371]]}},{"type":"Feature","properties":{"OID":"110457130000","MTFCC":"H3010","ARTPATH":"N"},"geometry":{"type":"LineString","coordinates":[[-84.33355,40.69853],[-84.33391,40.70066],[-84.33384,40.70283],[-84.33345,40.70341],[-84.33355,40.70469],[-84.33461,40.70544],[-84.33457,40.70716],[-84.3357,40.71012],[-84.33713,40.71181],[-84.33806,40.71224],[-84.34022,40.71185]]}},{"type":"Feature","properties":{"OID":"110457130001","MTFCC":"H3010","ARTPATH":"N"},"geometry":{"type":"LineString","coordinates":[[-84.20581,40.80284],[-84.20605,40.80341],[-84.20584,40.80411]]}},{"type":"Feature","properties":{"OID":"110457130002","MTFCC":"H3010","ARTPATH":"N"},"geometry":{"type":"LineString","coordinates":[[-84.34022,40.71185],[-84.34033,40.71345],[-84.33831,40.71443],[-84.33783,40.71637],[-84.33444,40.71692],[-84.3346,40.71815],[-84.3359,40.71878]]}},{"type":"Feature","properties":{"OID":"110457130003","MTFCC":"H3010","ARTPATH":"N"},"geometry":{"type":"LineString","coordinates":[[-84.33866,40.6856],[-84.33851,40.68628],[-84.33768,40.68729],[-84.33792,40.68874],[-84.34095,40.68942],[-84.3409,40.69225],[-84.34021,40.6923],[-84.34017,40.69263],[-84.34072,40.6939],[-84.34,40.69469],[-84.33995,40.6959],[-84.34056,40.69791],[-84.34049,40.70763],[-84.34076,40.70943],[-84.34018,40.71048],[-84.34022,40.71185]]}},{"type":"Feature","properties":{"OID":"110457130004","MTFCC":"H3010","ARTPATH":"N"},"geometry":{"type":"LineString","coordinates":[[-84.22694,40.79163],[-84.2291,40.7918],[-84.22992,40.79229],[-84.23006,40.79291],[-84.23593,40.793],[-84.23595,40.7912],[-84.23744,40.7911],[-84.23744,40.78934]]}},{"type":"Feature","properties":{"OID":"110457130005","MTFCC":"H3010","ARTPATH":"N"},"geometry":{"type":"LineString","coordinates":[[-83.96511,40.83747],[-83.95944,40.83794],[-83.95597,40.8387],[-83.9545,40.84015]]}},{"type":"Feature","properties":{"OID":"110457130006","MTFCC":"H3010","ARTPATH":"N"},"geometry":{"type":"LineString","coordinates":[[-84.37747,40.71131],[-84.37435,40.71178],[-84.37307,40.71303],[-84.37308,40.71334],[-84.37197,40.71375]]}},{"type":"Feature","properties":{"OID":"110457130007","MTFCC":"H3010","ARTPATH":"N"},"geometry":{"type":"LineString","coordinates":[[-84.37747,40.71131],[-84.37757,40.71009],[-84.37611,40.7087],[-84.37563,40.70692]]}},{"type":"Feature","properties":{"OID":"110457130008","MTFCC":"H3010","ARTPATH":"N"},"geometry":{"type":"LineString","coordinates":[[-84.37379,40.68597],[-84.37337,40.68728],[-84.37232,40.68867],[-84.37235,40.6892],[-84.37547,40.6905],[-84.37571,40.6915],[-84.37888,40.69399],[-84.38002,40.69578],[-84.38083,40.6964],[-84.38145,40.69844],[-84.38244,40.69926],[-84.38277,40.70036],[-84.38397,40.7021],[-84.38407,40.70321],[-84.38589,40.70331],[-84.38503,40.70462],[-84.38517,40.70592],[-84.38547,40.70666],[-84.38645,40.70678],[-84.38643,40.7092],[-84.38245,40.70892],[-84.38199,40.70987],[-84.37988,40.71116],[-84.37747,40.71131]]}},{"type":"Feature","properties":{"OID":"110457130009","MTFCC":"H3010","ARTPATH":"N"},"geometry":{"type":"LineString","coordinates":[[-84.27884,40.74103],[-84.27882,40.74148],[-84.27797,40.74232],[-84.27604,40.74329]]}},{"type":"Feature","properties":{"OID":"110457130010","MTFCC":"H3010","ARTPATH":"N"},"geometry":{"type":"LineString","coordinates":[[-84.05057,40.75141],[-84.05283,40.74968],[-84.06117,40.7497],[-84.06379,40.74924]]}},{"type":"Feature","properties":{"OID":"110457130011","MTFCC":"H3010","ARTPATH":"N"},"geometry":{"type":"LineString","coordinates":[[-84.38029,40.78079],[-84.38129,40.7812],[-84.38171,40.78252],[-84.38306,40.78371],[-84.38399,40.78648],[-84.38348,40.78733],[-84.38254,40.78799],[-84.38284,40.79062],[-84.38197,40.79199],[-84.38197,40.79391],[-84.38109,40.7956],[-84.38094,40.79727],[-84.37866,40.79823],[-84.37841,40.79866]]}},{"type":"Feature","properties":{"OID":"110457130012","MTFCC":"H3010","ARTPATH":"N"},"geometry":{"type":"LineString","coordinates":[[-84.37841,40.79866],[-84.38101,40.79791],[-84.3828,40.79786],[-84.38776,40.79849]]}},{"type":"Feature","properties":{"OID":"110457130013","MTFCC":"H3010","ARTPATH":"N"},"geometry":{"type":"LineString","coordinates":[[-84.37841,40.79866],[-84.37716,40.79892],[-84.37651,40.80064],[-84.37482,40.8009],[-84.37348,40.80313],[-84.36975,40.80317],[-84.36718,40.80438],[-84.36716,40.80553],[-84.36879,40.80686],[-84.36871,40.80869],[-84.36648,40.81094],[-84.36453,40.81089],[-84.36216,40.81447],[-84.36057,40.81482],[-84.36001,40.81543],[-84.36003,40.81608]]}},{"type":"Feature","properties":{"OID":"110457130014","MTFCC":"H3010","ARTPATH":"N"},"geometry":{"type":"LineString","coordinates":[[-84.2469,40.73805],[-84.24791,40.74007],[-84.24879,40.74075],[-84.24884,40.74551],[-84.25221,40.74767],[-84.25677,40.74751],[-84.25743,40.7486],[-84.25677,40.75016],[-84.25287,40.7503],[-84.25279,40.75117],[-84.25156,40.75241],[-84.25021,40.75284],[-84.24962,40.75334],[-84.24952,40.75429],[-84.24808,40.75566],[-84.24763,40.75668],[-84.24586,40.7572],[-84.2446,40.75837],[-84.24258,40.75823],[-84.2414,40.75851],[-84.24093,40.75974],[-84.24022,40.76054],[-84.24101,40.76182],[-84.24102,40.76247],[-84.24041,40.76297],[-84.23969,40.76431],[-84.23989,40.76573],[-84.24233,40.76584],[-84.24288,40.76607],[-84.243,40.76658],[-84.2463,40.76658],[-84.24634,40.7678],[-84.24834,40.76787],[-84.24919,40.76943]]}},{"type":"Feature","properties":{"OID":"110457130015","MTFCC":"H3010","ARTPATH":"N"},"geometry":{"type":"LineString","coordinates":[[-84.24736,40.70047],[-84.24686,40.69927],[-84.24577,40.69894],[-84.24526,40.69817],[-84.2435,40.69787],[-84.24265,40.69654],[-84.24164,40.69621],[-84.24126,40.69575],[-84.24015,40.6899]]}},{"type":"Feature","properties":{"OID":"110457130016","MTFCC":"H3010","ARTPATH":"N"},"geometry":{"type":"LineString","coordinates":[[-84.24736,40.70047],[-84.24473,40.7005],[-84.24447,40.69993],[-84.24282,40.69931],[-84.23917,40.69898],[-84.23708,40.69689],[-84.2324,40.69397],[-84.23235,40.6932],[-84.23001,40.69133],[-84.22998,40.69032]]}},{"type":"Feature","properties":{"OID":"110457130017","MTFCC":"H3010","ARTPATH":"N"},"geometry":{"type":"LineString","coordinates":[[-84.22319,40.7333],[-84.22428,40.73274],[-84.22562,40.7312]]}},{"type":"Feature","properties":{"OID":"110457130018","MTFCC":"H3010","ARTPATH":"N"},"geometry":{"type":"LineString","coordinates":[[-84.3199,40.74891],[-84.31995,40.74999],[-84.31936,40.75102]]}},{"type":"Feature","properties":{"OID":"110457130019","MTFCC":"H3010","ARTPATH":"N"},"geometry":{"type":"LineString","coordinates":[[-84.31682,40.74911],[-84.31632,40.74979],[-84.3167,40.75061],[-84.31822,40.75107],[-84.31936,40.75102]]}},{"type":"Feature","properties":{"OID":"110457130020","MTFCC":"H3010","ARTPATH":"N"},"geometry":{"type":"LineString","coordinates":[[-84.37371,40.76758],[-84.3771,40.76753],[-84.37904,40.768]]}},{"type":"Feature","properties":{"OID":"110457130021","MTFCC":"H3010","ARTPATH":"N"},"geometry":{"type":"LineString","coordinates":[[-84.20715,40.81095],[-84.20709,40.81154],[-84.20879,40.81385],[-84.20865,40.81442],[-84.20745,40.81527]]}},{"type":"Feature","properties":{"OID":"110457130022","MTFCC":"H3010","ARTPATH":"N"},"geometry":{"type":"LineString","coordinates":[[-84.18225,40.71713],[-84.18176,40.71777]]}},{"type":"Feature","properties":{"OID":"110457130023","MTFCC":"H3010","ARTPATH":"N"},"geometry":{"type":"LineString","coordinates":[[-84.39332,40.71583],[-84.3928,40.71738],[-84.39214,40.71788],[-84.3921,40.71926],[-84.39082,40.71922],[-84.3898,40.72045],[-84.38785,40.72087],[-84.38553,40.72263],[-84.38448,40.72294],[-84.38441,40.7236],[-84.3848,40.72443],[-84.38451,40.72554],[-84.38523,40.72669],[-84.38568,40.72876],[-84.3854,40.73019],[-84.38366,40.73087],[-84.38341,40.73189]]}},{"type":"Feature","properties":{"OID":"110457130024","MTFCC":"H3010","ARTPATH":"N"},"geometry":{"type":"LineString","coordinates":[[-84.25513,40.80194],[-84.25708,40.80459],[-84.25687,40.80989],[-84.25774,40.81254],[-84.25872,40.81297],[-84.25874,40.81422],[-84.25514,40.81761],[-84.25472,40.81851],[-84.2546,40.81996],[-84.25304,40.82256],[-84.25302,40.82369],[-84.24583,40.82669],[-84.24594,40.82777],[-84.24486,40.82868],[-84.24181,40.82924],[-84.24125,40.82976],[-84.23954,40.83011],[-84.23862,40.83065],[-84.23674,40.83082]]}},{"type":"Feature","properties":{"OID":"110457130025","MTFCC":"H3010","ARTPATH":"N"},"geometry":{"type":"LineString","coordinates":[[-84.3584,40.7006],[-84.36438,40.69102],[-84.36516,40.68617],[-84.36571,40.68503]]}},{"type":"Feature","properties":{"OID":"110457130026","MTFCC":"H3010","ARTPATH":"N"},"geometry":{"type":"LineString","coordinates":[[-84.3584,40.7006],[-84.35944,40.70128],[-84.3599,40.70403],[-84.35879,40.70534],[-84.35825,40.7053],[-84.35752,40.70663],[-84.35807,40.70707],[-84.35779,40.70855],[-84.3563,40.71086],[-84.35573,40.71291],[-84.3546,40.71401],[-84.3531,40.71465],[-84.3517,40.71576],[-84.34972,40.7164]]}},{"type":"Feature","properties":{"OID":"110457130027","MTFCC":"H3010","ARTPATH":"N"},"geometry":{"type":"LineString","coordinates":[[-84.35273,40.68509],[-84.35289,40.68616],[-84.35253,40.68674],[-84.35247,40.68988],[-84.35366,40.69128],[-84.35511,40.69233],[-84.35531,40.69283],[-84.35622,40.69314],[-84.35652,40.69416],[-84.35702,40.6945],[-84.35686,40.69616],[-84.3576,40.6971],[-84.35753,40.69935],[-84.3584,40.7006]]}},{"type":"Feature","properties":{"OID":"110457130028","MTFCC":"H3010","ARTPATH":"N"},"geometry":{"type":"LineString","coordinates":[[-84.35285,40.71113],[-84.3584,40.7006]]}},{"type":"Feature","properties":{"OID":"110457130029","MTFCC":"H3010","ARTPATH":"N"},"geometry":{"type":"LineString","coordinates":[[-83.96468,40.87348],[-83.96155,40.87346],[-83.9597,40.87279],[-83.95665,40.87226],[-83.9543,40.87141],[-83.95349,40.87072],[-83.95303,40.86968]]}},{"type":"Feature","properties":{"OID":"110457130030","MTFCC":"H3010","ARTPATH":"N"},"geometry":{"type":"LineString","coordinates":[[-84.29957,40.70565],[-84.30003,40.70537],[-84.30044,40.70417],[-84.29964,40.70275],[-84.29836,40.70236],[-84.29837,40.70027],[-84.29781,40.7],[-84.29769,40.6996],[-84.29825,40.69888]]}},{"type":"Feature","properties":{"OID":"110457130031","MTFCC":"H3010","ARTPATH":"N"},"geometry":{"type":"LineString","coordinates":[[-84.37197,40.71375],[-84.37152,40.71402],[-84.3719,40.71478],[-84.37498,40.71616]]}},{"type":"Feature","properties":{"OID":"110457130032","MTFCC":"H3010","ARTPATH":"N"},"geometry":{"type":"LineString","coordinates":[[-84.37096,40.73465],[-84.37461,40.73474],[-84.37824,40.7357],[-84.38043,40.73704],[-84.3823,40.73925],[-84.38384,40.73974],[-84.38397,40.74043],[-84.38533,40.74191],[-84.38633,40.74239],[-84.38768,40.74245]]}},{"type":"Feature","properties":{"OID":"110457130033","MTFCC":"H3010","ARTPATH":"N"},"geometry":{"type":"LineString","coordinates":[[-84.19195,40.72345],[-84.19182,40.72261]]}},{"type":"Feature","properties":{"OID":"110457130034","MTFCC":"H3010","ARTPATH":"N"},"geometry":{"type":"LineString","coordinates":[[-84.36145,40.78248],[-84.36453,40.78237]]}},{"type":"Feature","properties":{"OID":"110457130035","MTFCC":"H3010","ARTPATH":"N"},"geometry":{"type":"LineString","coordinates":[[-84.36135,40.78408],[-84.36367,40.78329],[-84.36452,40.78357]]}},{"type":"Feature","properties":{"OID":"110457130036","MTFCC":"H3010","ARTPATH":"N"},"geometry":{"type":"LineString","coordinates":[[-84.01365,40.76528],[-84.01551,40.76567],[-84.01781,40.76483],[-84.01872,40.76498],[-84.01922,40.76443],[-84.02017,40.76497],[-84.02311,40.76543],[-84.02359,40.76503],[-84.02594,40.76462],[-84.02677,40.76367],[-84.02811,40.76314]]}},{"type":"Feature","properties":{"OID":"110457130037","MTFCC":"H3010","ARTPATH":"N"},"geometry":{"type":"LineString","coordinates":[[-83.99472,40.77188],[-83.99615,40.77216],[-83.99754,40.77161],[-83.99803,40.77049],[-83.99846,40.77028],[-84.00068,40.77019],[-84.00181,40.77045],[-84.00306,40.7702],[-84.00526,40.76809],[-84.01007,40.76668],[-84.01125,40.76579],[-84.0123,40.76584]]}},{"type":"Feature","properties":{"OID":"110457130038","MTFCC":"H3010","ARTPATH":"N"},"geometry":{"type":"LineString","coordinates":[[-84.33738,40.76154],[-84.3339,40.7626],[-84.33326,40.76415],[-84.33269,40.7645],[-84.33014,40.76415],[-84.32785,40.76436],[-84.32762,40.76635],[-84.32723,40.76686],[-84.32612,40.76717],[-84.32436,40.76861],[-84.32344,40.76871],[-84.3235,40.77168]]}},{"type":"Feature","properties":{"OID":"110457130039","MTFCC":"H3010","ARTPATH":"N"},"geometry":{"type":"LineString","coordinates":[[-84.29985,40.73014],[-84.29912,40.73093],[-84.29969,40.73383],[-84.30057,40.73517],[-84.30009,40.73619],[-84.30036,40.7367],[-84.30433,40.73758],[-84.30648,40.73695],[-84.30762,40.73603],[-84.30901,40.73595]]}},{"type":"Feature","properties":{"OID":"110457130040","MTFCC":"H3010","ARTPATH":"N"},"geometry":{"type":"LineString","coordinates":[[-84.21389,40.78987],[-84.21528,40.79144],[-84.21504,40.79325],[-84.2154,40.79349]]}},{"type":"Feature","properties":{"OID":"110457130041","MTFCC":"H3010","ARTPATH":"N"},"geometry":{"type":"LineString","coordinates":[[-84.21389,40.78987],[-84.21554,40.79154],[-84.21542,40.79308],[-84.21635,40.7934],[-84.21652,40.79425],[-84.21367,40.79464],[-84.21217,40.79403],[-84.21114,40.79506]]}},{"type":"Feature","properties":{"OID":"110457130042","MTFCC":"H3010","ARTPATH":"N"},"geometry":{"type":"LineString","coordinates":[[-84.21269,40.78806],[-84.21389,40.78987]]}},{"type":"Feature","properties":{"OID":"110457130043","MTFCC":"H3010","ARTPATH":"N"},"geometry":{"type":"LineString","coordinates":[[-84.3565,40.79546],[-84.35808,40.79551],[-84.35874,40.79582],[-84.35948,40.79567],[-84.36014,40.79379]]}},{"type":"Feature","properties":{"OID":"110457130044","MTFCC":"H3010","ARTPATH":"N"},"geometry":{"type":"LineString","coordinates":[[-83.99521,40.91401],[-83.99326,40.91553],[-83.99254,40.91724],[-83.99243,40.91772],[-83.99327,40.91985]]}},{"type":"Feature","properties":{"OID":"110457130045","MTFCC":"H3010","ARTPATH":"N"},"geometry":{"type":"LineString","coordinates":[[-84.28011,40.77476],[-84.28008,40.77482]]}},{"type":"Feature","properties":{"OID":"110457130046","MTFCC":"H3010","ARTPATH":"N"},"geometry":{"type":"LineString","coordinates":[[-84.34365,40.79312],[-84.3431,40.79383],[-84.34363,40.79584],[-84.34457,40.79681],[-84.34549,40.79701],[-84.34563,40.79756],[-84.34708,40.79848],[-84.35005,40.79965],[-84.3509,40.80036],[-84.35074,40.80061],[-84.35114,40.801]]}},{"type":"Feature","properties":{"OID":"110457130047","MTFCC":"H3010","ARTPATH":"N"},"geometry":{"type":"LineString","coordinates":[[-84.07643,40.73058],[-84.07629,40.73068]]}},{"type":"Feature","properties":{"OID":"110457130049","MTFCC":"H3010","ARTPATH":"N"},"geometry":{"type":"LineString","coordinates":[[-84.35561,40.7287],[-84.35679,40.73016],[-84.3566,40.73212],[-84.35879,40.7336]]}},{"type":"Feature","properties":{"OID":"110457130050","MTFCC":"H3010","ARTPATH":"N"},"geometry":{"type":"LineString","coordinates":[[-84.26287,40.79373],[-84.26184,40.79451],[-84.26156,40.79529],[-84.26213,40.79582],[-84.26246,40.79794],[-84.26484,40.79895],[-84.26506,40.79968],[-84.26466,40.80129],[-84.26495,40.80215],[-84.26544,40.8027],[-84.26799,40.80364],[-84.26824,40.80475],[-84.26905,40.80512]]}},{"type":"Feature","properties":{"OID":"110457130051","MTFCC":"H3010","ARTPATH":"N"},"geometry":{"type":"LineString","coordinates":[[-84.14437,40.69779],[-84.14493,40.69888],[-84.14454,40.69914],[-84.14419,40.69895]]}},{"type":"Feature","properties":{"OID":"110457130052","MTFCC":"H3010","ARTPATH":"N"},"geometry":{"type":"LineString","coordinates":[[-84.35914,40.80115],[-84.35911,40.81226],[-84.35704,40.81233],[-84.35443,40.81299],[-84.35309,40.81424],[-84.35226,40.81604],[-84.35079,40.81605]]}},{"type":"Feature","properties":{"OID":"110457130053","MTFCC":"H3010","ARTPATH":"N"},"geometry":{"type":"LineString","coordinates":[[-84.18703,40.66793],[-84.18612,40.66552],[-84.18431,40.66352],[-84.18005,40.66351],[-84.17995,40.65928],[-84.17735,40.6591]]}},{"type":"Feature","properties":{"OID":"110457130054","MTFCC":"H3010","ARTPATH":"N"},"geometry":{"type":"LineString","coordinates":[[-84.28189,40.84138],[-84.28191,40.84319],[-84.28481,40.84309]]}},{"type":"Feature","properties":{"OID":"110457130055","MTFCC":"H3010","ARTPATH":"N"},"geometry":{"type":"LineString","coordinates":[[-84.19235,40.7525],[-84.19487,40.75381]]}},{"type":"Feature","properties":{"OID":"110457130056","MTFCC":"H3010","ARTPATH":"N"},"geometry":{"type":"LineString","coordinates":[[-84.28341,40.85847],[-84.28329,40.85866]]}},{"type":"Feature","properties":{"OID":"110457130057","MTFCC":"H3010","ARTPATH":"N"},"geometry":{"type":"LineString","coordinates":[[-84.28341,40.85847],[-84.28359,40.85855]]}},{"type":"Feature","properties":{"OID":"110457130058","MTFCC":"H3010","ARTPATH":"N"},"geometry":{"type":"LineString","coordinates":[[-84.27884,40.74103],[-84.27875,40.73687],[-84.2784,40.73545]]}},{"type":"Feature","properties":{"OID":"110457130059","MTFCC":"H3010","ARTPATH":"N"},"geometry":{"type":"LineString","coordinates":[[-84.04836,40.72668],[-84.04837,40.7269]]}},{"type":"Feature","properties":{"OID":"110457130060","MTFCC":"H3010","ARTPATH":"N"},"geometry":{"type":"LineString","coordinates":[[-84.34365,40.79312],[-84.34488,40.79222]]}},{"type":"Feature","properties":{"OID":"110457130061","MTFCC":"H3010","ARTPATH":"N"},"geometry":{"type":"LineString","coordinates":[[-84.33816,40.78554],[-84.33784,40.78581],[-84.33768,40.78728],[-84.33825,40.78838],[-84.33851,40.79008],[-84.34257,40.79071],[-84.34262,40.79115],[-84.34323,40.79123],[-84.34408,40.79217],[-84.34365,40.79262],[-84.34365,40.79312]]}},{"type":"Feature","properties":{"OID":"110457130062","MTFCC":"H3010","ARTPATH":"N"},"geometry":{"type":"LineString","coordinates":[[-83.97622,40.86194],[-83.97716,40.86183],[-83.97735,40.86087],[-83.97695,40.85983]]}},{"type":"Feature","properties":{"OID":"110457130063","MTFCC":"H3010","ARTPATH":"N"},"geometry":{"type":"LineString","coordinates":[[-83.97732,40.85381],[-83.97911,40.85442],[-83.97931,40.85512],[-83.97861,40.85736],[-83.97756,40.85831],[-83.97695,40.85983]]}},{"type":"Feature","properties":{"OID":"110457130064","MTFCC":"H3010","ARTPATH":"N"},"geometry":{"type":"LineString","coordinates":[[-83.96652,40.85691],[-83.96822,40.85774],[-83.97048,40.85753],[-83.97131,40.85791],[-83.97207,40.85888],[-83.97465,40.85904],[-83.97695,40.85983]]}},{"type":"Feature","properties":{"OID":"110457130065","MTFCC":"H3010","ARTPATH":"N"},"geometry":{"type":"LineString","coordinates":[[-84.18752,40.66918],[-84.18705,40.66813]]}},{"type":"Feature","properties":{"OID":"110457130066","MTFCC":"H3010","ARTPATH":"N"},"geometry":{"type":"LineString","coordinates":[[-84.09875,40.82463],[-84.09868,40.82598],[-84.0975,40.82822],[-84.09506,40.83033],[-84.09502,40.83184]]}},{"type":"Feature","properties":{"OID":"110457130067","MTFCC":"H3010","ARTPATH":"N"},"geometry":{"type":"LineString","coordinates":[[-83.89662,40.7341],[-83.89627,40.73358],[-83.89626,40.73252]]}},{"type":"Feature","properties":{"OID":"110457130068","MTFCC":"H3010","ARTPATH":"N"},"geometry":{"type":"LineString","coordinates":[[-84.07664,40.87191],[-84.07717,40.87277],[-84.07694,40.87494],[-84.07624,40.8755],[-84.07626,40.87668],[-84.07556,40.87798],[-84.07453,40.87855],[-84.07419,40.88057],[-84.07465,40.88289],[-84.07502,40.88334],[-84.07503,40.88449],[-84.07583,40.88616],[-84.07679,40.8873],[-84.07797,40.89012],[-84.07974,40.89042],[-84.08018,40.89066],[-84.08027,40.89114]]}},{"type":"Feature","properties":{"OID":"110457130069","MTFCC":"H3010","ARTPATH":"N"},"geometry":{"type":"LineString","coordinates":[[-84.08027,40.89114],[-84.08535,40.8896],[-84.08589,40.88968],[-84.08775,40.88858],[-84.0879,40.88749],[-84.09061,40.88741]]}},{"type":"Feature","properties":{"OID":"110457130070","MTFCC":"H3010","ARTPATH":"N"},"geometry":{"type":"LineString","coordinates":[[-84.28011,40.77476],[-84.27896,40.77271],[-84.2792,40.77208],[-84.28004,40.77149],[-84.2802,40.7707],[-84.2808,40.7705]]}},{"type":"Feature","properties":{"OID":"110457130072","MTFCC":"H3010","ARTPATH":"N"},"geometry":{"type":"LineString","coordinates":[[-84.29021,40.71254],[-84.28984,40.71281],[-84.28996,40.71326],[-84.29058,40.71364],[-84.29131,40.71355]]}},{"type":"Feature","properties":{"OID":"110457130073","MTFCC":"H3010","ARTPATH":"N"},"geometry":{"type":"LineString","coordinates":[[-84.29131,40.71355],[-84.29107,40.71262],[-84.29021,40.71254]]}},{"type":"Feature","properties":{"OID":"110457130074","MTFCC":"H3010","ARTPATH":"N"},"geometry":{"type":"LineString","coordinates":[[-84.21032,40.74537],[-84.20317,40.74601],[-84.20058,40.74417],[-84.20163,40.74164],[-84.20192,40.73958],[-84.20325,40.73908],[-84.20458,40.73702],[-84.20551,40.7368],[-84.20648,40.73561],[-84.20637,40.73482],[-84.2059,40.73442],[-84.20621,40.73351],[-84.20614,40.73197],[-84.20706,40.73164],[-84.20711,40.73019],[-84.20747,40.72995]]}},{"type":"Feature","properties":{"OID":"110457130075","MTFCC":"H3010","ARTPATH":"N"},"geometry":{"type":"LineString","coordinates":[[-84.07066,40.69002],[-84.07105,40.69166],[-84.07159,40.69178],[-84.07221,40.69319],[-84.0766,40.696],[-84.07765,40.69864],[-84.07971,40.69867],[-84.08046,40.69911]]}},{"type":"Feature","properties":{"OID":"110457130076","MTFCC":"H3010","ARTPATH":"N"},"geometry":{"type":"LineString","coordinates":[[-84.13783,40.71478],[-84.13821,40.71214],[-84.13881,40.71062],[-84.14082,40.70853],[-84.14401,40.70761],[-84.14454,40.70793],[-84.14488,40.70943],[-84.14567,40.70956],[-84.14616,40.70926],[-84.14613,40.70745],[-84.14756,40.70733],[-84.14794,40.70627],[-84.14876,40.70618],[-84.14926,40.70675],[-84.14993,40.70686]]}},{"type":"Feature","properties":{"OID":"110457130077","MTFCC":"H3010","ARTPATH":"N"},"geometry":{"type":"LineString","coordinates":[[-84.37224,40.69487],[-84.37239,40.69624],[-84.37302,40.6972],[-84.37236,40.6977],[-84.37212,40.69853],[-84.36834,40.69967],[-84.36743,40.70304],[-84.36832,40.70391],[-84.36897,40.70628],[-84.37026,40.70695],[-84.37029,40.70871],[-84.36948,40.70979],[-84.36934,40.71084],[-84.37112,40.71332],[-84.37197,40.71375]]}},{"type":"Feature","properties":{"OID":"110457130078","MTFCC":"H3010","ARTPATH":"N"},"geometry":{"type":"LineString","coordinates":[[-84.35879,40.7336],[-84.35861,40.73533],[-84.35758,40.73591]]}},{"type":"Feature","properties":{"OID":"110457130079","MTFCC":"H3010","ARTPATH":"N"},"geometry":{"type":"LineString","coordinates":[[-84.35876,40.72666],[-84.36009,40.72673],[-84.36009,40.72934],[-84.35942,40.73095],[-84.36028,40.73148],[-84.36051,40.73281],[-84.36035,40.7332],[-84.35879,40.7336]]}},{"type":"Feature","properties":{"OID":"110457130080","MTFCC":"H3010","ARTPATH":"N"},"geometry":{"type":"LineString","coordinates":[[-84.25763,40.69452],[-84.25796,40.69323],[-84.26089,40.69217],[-84.26234,40.69236],[-84.26257,40.69268],[-84.26173,40.69424],[-84.26344,40.6971]]}},{"type":"Feature","properties":{"OID":"110457130081","MTFCC":"H3010","ARTPATH":"N"},"geometry":{"type":"LineString","coordinates":[[-84.35007,40.75041],[-84.35007,40.75086],[-84.35089,40.75164],[-84.3507,40.75267],[-84.35095,40.75312],[-84.35511,40.75347],[-84.35729,40.75403],[-84.35976,40.754],[-84.35963,40.75572],[-84.36069,40.75604],[-84.36558,40.75619],[-84.36919,40.7577],[-84.37014,40.75839],[-84.37081,40.75845],[-84.37096,40.76305],[-84.3731,40.76323],[-84.37386,40.76429],[-84.37327,40.76717],[-84.37371,40.76758]]}},{"type":"Feature","properties":{"OID":"110457130082","MTFCC":"H3010","ARTPATH":"N"},"geometry":{"type":"LineString","coordinates":[[-84.35404,40.76218],[-84.35664,40.76286],[-84.35714,40.76488],[-84.35861,40.76561],[-84.36115,40.76521],[-84.36283,40.76541],[-84.36304,40.7657],[-84.36281,40.76676],[-84.36514,40.76795],[-84.36649,40.76783],[-84.36825,40.76816],[-84.36908,40.76796],[-84.37105,40.76835],[-84.37371,40.76758]]}},{"type":"Feature","properties":{"OID":"110457130083","MTFCC":"H3010","ARTPATH":"N"},"geometry":{"type":"LineString","coordinates":[[-84.34972,40.7164],[-84.34908,40.71654]]}},{"type":"Feature","properties":{"OID":"110457130084","MTFCC":"H3010","ARTPATH":"N"},"geometry":{"type":"LineString","coordinates":[[-84.34286,40.76806],[-84.345,40.77092],[-84.34404,40.7719],[-84.34388,40.7725],[-84.3465,40.77549],[-84.34858,40.77899],[-84.34587,40.78034],[-84.3432,40.78029],[-84.34275,40.78073],[-84.34317,40.78251],[-84.3426,40.78473],[-84.34084,40.78566],[-84.33816,40.78554]]}},{"type":"Feature","properties":{"OID":"110457130085","MTFCC":"H3010","ARTPATH":"N"},"geometry":{"type":"LineString","coordinates":[[-83.89576,40.87238],[-83.89608,40.87394],[-83.89833,40.87607],[-83.89839,40.87804],[-83.90044,40.87864],[-83.90053,40.87906],[-83.90112,40.87941],[-83.90133,40.88021],[-83.90196,40.88056],[-83.90254,40.88217],[-83.90473,40.8837],[-83.90624,40.88409]]}},{"type":"Feature","properties":{"OID":"110457130086","MTFCC":"H3010","ARTPATH":"N"},"geometry":{"type":"LineString","coordinates":[[-83.90873,40.87196],[-83.90744,40.87054],[-83.90455,40.86832],[-83.9038,40.86714],[-83.90376,40.86642]]}},{"type":"Feature","properties":{"OID":"110457130087","MTFCC":"H3010","ARTPATH":"N"},"geometry":{"type":"LineString","coordinates":[[-83.92826,40.69734],[-83.92952,40.69665],[-83.93189,40.69333],[-83.93298,40.68675]]}},{"type":"Feature","properties":{"OID":"110457130088","MTFCC":"H3010","ARTPATH":"N"},"geometry":{"type":"LineString","coordinates":[[-84.33609,40.77005],[-84.33658,40.77348],[-84.33546,40.77648],[-84.33546,40.77726],[-84.33712,40.77943],[-84.33688,40.78014],[-84.3355,40.78101],[-84.3355,40.78236],[-84.33754,40.78428],[-84.33816,40.78554]]}},{"type":"Feature","properties":{"OID":"110457130089","MTFCC":"H3010","ARTPATH":"N"},"geometry":{"type":"LineString","coordinates":[[-84.07664,40.87191],[-84.07534,40.87181],[-84.07478,40.8714],[-84.07458,40.8707],[-84.07395,40.87044]]}},{"type":"Feature","properties":{"OID":"110457130090","MTFCC":"H3010","ARTPATH":"N"},"geometry":{"type":"LineString","coordinates":[[-84.07664,40.87191],[-84.07893,40.8718],[-84.07886,40.86827],[-84.07942,40.86709],[-84.07939,40.86455]]}},{"type":"Feature","properties":{"OID":"110457130091","MTFCC":"H3010","ARTPATH":"N"},"geometry":{"type":"LineString","coordinates":[[-84.28275,40.84794],[-84.28302,40.84829],[-84.28305,40.84804],[-84.28275,40.84794]]}},{"type":"Feature","properties":{"OID":"110457130092","MTFCC":"H3010","ARTPATH":"N"},"geometry":{"type":"LineString","coordinates":[[-84.19585,40.8499],[-84.19567,40.84997],[-84.19572,40.8499],[-84.19585,40.8499]]}},{"type":"Feature","properties":{"OID":"110457130093","MTFCC":"H3020","ARTPATH":"N"},"geometry":{"type":"LineString","coordinates":[[-84.39711,40.76711],[-84.39525,40.76747],[-84.39184,40.76615]]}},{"type":"Feature","properties":{"OID":"110457130094","MTFCC":"H3020","ARTPATH":"N"},"geometry":{"type":"LineString","coordinates":[[-84.25325,40.84916],[-84.25329,40.85975]]}},{"type":"Feature","properties":{"OID":"110461557174","NAME":"Marsh Run","BASENAME":"Marsh","MTFCC":"H3010","ARTPATH":"N"},"geometry":{"type":"LineString","coordinates":[[-83.88038,40.89864],[-83.87882,40.89871],[-83.87658,40.89935],[-83.87429,40.90052],[-83.86832,40.90742],[-83.86685,40.90851],[-83.86427,40.90922],[-83.86159,40.90947],[-83.84957,40.90909],[-83.83599,40.90971],[-83.82331,40.90986]]}},{"type":"Feature","properties":{"OID":"110461559350","NAME":"Little Riley Crk","BASENAME":"Little Riley","MTFCC":"H3010","ARTPATH":"N"},"geometry":{"type":"LineString","coordinates":[[-83.87493,40.8334],[-83.87759,40.83292],[-83.87872,40.83207],[-83.88017,40.83242]]}},{"type":"Feature","properties":{"OID":"110461568559","MTFCC":"H3010","ARTPATH":"N"},"geometry":{"type":"LineString","coordinates":[[-83.86133,40.8793],[-83.86346,40.87903],[-83.86693,40.87964],[-83.86982,40.8796],[-83.87235,40.88023],[-83.87402,40.87995],[-83.87461,40.88064],[-83.87606,40.8805],[-83.8803,40.88103]]}},{"type":"Feature","properties":{"OID":"110461568582","MTFCC":"H3010","ARTPATH":"N"},"geometry":{"type":"LineString","coordinates":[[-83.88028,40.87508],[-83.87843,40.87534],[-83.878,40.87505]]}}]}
