{"type":"FeatureCollection","features":[{"type":"Feature","properties":{"GEOID":"3904388","NAME":"Delphos City School District","BASENAME":"Delphos City School District","POP100":9903,"HU100":4268,"AREALAND":137375787,"CENTLAT":"+40.8279491","CENTLON":"-084.3480452"},"geometry":{"type":"Polygon","coordinates":[[[-84.42545,40.81584],[-84.42576,40.80816],[-84.41609,40.80812],[-84.41611,40.80687],[-84.41613,40.80563],[-84.41614,40.80526],[-84.41614,40.80488],[-84.41614,40.80475],[-84.41618,40.80243],[-84.4162,40.80116],[-84.4162,40.79945],[-84.41621,40.79658],[-84.41622,40.79394],[-84.41622,40.79388],[-84.41623,40.79299],[-84.41625,40.79008],[-84.41627,40.78768],[-84.41629,40.78664],[-84.41628,40.78467],[-84.41627,40.78398],[-84.41627,40.78364],[-84.39718,40.78381],[-84.39716,40.78093],[-84.39716,40.77937],[-84.39713,40.77698],[-84.39712,40.77607],[-84.39711,40.7748],[-84.39711,40.77366],[-84.39709,40.77209],[-84.39711,40.77132],[-84.3971,40.76952],[-84.39711,40.76711],[-84.39712,40.76542],[-84.39711,40.76505],[-84.39347,40.76505],[-84.38756,40.76502],[-84.37377,40.76496],[-84.35881,40.76488],[-84.35881,40.76562],[-84.35882,40.76751],[-84.35883,40.76982],[-84.35883,40.7714],[-84.35883,40.77207],[-84.35884,40.77447],[-84.35885,40.77577],[-84.35888,40.77728],[-84.35889,40.77795],[-84.35889,40.77869],[-84.3589,40.77932],[-84.35771,40.77934],[-84.35743,40.77935],[-84.35407,40.7794],[-84.35025,40.77948],[-84.34943,40.7795],[-84.34835,40.77952],[-84.34777,40.77953],[-84.34677,40.77955],[-84.34379,40.77961],[-84.3431,40.77962],[-84.34275,40.77963],[-84.33993,40.77969],[-84.34004,40.77381],[-84.34,40.77211],[-84.33633,40.77211],[-84.33409,40.77212],[-84.32409,40.77212],[-84.31538,40.77213],[-84.30947,40.77213],[-84.30336,40.77213],[-84.30333,40.77231],[-84.30328,40.77243],[-84.30323,40.77262],[-84.30312,40.77286],[-84.30302,40.77306],[-84.30297,40.77314],[-84.30295,40.77323],[-84.30293,40.77329],[-84.3029,40.77339],[-84.3029,40.77342],[-84.30289,40.77346],[-84.30291,40.77349],[-84.30291,40.77352],[-84.3029,40.77356],[-84.30284,40.77367],[-84.30284,40.7737],[-84.30285,40.77371],[-84.30285,40.77374],[-84.30286,40.77377],[-84.30285,40.77381],[-84.30284,40.77388],[-84.3028,40.77396],[-84.30274,40.77408],[-84.30267,40.77417],[-84.30257,40.77427],[-84.30252,40.77434],[-84.30252,40.77438],[-84.30253,40.77441],[-84.30255,40.77443],[-84.30256,40.77445],[-84.30256,40.77449],[-84.30256,40.77453],[-84.30253,40.7746],[-84.30241,40.77488],[-84.30237,40.77497],[-84.30234,40.77501],[-84.30233,40.77506],[-84.30231,40.7751],[-84.30229,40.77517],[-84.30225,40.77525],[-84.30221,40.77533],[-84.30218,40.77543],[-84.30217,40.77559],[-84.30218,40.77565],[-84.30217,40.77571],[-84.30215,40.77575],[-84.30211,40.77578],[-84.30205,40.77581],[-84.302,40.77583],[-84.30197,40.77587],[-84.30194,40.7759],[-84.30192,40.77592],[-84.30187,40.77593],[-84.30181,40.77594],[-84.30175,40.77598],[-84.30174,40.77601],[-84.30179,40.77606],[-84.30186,40.77607],[-84.30189,40.77609],[-84.30191,40.77614],[-84.30189,40.77623],[-84.30184,40.77646],[-84.30183,40.77654],[-84.30187,40.77665],[-84.30194,40.77679],[-84.30199,40.7769],[-84.302,40.77698],[-84.30202,40.77705],[-84.30199,40.77715],[-84.30198,40.77722],[-84.30195,40.7773],[-84.30193,40.77734],[-84.3019,40.77737],[-84.30188,40.7774],[-84.30189,40.77743],[-84.3019,40.77747],[-84.30192,40.7775],[-84.30195,40.77754],[-84.30197,40.7776],[-84.30197,40.77766],[-84.30188,40.77779],[-84.30169,40.77798],[-84.30144,40.77819],[-84.30104,40.77846],[-84.30086,40.77853],[-84.3008,40.77859],[-84.30076,40.77864],[-84.30074,40.77869],[-84.30072,40.77887],[-84.30073,40.77904],[-84.30079,40.77915],[-84.30096,40.77941],[-84.30106,40.77958],[-84.30111,40.77969],[-84.30111,40.77977],[-84.30109,40.77984],[-84.30102,40.77993],[-84.30089,40.78009],[-84.30064,40.78029],[-84.30038,40.78045],[-84.30026,40.7805],[-84.30014,40.78055],[-84.30005,40.78056],[-84.29992,40.78056],[-84.29974,40.78052],[-84.29948,40.78045],[-84.29943,40.78043],[-84.29939,40.7804],[-84.29935,40.78036],[-84.29927,40.78031],[-84.29919,40.78028],[-84.29911,40.78026],[-84.29904,40.78022],[-84.29886,40.78012],[-84.29877,40.78007],[-84.29871,40.78],[-84.29866,40.77992],[-84.29853,40.77971],[-84.29845,40.7796],[-84.2984,40.77956],[-84.29834,40.77952],[-84.29826,40.7795],[-84.29812,40.7795],[-84.29785,40.77949],[-84.29782,40.77948],[-84.29778,40.77945],[-84.29773,40.77944],[-84.29767,40.77944],[-84.29762,40.77945],[-84.29757,40.77947],[-84.29747,40.77949],[-84.29734,40.77951],[-84.29727,40.77953],[-84.29722,40.77957],[-84.29716,40.77965],[-84.29704,40.77982],[-84.29696,40.77998],[-84.29671,40.78029],[-84.29646,40.78058],[-84.29631,40.78068],[-84.29615,40.78079],[-84.29598,40.78087],[-84.29572,40.78092],[-84.29531,40.78097],[-84.29502,40.78103],[-84.29473,40.78109],[-84.29451,40.78112],[-84.29443,40.78113],[-84.29437,40.78111],[-84.29434,40.78109],[-84.29428,40.78108],[-84.29422,40.78109],[-84.29418,40.78112],[-84.29412,40.78117],[-84.29404,40.78122],[-84.2939,40.78127],[-84.2937,40.78136],[-84.29359,40.78144],[-84.29353,40.78149],[-84.29346,40.7816],[-84.29341,40.78174],[-84.29333,40.78197],[-84.2933,40.78206],[-84.29323,40.78214],[-84.29316,40.78218],[-84.2931,40.78223],[-84.29302,40.78238],[-84.29296,40.78264],[-84.29294,40.78286],[-84.29294,40.78313],[-84.29298,40.78328],[-84.29305,40.78345],[-84.29311,40.78358],[-84.29313,40.78366],[-84.29318,40.78381],[-84.29336,40.7841],[-84.29344,40.78433],[-84.29359,40.78453],[-84.29368,40.78466],[-84.29371,40.78474],[-84.29371,40.78482],[-84.2937,40.78496],[-84.29365,40.78505],[-84.29356,40.78513],[-84.29347,40.78518],[-84.29334,40.7852],[-84.29314,40.78521],[-84.29289,40.78521],[-84.29269,40.7852],[-84.29251,40.78519],[-84.29237,40.78519],[-84.29216,40.78521],[-84.29202,40.78525],[-84.29191,40.78532],[-84.2918,40.78546],[-84.29165,40.7856],[-84.29159,40.7857],[-84.2915,40.78591],[-84.29148,40.78596],[-84.29147,40.78604],[-84.29149,40.78613],[-84.29153,40.78622],[-84.29165,40.78635],[-84.29176,40.78645],[-84.29194,40.78664],[-84.29211,40.78682],[-84.29207,40.78691],[-84.29204,40.78695],[-84.29203,40.78698],[-84.29204,40.78701],[-84.29203,40.78707],[-84.29203,40.78713],[-84.29202,40.78718],[-84.292,40.78722],[-84.29198,40.78724],[-84.29196,40.78727],[-84.29195,40.7873],[-84.29194,40.78733],[-84.29196,40.78737],[-84.29196,40.7874],[-84.29196,40.78743],[-84.29193,40.78748],[-84.29181,40.78771],[-84.29176,40.7878],[-84.29166,40.7879],[-84.29153,40.78801],[-84.29139,40.78812],[-84.29118,40.78831],[-84.29108,40.7884],[-84.29102,40.78846],[-84.29091,40.78855],[-84.29087,40.78859],[-84.29083,40.78862],[-84.29077,40.78866],[-84.29068,40.78873],[-84.29064,40.78874],[-84.29059,40.78875],[-84.29056,40.78876],[-84.29055,40.78878],[-84.29054,40.7888],[-84.29053,40.78883],[-84.29051,40.78887],[-84.29048,40.7889],[-84.29044,40.78893],[-84.29033,40.789],[-84.29011,40.78911],[-84.28964,40.78936],[-84.28942,40.78947],[-84.28918,40.78957],[-84.28891,40.78966],[-84.28872,40.78971],[-84.28855,40.78976],[-84.28845,40.7898],[-84.28838,40.78984],[-84.28827,40.7899],[-84.28817,40.78997],[-84.28807,40.79005],[-84.28804,40.79009],[-84.28765,40.79009],[-84.28106,40.79016],[-84.27298,40.79029],[-84.27172,40.79037],[-84.27177,40.79438],[-84.27345,40.79436],[-84.2766,40.7943],[-84.27654,40.79925],[-84.27403,40.79865],[-84.27359,40.79855],[-84.27275,40.79836],[-84.27262,40.79849],[-84.27238,40.79874],[-84.2723,40.79882],[-84.27221,40.7989],[-84.27205,40.79908],[-84.27195,40.79921],[-84.27186,40.79936],[-84.27179,40.79951],[-84.27176,40.7996],[-84.27174,40.79974],[-84.27173,40.79989],[-84.27174,40.80025],[-84.27173,40.80067],[-84.27173,40.80088],[-84.27175,40.8016],[-84.27179,40.8025],[-84.27178,40.8034],[-84.27179,40.80402],[-84.27181,40.80476],[-84.27182,40.80547],[-84.27185,40.80687],[-84.27187,40.80758],[-84.27189,40.80828],[-84.27191,40.80898],[-84.27193,40.80969],[-84.27195,40.81024],[-84.27196,40.81122],[-84.27197,40.81171],[-84.272,40.81257],[-84.272,40.81314],[-84.27202,40.81368],[-84.27204,40.81425],[-84.27207,40.81482],[-84.27206,40.81494],[-84.27204,40.81502],[-84.27201,40.81509],[-84.27194,40.8152],[-84.27186,40.81531],[-84.27177,40.81539],[-84.27169,40.81545],[-84.2706,40.81334],[-84.2682,40.81359],[-84.2684,40.81478],[-84.27071,40.81578],[-84.27207,40.81638],[-84.27021,40.81637],[-84.27003,40.81637],[-84.2699,40.81637],[-84.26938,40.81637],[-84.26878,40.81637],[-84.26775,40.81638],[-84.26759,40.81638],[-84.26748,40.81638],[-84.26702,40.81638],[-84.26652,40.81638],[-84.26615,40.81638],[-84.26576,40.81638],[-84.26546,40.81639],[-84.26264,40.81638],[-84.26143,40.8164],[-84.26124,40.81641],[-84.26077,40.81643],[-84.25984,40.81644],[-84.25942,40.81644],[-84.25725,40.81645],[-84.25746,40.82456],[-84.25775,40.83533],[-84.26273,40.83534],[-84.27237,40.83537],[-84.27235,40.83754],[-84.27235,40.83757],[-84.27234,40.8378],[-84.2726,40.84381],[-84.27262,40.845],[-84.27292,40.85614],[-84.27293,40.8565],[-84.26956,40.85649],[-84.26821,40.85655],[-84.26816,40.8597],[-84.26837,40.8597],[-84.27099,40.85969],[-84.27729,40.85966],[-84.27899,40.85966],[-84.28148,40.85965],[-84.28342,40.85964],[-84.28683,40.85964],[-84.28697,40.85963],[-84.28712,40.85961],[-84.28721,40.85962],[-84.28731,40.85963],[-84.28744,40.85965],[-84.28796,40.85966],[-84.28984,40.85969],[-84.28993,40.85969],[-84.28999,40.85969],[-84.29006,40.85969],[-84.29551,40.85963],[-84.31073,40.85946],[-84.31216,40.85944],[-84.31307,40.85943],[-84.31401,40.85941],[-84.31426,40.85941],[-84.31501,40.8594],[-84.32027,40.85934],[-84.32036,40.85934],[-84.32077,40.85933],[-84.32119,40.85933],[-84.32191,40.85932],[-84.32315,40.8593],[-84.32315,40.85941],[-84.32318,40.85941],[-84.32896,40.85934],[-84.32959,40.85933],[-84.32962,40.85933],[-84.32962,40.8593],[-84.32974,40.85929],[-84.33027,40.85929],[-84.33063,40.85927],[-84.33398,40.8592],[-84.33437,40.85919],[-84.33692,40.85913],[-84.33831,40.85911],[-84.33887,40.85911],[-84.33912,40.85911],[-84.33941,40.85911],[-84.33983,40.85911],[-84.34036,40.8591],[-84.34053,40.8591],[-84.34057,40.85978],[-84.34057,40.86069],[-84.34057,40.86269],[-84.34066,40.8722],[-84.34066,40.87248],[-84.34066,40.87269],[-84.34067,40.87323],[-84.34061,40.87505],[-84.34062,40.87558],[-84.3407,40.88191],[-84.34078,40.88869],[-84.34087,40.89547],[-84.34097,40.9036],[-84.34583,40.90359],[-84.35062,40.90358],[-84.35794,40.90354],[-84.36139,40.9035],[-84.36187,40.90349],[-84.3622,40.9035],[-84.36886,40.90355],[-84.36935,40.90355],[-84.36937,40.90355],[-84.36942,40.90355],[-84.36948,40.90355],[-84.36962,40.90355],[-84.36979,40.90351],[-84.37016,40.90352],[-84.37036,40.90344],[-84.37039,40.90343],[-84.37041,40.90343],[-84.37045,40.90342],[-84.3705,40.90342],[-84.37054,40.90341],[-84.37059,40.90341],[-84.37075,40.90341],[-84.37113,40.90341],[-84.37268,40.9034],[-84.37457,40.9034],[-84.37495,40.9034],[-84.37606,40.9034],[-84.37711,40.90339],[-84.37719,40.90339],[-84.37932,40.90337],[-84.37955,40.90337],[-84.38004,40.90337],[-84.38098,40.90337],[-84.38192,40.90337],[-84.38285,40.90337],[-84.38341,40.90337],[-84.38465,40.90336],[-84.38472,40.90336],[-84.38528,40.90335],[-84.38585,40.90335],[-84.38633,40.90335],[-84.3868,40.90335],[-84.38727,40.90335],[-84.38773,40.90334],[-84.38818,40.90334],[-84.38852,40.90334],[-84.38887,40.90334],[-84.38998,40.90333],[-84.3907,40.90332],[-84.39121,40.90331],[-84.39175,40.9033],[-84.39228,40.90331],[-84.39279,40.9033],[-84.39301,40.90331],[-84.39332,40.9033],[-84.3936,40.9033],[-84.39386,40.90329],[-84.39439,40.90329],[-84.39491,40.90328],[-84.39544,40.90328],[-84.39598,40.90328],[-84.39649,40.90327],[-84.39703,40.90327],[-84.39754,40.90327],[-84.39841,40.90327],[-84.39841,40.90279],[-84.39841,40.90223],[-84.39839,40.90168],[-84.39839,40.90113],[-84.39839,40.90058],[-84.39838,40.90004],[-84.39837,40.89949],[-84.39837,40.89932],[-84.39837,40.89893],[-84.39837,40.89837],[-84.39836,40.89782],[-84.39836,40.89725],[-84.39835,40.8967],[-84.39834,40.89613],[-84.39834,40.89558],[-84.39832,40.89417],[-84.39829,40.89277],[-84.39829,40.89276],[-84.39829,40.89246],[-84.39829,40.89216],[-84.39829,40.89186],[-84.39828,40.89156],[-84.39829,40.89126],[-84.39828,40.89096],[-84.39828,40.89066],[-84.39827,40.89006],[-84.39826,40.88977],[-84.39827,40.88947],[-84.39826,40.88916],[-84.39826,40.88887],[-84.39825,40.88835],[-84.39825,40.88756],[-84.39823,40.88538],[-84.39823,40.88484],[-84.39822,40.88442],[-84.39823,40.88404],[-84.39822,40.88351],[-84.39821,40.88325],[-84.39821,40.88293],[-84.39821,40.88246],[-84.39821,40.8822],[-84.39821,40.88193],[-84.39821,40.8814],[-84.39821,40.88114],[-84.39819,40.87911],[-84.39819,40.87897],[-84.39818,40.87865],[-84.39819,40.87844],[-84.39819,40.87822],[-84.39819,40.87759],[-84.39819,40.87748],[-84.39819,40.87738],[-84.39819,40.87721],[-84.39819,40.8771],[-84.39819,40.87689],[-84.39819,40.87679],[-84.39819,40.87668],[-84.39753,40.87668],[-84.39753,40.8739],[-84.39751,40.87346],[-84.39751,40.87319],[-84.39746,40.86857],[-84.3981,40.86857],[-84.39809,40.86808],[-84.3981,40.86755],[-84.3981,40.86732],[-84.3981,40.86707],[-84.39811,40.86694],[-84.39811,40.86682],[-84.39812,40.86663],[-84.40001,40.86581],[-84.39958,40.85801],[-84.39961,40.85791],[-84.39957,40.8579],[-84.39957,40.85592],[-84.40445,40.85791],[-84.40468,40.85798],[-84.41644,40.86264],[-84.41648,40.86181],[-84.41653,40.86099],[-84.4128,40.85815],[-84.41266,40.85804],[-84.40892,40.8552],[-84.40386,40.85412],[-84.40355,40.8541],[-84.39952,40.85345],[-84.39808,40.85424],[-84.39806,40.85139],[-84.39807,40.85125],[-84.39807,40.85111],[-84.39806,40.85097],[-84.39806,40.85074],[-84.39804,40.84842],[-84.39805,40.84813],[-84.39802,40.84607],[-84.39801,40.84514],[-84.39801,40.84487],[-84.40122,40.84487],[-84.40382,40.84486],[-84.40459,40.84486],[-84.40488,40.84486],[-84.4052,40.84486],[-84.40646,40.84486],[-84.41013,40.84484],[-84.4127,40.84484],[-84.4173,40.84479],[-84.41728,40.84301],[-84.41726,40.84153],[-84.41726,40.84122],[-84.41723,40.83927],[-84.41723,40.83915],[-84.41721,40.83758],[-84.41578,40.83706],[-84.41574,40.8288],[-84.41705,40.82876],[-84.41705,40.82759],[-84.41704,40.82676],[-84.41702,40.82555],[-84.41701,40.82432],[-84.417,40.82258],[-84.417,40.82203],[-84.417,40.82092],[-84.41699,40.8204],[-84.41699,40.82034],[-84.41696,40.82025],[-84.4169,40.82013],[-84.41696,40.82011],[-84.41695,40.81587],[-84.41702,40.81587],[-84.41831,40.81586],[-84.42318,40.81584],[-84.42334,40.81584],[-84.42545,40.81584]]]}},{"type":"Feature","properties":{"GEOID":"3904422","NAME":"Lima City School District","BASENAME":"Lima City School District","POP100":28122,"HU100":13277,"AREALAND":22650592,"CENTLAT":"+40.7394708","CENTLON":"-084.1127722"},"geometry":{"type":"Polygon","coordinates":[[[-84.15565,40.73721],[-84.15565,40.73705],[-84.15525,40.73706],[-84.15332,40.73706],[-84.15272,40.73706],[-84.15224,40.73706],[-84.15119,40.73706],[-84.14947,40.73707],[-84.14921,40.73707],[-84.14916,40.73707],[-84.14829,40.73708],[-84.148,40.73708],[-84.1478,40.73708],[-84.14773,40.73709],[-84.14678,40.7371],[-84.14678,40.73645],[-84.14679,40.73613],[-84.14679,40.73605],[-84.14679,40.73597],[-84.14677,40.73485],[-84.14678,40.73376],[-84.1466,40.7338],[-84.14645,40.73381],[-84.14633,40.73382],[-84.14611,40.73383],[-84.14589,40.73382],[-84.145,40.73381],[-84.14445,40.73382],[-84.14321,40.7338],[-84.14321,40.73273],[-84.14325,40.73179],[-84.14324,40.73044],[-84.14324,40.73034],[-84.14296,40.73039],[-84.14291,40.7304],[-84.14275,40.73041],[-84.14239,40.73042],[-84.14096,40.73041],[-84.14047,40.7304],[-84.14011,40.7304],[-84.13938,40.73041],[-84.13866,40.73041],[-84.13858,40.73041],[-84.13852,40.73041],[-84.1378,40.73042],[-84.13712,40.73042],[-84.13615,40.73042],[-84.13564,40.73042],[-84.13406,40.73041],[-84.1325,40.73041],[-84.13087,40.73041],[-84.12753,40.73038],[-84.12462,40.73037],[-84.12385,40.73037],[-84.12309,40.73037],[-84.12288,40.73037],[-84.12405,40.72939],[-84.12465,40.72891],[-84.12502,40.72862],[-84.12538,40.72817],[-84.12546,40.72802],[-84.12556,40.72765],[-84.12563,40.72741],[-84.12568,40.7268],[-84.12573,40.7262],[-84.12576,40.72599],[-84.12582,40.72559],[-84.12583,40.72536],[-84.12584,40.72518],[-84.12584,40.72516],[-84.12599,40.72517],[-84.12798,40.7253],[-84.13106,40.72551],[-84.13712,40.72593],[-84.13846,40.72599],[-84.1387,40.726],[-84.13905,40.72603],[-84.13951,40.72607],[-84.13994,40.72611],[-84.13995,40.72602],[-84.13995,40.72582],[-84.13995,40.72569],[-84.13995,40.72553],[-84.13999,40.725],[-84.13999,40.72467],[-84.14002,40.72446],[-84.14005,40.72433],[-84.14013,40.72423],[-84.14024,40.72375],[-84.13984,40.72374],[-84.13732,40.72367],[-84.13692,40.72366],[-84.1345,40.7236],[-84.13321,40.72358],[-84.13041,40.72352],[-84.12873,40.72348],[-84.12808,40.72347],[-84.12802,40.72347],[-84.12781,40.72349],[-84.1275,40.72352],[-84.12624,40.72363],[-84.12614,40.72353],[-84.12596,40.72363],[-84.12591,40.72366],[-84.12564,40.72383],[-84.12537,40.72402],[-84.12515,40.72419],[-84.12511,40.72423],[-84.12489,40.72442],[-84.12485,40.72446],[-84.1248,40.72451],[-84.12464,40.72468],[-84.12453,40.72479],[-84.12451,40.72482],[-84.12441,40.72494],[-84.12433,40.72503],[-84.12384,40.72493],[-84.11865,40.7246],[-84.11471,40.72435],[-84.11461,40.72435],[-84.11327,40.72425],[-84.11327,40.72414],[-84.11327,40.72412],[-84.11327,40.72395],[-84.11327,40.72265],[-84.11327,40.72219],[-84.11327,40.7221],[-84.11327,40.7219],[-84.11326,40.72077],[-84.11327,40.72019],[-84.11329,40.71991],[-84.11329,40.71976],[-84.11335,40.71956],[-84.11353,40.71915],[-84.11388,40.71841],[-84.1139,40.71836],[-84.11403,40.71807],[-84.1143,40.7175],[-84.11508,40.71581],[-84.11397,40.7158],[-84.11361,40.7158],[-84.11328,40.7158],[-84.11315,40.7158],[-84.11302,40.7158],[-84.11286,40.7158],[-84.11264,40.7158],[-84.11181,40.7158],[-84.11117,40.71581],[-84.11101,40.71582],[-84.11092,40.71582],[-84.11064,40.71586],[-84.11052,40.71588],[-84.11047,40.71589],[-84.1104,40.7159],[-84.1102,40.71595],[-84.11006,40.71598],[-84.10975,40.71609],[-84.10958,40.71617],[-84.10932,40.71629],[-84.10912,40.71642],[-84.10897,40.71652],[-84.1088,40.71664],[-84.10868,40.71672],[-84.1086,40.71675],[-84.10846,40.71678],[-84.10834,40.71678],[-84.10803,40.71677],[-84.10812,40.71661],[-84.1082,40.71647],[-84.10826,40.71634],[-84.10829,40.71624],[-84.10832,40.71607],[-84.10834,40.71598],[-84.10834,40.71584],[-84.10834,40.71579],[-84.10834,40.71553],[-84.10834,40.71481],[-84.10834,40.71467],[-84.10833,40.7143],[-84.10832,40.71307],[-84.10832,40.71301],[-84.10831,40.71181],[-84.1083,40.71058],[-84.1083,40.7095],[-84.10704,40.70949],[-84.10666,40.70947],[-84.10641,40.70946],[-84.10626,40.70945],[-84.10609,40.70946],[-84.10597,40.70946],[-84.10532,40.70946],[-84.10392,40.70946],[-84.10223,40.70946],[-84.10086,40.70946],[-84.10015,40.70946],[-84.09955,40.70947],[-84.09947,40.71184],[-84.09952,40.71431],[-84.0995,40.71433],[-84.0995,40.71435],[-84.09949,40.71444],[-84.0995,40.71458],[-84.0995,40.71554],[-84.0995,40.71647],[-84.0995,40.71654],[-84.09905,40.71652],[-84.09892,40.71652],[-84.09794,40.71648],[-84.09495,40.71655],[-84.09359,40.71645],[-84.09354,40.71645],[-84.09298,40.71646],[-84.09278,40.71647],[-84.08915,40.71655],[-84.08892,40.71647],[-84.08891,40.71647],[-84.08885,40.71645],[-84.08852,40.71645],[-84.08777,40.71633],[-84.08735,40.71633],[-84.08699,40.71633],[-84.0866,40.71633],[-84.08522,40.71633],[-84.08522,40.71635],[-84.0851,40.71635],[-84.08508,40.71684],[-84.08509,40.71711],[-84.0851,40.71732],[-84.08512,40.71771],[-84.08513,40.71788],[-84.08514,40.71804],[-84.08517,40.71832],[-84.0852,40.71853],[-84.08527,40.71899],[-84.08531,40.71923],[-84.0854,40.71963],[-84.08549,40.72002],[-84.08559,40.72047],[-84.08565,40.72071],[-84.08575,40.72115],[-84.08592,40.72184],[-84.086,40.7222],[-84.08606,40.7225],[-84.0861,40.72282],[-84.08614,40.72326],[-84.08616,40.72362],[-84.08617,40.72408],[-84.0857,40.72408],[-84.08508,40.72407],[-84.08395,40.72403],[-84.08395,40.72768],[-84.08395,40.72822],[-84.08286,40.72822],[-84.08264,40.72822],[-84.07969,40.72822],[-84.07973,40.72989],[-84.07975,40.73048],[-84.07981,40.73058],[-84.07989,40.73058],[-84.07991,40.73086],[-84.07991,40.731],[-84.07991,40.73168],[-84.07989,40.73289],[-84.07988,40.7335],[-84.07987,40.73455],[-84.07987,40.73485],[-84.07985,40.73563],[-84.07987,40.73669],[-84.07988,40.73717],[-84.07988,40.73734],[-84.07988,40.7379],[-84.07991,40.74027],[-84.0799,40.74152],[-84.0799,40.74165],[-84.07989,40.74231],[-84.0798,40.74466],[-84.07979,40.7449],[-84.07979,40.74509],[-84.0785,40.74512],[-84.07849,40.74491],[-84.07849,40.74483],[-84.07849,40.74463],[-84.07846,40.7432],[-84.0781,40.74312],[-84.07804,40.74308],[-84.07795,40.74299],[-84.07795,40.74265],[-84.07794,40.74238],[-84.07793,40.74238],[-84.07787,40.74238],[-84.07785,40.74238],[-84.07786,40.74287],[-84.07766,40.74288],[-84.07766,40.74312],[-84.07766,40.74515],[-84.07755,40.74515],[-84.07626,40.7452],[-84.07598,40.74521],[-84.07588,40.74521],[-84.0757,40.74522],[-84.0757,40.74638],[-84.07589,40.74637],[-84.07596,40.74636],[-84.07641,40.74633],[-84.07656,40.74631],[-84.07972,40.74613],[-84.07991,40.74612],[-84.07991,40.74623],[-84.07991,40.74634],[-84.08116,40.7463],[-84.0815,40.74622],[-84.08195,40.74618],[-84.08437,40.74601],[-84.08445,40.74601],[-84.08446,40.74601],[-84.08447,40.74608],[-84.08461,40.74811],[-84.08465,40.74879],[-84.08467,40.74909],[-84.08472,40.74909],[-84.08505,40.74908],[-84.0856,40.74907],[-84.08624,40.74906],[-84.08636,40.74907],[-84.08727,40.7491],[-84.08754,40.74911],[-84.08851,40.74915],[-84.08852,40.75091],[-84.08853,40.75351],[-84.08925,40.7534],[-84.08946,40.75339],[-84.0907,40.7532],[-84.09189,40.75302],[-84.09309,40.75284],[-84.09425,40.7527],[-84.09426,40.7529],[-84.09427,40.75317],[-84.09425,40.75397],[-84.09425,40.75452],[-84.09424,40.75547],[-84.09424,40.75584],[-84.09425,40.75629],[-84.09426,40.75664],[-84.09426,40.75666],[-84.09426,40.75726],[-84.09424,40.75756],[-84.09421,40.75799],[-84.0943,40.75843],[-84.09427,40.75914],[-84.09429,40.75928],[-84.09429,40.75932],[-84.09429,40.75935],[-84.09429,40.75937],[-84.0943,40.75942],[-84.09432,40.75942],[-84.09432,40.75935],[-84.0944,40.75935],[-84.0945,40.75935],[-84.09466,40.75935],[-84.09562,40.75932],[-84.09583,40.75931],[-84.09598,40.75931],[-84.09617,40.75931],[-84.09713,40.75929],[-84.09736,40.75928],[-84.09904,40.75924],[-84.09985,40.75924],[-84.10045,40.75924],[-84.10043,40.75932],[-84.10032,40.75976],[-84.10012,40.76064],[-84.09993,40.76064],[-84.09992,40.76073],[-84.0999,40.76089],[-84.09985,40.76125],[-84.09991,40.76165],[-84.09994,40.76179],[-84.09997,40.76208],[-84.10002,40.7624],[-84.10012,40.76271],[-84.10026,40.76304],[-84.10034,40.7632],[-84.10046,40.76338],[-84.10053,40.7635],[-84.1007,40.76372],[-84.10087,40.76391],[-84.10096,40.764],[-84.10147,40.76446],[-84.10156,40.76453],[-84.10166,40.76462],[-84.10201,40.76493],[-84.10261,40.76491],[-84.10324,40.76491],[-84.10504,40.76489],[-84.1069,40.76486],[-84.1086,40.76482],[-84.10866,40.76482],[-84.10988,40.76483],[-84.1099,40.76339],[-84.10991,40.76261],[-84.11,40.76253],[-84.11019,40.76243],[-84.1104,40.76238],[-84.11199,40.76237],[-84.11351,40.76233],[-84.1135,40.76196],[-84.11349,40.76103],[-84.11348,40.76055],[-84.11475,40.76057],[-84.11696,40.7606],[-84.11686,40.75904],[-84.11879,40.75899],[-84.11987,40.75897],[-84.12009,40.75897],[-84.12113,40.75892],[-84.12126,40.75892],[-84.1213,40.75892],[-84.12244,40.75889],[-84.12266,40.75889],[-84.12306,40.75889],[-84.12305,40.75838],[-84.12509,40.75839],[-84.12656,40.75839],[-84.12693,40.75839],[-84.12788,40.7584],[-84.12862,40.75855],[-84.12875,40.75858],[-84.12892,40.75861],[-84.12951,40.75841],[-84.13098,40.75841],[-84.13202,40.75842],[-84.13284,40.75843],[-84.13365,40.75844],[-84.1345,40.75845],[-84.13549,40.75846],[-84.13698,40.75848],[-84.13701,40.7569],[-84.13703,40.75606],[-84.13949,40.75718],[-84.14013,40.75747],[-84.14115,40.75797],[-84.14142,40.75811],[-84.14151,40.75815],[-84.14226,40.75849],[-84.14226,40.75837],[-84.14227,40.75782],[-84.14228,40.75671],[-84.14226,40.75604],[-84.14226,40.75601],[-84.14225,40.75587],[-84.14221,40.75573],[-84.14218,40.75569],[-84.14214,40.75563],[-84.14213,40.75553],[-84.14223,40.75553],[-84.14637,40.75553],[-84.14704,40.75553],[-84.14703,40.75499],[-84.14702,40.75489],[-84.147,40.75198],[-84.14699,40.7518],[-84.147,40.75151],[-84.14701,40.75131],[-84.14704,40.75113],[-84.14703,40.75083],[-84.14703,40.75062],[-84.14703,40.75035],[-84.14703,40.75019],[-84.14703,40.7501],[-84.14703,40.74991],[-84.14703,40.74979],[-84.14703,40.7497],[-84.14703,40.74927],[-84.14701,40.74848],[-84.14762,40.74863],[-84.14807,40.74874],[-84.14816,40.74876],[-84.14867,40.74889],[-84.14871,40.7489],[-84.14904,40.74898],[-84.14984,40.74919],[-84.1501,40.74925],[-84.15037,40.74932],[-84.15031,40.74745],[-84.1503,40.74732],[-84.15112,40.74725],[-84.15124,40.74724],[-84.15121,40.74592],[-84.15147,40.74591],[-84.15146,40.74559],[-84.15145,40.745],[-84.15144,40.7442],[-84.15144,40.74368],[-84.15138,40.74067],[-84.15154,40.74067],[-84.15286,40.74066],[-84.15389,40.74065],[-84.15439,40.74065],[-84.15528,40.74063],[-84.15528,40.74005],[-84.15527,40.73995],[-84.15527,40.73962],[-84.15527,40.73951],[-84.15527,40.73885],[-84.15525,40.7379],[-84.15525,40.73721],[-84.15565,40.73721]]]}},{"type":"Feature","properties":{"GEOID":"3904498","NAME":"Wapakoneta City School District","BASENAME":"Wapakoneta City School District","POP100":19277,"HU100":8425,"AREALAND":378083057,"CENTLAT":"+40.5829166","CENTLON":"-084.1612206"},"geometry":{"type":"Polygon","coordinates":[[[-84.33944,40.64341],[-84.33944,40.64245],[-84.33943,40.64135],[-84.33943,40.64087],[-84.33943,40.64083],[-84.3394,40.63572],[-84.33938,40.62993],[-84.33938,40.62928],[-84.33938,40.62879],[-84.33938,40.62874],[-84.33937,40.62665],[-84.33938,40.62526],[-84.33938,40.62358],[-84.33937,40.62224],[-84.33937,40.61939],[-84.33938,40.61903],[-84.33844,40.61903],[-84.337,40.61905],[-84.33627,40.61905],[-84.33573,40.61906],[-84.33499,40.61907],[-84.33469,40.61907],[-84.33444,40.61907],[-84.33185,40.61909],[-84.32382,40.61915],[-84.32268,40.61916],[-84.32265,40.61687],[-84.32263,40.61564],[-84.32262,40.61519],[-84.32262,40.61475],[-84.32262,40.61431],[-84.32261,40.61386],[-84.3226,40.61342],[-84.3226,40.61296],[-84.3226,40.61284],[-84.3226,40.6125],[-84.32259,40.61191],[-84.32237,40.61191],[-84.32222,40.61191],[-84.32185,40.61191],[-84.32155,40.61192],[-84.32054,40.61193],[-84.32001,40.61193],[-84.31956,40.61193],[-84.31916,40.61193],[-84.31879,40.61194],[-84.31844,40.61194],[-84.31809,40.61194],[-84.31782,40.61194],[-84.31782,40.61183],[-84.31782,40.61169],[-84.31782,40.6115],[-84.31782,40.61134],[-84.31781,40.61119],[-84.31781,40.61106],[-84.31781,40.6109],[-84.31781,40.61072],[-84.31781,40.61056],[-84.3178,40.61042],[-84.3178,40.61025],[-84.3178,40.61007],[-84.31779,40.60954],[-84.31779,40.60926],[-84.31779,40.60897],[-84.31779,40.60882],[-84.31778,40.60845],[-84.31348,40.60858],[-84.31348,40.60919],[-84.31348,40.61198],[-84.31347,40.61271],[-84.3036,40.61267],[-84.29877,40.61266],[-84.29875,40.61212],[-84.29876,40.61199],[-84.29875,40.6118],[-84.29875,40.61161],[-84.29875,40.61143],[-84.29875,40.61126],[-84.29875,40.61107],[-84.29875,40.61088],[-84.29875,40.6107],[-84.29875,40.61039],[-84.29875,40.61014],[-84.29875,40.60994],[-84.29874,40.60943],[-84.29874,40.60931],[-84.29874,40.60921],[-84.29874,40.60903],[-84.29874,40.60885],[-84.29875,40.60867],[-84.29557,40.60873],[-84.2863,40.60869],[-84.28623,40.60696],[-84.28627,40.60592],[-84.2879,40.60585],[-84.29237,40.60594],[-84.29478,40.60595],[-84.29478,40.60491],[-84.29477,40.60243],[-84.29873,40.60239],[-84.29872,40.60218],[-84.29872,40.60197],[-84.29872,40.60155],[-84.29872,40.60115],[-84.29873,40.60091],[-84.29872,40.60049],[-84.29872,40.60031],[-84.29872,40.59988],[-84.29872,40.59967],[-84.29872,40.59942],[-84.29871,40.59925],[-84.29871,40.59898],[-84.29871,40.59887],[-84.29871,40.59863],[-84.2858,40.59887],[-84.2858,40.59129],[-84.2858,40.59119],[-84.2858,40.59079],[-84.28578,40.59074],[-84.28578,40.59066],[-84.28578,40.59049],[-84.28556,40.59049],[-84.28467,40.5905],[-84.28429,40.5905],[-84.28373,40.5905],[-84.28302,40.59051],[-84.28232,40.59051],[-84.28167,40.59052],[-84.28086,40.59052],[-84.27993,40.59054],[-84.27956,40.59056],[-84.27911,40.59056],[-84.27848,40.59058],[-84.27775,40.5906],[-84.27604,40.59065],[-84.27538,40.59067],[-84.27512,40.59068],[-84.2751,40.58349],[-84.27943,40.58334],[-84.27943,40.5832],[-84.27942,40.58296],[-84.27942,40.58276],[-84.27941,40.58243],[-84.2794,40.58212],[-84.27941,40.58181],[-84.2794,40.58151],[-84.2794,40.5812],[-84.27939,40.5809],[-84.27939,40.58003],[-84.27938,40.57972],[-84.27938,40.57957],[-84.27938,40.57942],[-84.27937,40.57934],[-84.27936,40.57858],[-84.27935,40.57824],[-84.27935,40.57782],[-84.27936,40.57684],[-84.27937,40.57669],[-84.27937,40.5763],[-84.27936,40.5762],[-84.27933,40.57613],[-84.27931,40.5761],[-84.27927,40.57607],[-84.27923,40.57605],[-84.27918,40.57604],[-84.2791,40.57603],[-84.27902,40.57603],[-84.27892,40.57604],[-84.27879,40.57604],[-84.27801,40.57608],[-84.27793,40.57608],[-84.27785,40.57607],[-84.2778,40.57605],[-84.27776,40.57603],[-84.27772,40.57601],[-84.2777,40.57599],[-84.27768,40.57596],[-84.27768,40.57592],[-84.27768,40.57589],[-84.27768,40.57583],[-84.27768,40.57576],[-84.27768,40.57564],[-84.27769,40.57504],[-84.27769,40.57481],[-84.2777,40.57465],[-84.2777,40.57445],[-84.27769,40.57426],[-84.27638,40.5743],[-84.27643,40.57493],[-84.2725,40.57509],[-84.27253,40.5762],[-84.26948,40.57632],[-84.26937,40.57257],[-84.27233,40.57249],[-84.27237,40.57253],[-84.27243,40.57255],[-84.27248,40.57256],[-84.27342,40.57253],[-84.27458,40.5725],[-84.27569,40.57248],[-84.27672,40.57247],[-84.2773,40.57247],[-84.27753,40.57246],[-84.27759,40.57245],[-84.27769,40.57244],[-84.27769,40.57225],[-84.27769,40.57208],[-84.27768,40.57188],[-84.27769,40.57167],[-84.2777,40.57146],[-84.27769,40.57128],[-84.27769,40.57097],[-84.2777,40.57055],[-84.27769,40.57032],[-84.27768,40.56937],[-84.27769,40.56889],[-84.27769,40.56841],[-84.27769,40.56792],[-84.27772,40.56697],[-84.27772,40.56693],[-84.27774,40.56657],[-84.27776,40.5628],[-84.27775,40.56257],[-84.2778,40.55932],[-84.27781,40.55912],[-84.27781,40.55877],[-84.27728,40.55883],[-84.27658,40.55891],[-84.27571,40.55902],[-84.27412,40.55923],[-84.27382,40.55927],[-84.27317,40.55935],[-84.27228,40.55946],[-84.27113,40.55959],[-84.27067,40.55965],[-84.26967,40.55979],[-84.26937,40.55983],[-84.26895,40.55988],[-84.26882,40.55446],[-84.26867,40.55008],[-84.26857,40.54753],[-84.26832,40.54045],[-84.26821,40.53716],[-84.2711,40.53711],[-84.27111,40.53305],[-84.27106,40.52631],[-84.26037,40.52624],[-84.2604,40.53006],[-84.25971,40.53006],[-84.25471,40.53],[-84.24904,40.52994],[-84.24909,40.53299],[-84.23767,40.53318],[-84.23729,40.53318],[-84.23508,40.53317],[-84.23471,40.53317],[-84.23286,40.53317],[-84.23182,40.53316],[-84.23149,40.53316],[-84.23108,40.53316],[-84.23106,40.53317],[-84.23104,40.53317],[-84.231,40.53319],[-84.23086,40.53319],[-84.2294,40.53319],[-84.22865,40.5332],[-84.22809,40.5332],[-84.22789,40.5332],[-84.22654,40.5332],[-84.22554,40.5332],[-84.22509,40.5332],[-84.22454,40.5332],[-84.22379,40.5332],[-84.2228,40.5332],[-84.22214,40.53321],[-84.22188,40.53321],[-84.22178,40.53322],[-84.22161,40.53324],[-84.22149,40.53074],[-84.22165,40.52521],[-84.22165,40.52312],[-84.22166,40.52003],[-84.2217,40.51865],[-84.2216,40.51375],[-84.22158,40.51345],[-84.22161,40.51334],[-84.22167,40.51323],[-84.22171,40.51224],[-84.22165,40.51062],[-84.22155,40.50881],[-84.22149,40.50808],[-84.22154,40.50726],[-84.22151,40.50569],[-84.22149,40.50577],[-84.22143,40.50581],[-84.22134,40.50585],[-84.22125,40.50587],[-84.22114,40.50588],[-84.22107,40.50589],[-84.22092,40.5059],[-84.22065,40.50592],[-84.21986,40.50594],[-84.21932,40.50595],[-84.21903,40.50596],[-84.21855,40.50597],[-84.21793,40.50596],[-84.21763,40.50595],[-84.2173,40.50594],[-84.21702,40.50593],[-84.21671,40.5059],[-84.21605,40.50581],[-84.21556,40.50574],[-84.21502,40.50567],[-84.21442,40.50558],[-84.21434,40.50557],[-84.21428,40.50558],[-84.21421,40.50558],[-84.21411,40.5056],[-84.21406,40.50561],[-84.214,40.50564],[-84.21396,40.50568],[-84.21392,40.50573],[-84.21387,40.50587],[-84.2138,40.50604],[-84.21372,40.50618],[-84.21365,40.5063],[-84.21358,40.50637],[-84.21349,40.50644],[-84.21342,40.50648],[-84.21335,40.5065],[-84.21326,40.50652],[-84.2131,40.50653],[-84.21279,40.50653],[-84.21204,40.50653],[-84.21156,40.50654],[-84.21087,40.50655],[-84.20946,40.50656],[-84.20746,40.50658],[-84.20705,40.50659],[-84.20693,40.50659],[-84.20682,40.50659],[-84.20706,40.50622],[-84.20714,40.50609],[-84.20726,40.50588],[-84.20733,40.50571],[-84.20739,40.50544],[-84.20741,40.50529],[-84.18905,40.50518],[-84.18671,40.50518],[-84.18549,40.50516],[-84.18232,40.50516],[-84.17505,40.50517],[-84.16946,40.50519],[-84.16912,40.50519],[-84.16427,40.50518],[-84.16427,40.50609],[-84.16429,40.50716],[-84.15652,40.50719],[-84.15658,40.50331],[-84.15535,40.50337],[-84.15392,40.50339],[-84.14137,40.50378],[-84.13567,40.5037],[-84.13489,40.50371],[-84.13489,40.51005],[-84.12616,40.51008],[-84.12614,40.50871],[-84.12614,40.50858],[-84.12613,40.50807],[-84.11997,40.50805],[-84.11621,40.50806],[-84.11617,40.50596],[-84.11466,40.50594],[-84.10712,40.50583],[-84.1071,40.50327],[-84.10711,40.50268],[-84.10713,40.50152],[-84.10717,40.49981],[-84.10717,40.49918],[-84.10717,40.49772],[-84.10715,40.49494],[-84.10714,40.49407],[-84.10715,40.49379],[-84.10715,40.49329],[-84.10715,40.4928],[-84.10715,40.49147],[-84.10715,40.49082],[-84.10715,40.49052],[-84.10715,40.4894],[-84.10715,40.48804],[-84.10715,40.48714],[-84.10715,40.48609],[-84.10715,40.48496],[-84.10714,40.48428],[-84.10714,40.4836],[-84.10715,40.48316],[-84.10235,40.48313],[-84.10155,40.48313],[-84.10154,40.48313],[-84.09515,40.48309],[-84.09435,40.48308],[-84.08805,40.48307],[-84.08673,40.48307],[-84.08157,40.4831],[-84.08156,40.4831],[-84.0813,40.4831],[-84.08025,40.4831],[-84.08012,40.48429],[-84.08015,40.48626],[-84.08023,40.49027],[-84.07379,40.49034],[-84.06492,40.49032],[-84.06489,40.48834],[-84.05489,40.48829],[-84.05267,40.48828],[-84.05275,40.49305],[-84.05684,40.49305],[-84.0597,40.49305],[-84.05976,40.49765],[-84.05972,40.50016],[-84.05988,40.50896],[-84.05817,40.50908],[-84.05438,40.50905],[-84.05428,40.5073],[-84.04435,40.50709],[-84.04427,40.50709],[-84.0438,40.5072],[-84.04048,40.50717],[-84.04052,40.50313],[-84.04041,40.49765],[-84.0404,40.49685],[-84.0404,40.4963],[-84.0404,40.49594],[-84.04044,40.49592],[-84.04046,40.4959],[-84.04048,40.49587],[-84.04049,40.49583],[-84.0405,40.49578],[-84.0405,40.49569],[-84.0405,40.49554],[-84.04021,40.49396],[-84.04015,40.49303],[-84.04151,40.49302],[-84.04302,40.49303],[-84.04304,40.49037],[-84.04294,40.49037],[-84.04282,40.49037],[-84.04269,40.49037],[-84.04253,40.49038],[-84.04229,40.49041],[-84.0415,40.49048],[-84.04129,40.4905],[-84.04119,40.4905],[-84.04112,40.4905],[-84.04103,40.4905],[-84.04096,40.49048],[-84.04088,40.49045],[-84.04082,40.49042],[-84.04076,40.49039],[-84.04071,40.49035],[-84.04066,40.49031],[-84.03672,40.49031],[-84.03668,40.49265],[-84.03667,40.49287],[-84.02524,40.49286],[-84.02522,40.49763],[-84.02207,40.49763],[-84.01988,40.49763],[-84.01777,40.49763],[-84.01668,40.49763],[-84.01608,40.49763],[-84.01429,40.49762],[-84.01305,40.49762],[-84.01195,40.49762],[-84.01186,40.49853],[-84.01186,40.49942],[-84.01185,40.50034],[-84.01184,40.50124],[-84.01184,40.50175],[-84.01183,40.50215],[-84.01183,40.50318],[-84.01183,40.50366],[-84.01183,40.50461],[-84.01184,40.50556],[-84.01184,40.50604],[-84.01184,40.50689],[-84.01184,40.50733],[-84.0163,40.50733],[-84.02039,40.50739],[-84.02031,40.5124],[-84.0152,40.51235],[-84.0152,40.5105],[-84.01246,40.51048],[-84.01183,40.51048],[-84.00206,40.51041],[-84.00202,40.51216],[-84.00065,40.51217],[-83.99903,40.51217],[-83.99814,40.51216],[-83.99804,40.51931],[-83.99788,40.5193],[-83.99769,40.51928],[-83.99651,40.51911],[-83.99592,40.51903],[-83.99472,40.51886],[-83.9941,40.51878],[-83.9939,40.51875],[-83.99391,40.51902],[-83.99392,40.52181],[-83.99392,40.52653],[-83.99392,40.5275],[-83.99392,40.52787],[-83.99389,40.52857],[-83.99388,40.52996],[-83.99387,40.53383],[-83.99387,40.53387],[-83.99387,40.53478],[-83.99387,40.53517],[-83.99382,40.53877],[-83.99382,40.5397],[-83.99382,40.54063],[-83.99382,40.5411],[-83.99381,40.54202],[-83.99382,40.54249],[-83.99381,40.54389],[-83.99381,40.54482],[-83.99382,40.54528],[-83.99382,40.54575],[-83.99382,40.54607],[-83.99382,40.54628],[-83.99382,40.54658],[-83.99381,40.54688],[-83.99381,40.54717],[-83.99382,40.54748],[-83.99382,40.54781],[-83.99382,40.54804],[-83.99381,40.54849],[-83.99381,40.5487],[-83.99493,40.54868],[-83.99571,40.54867],[-83.99659,40.54866],[-83.99746,40.54865],[-83.99829,40.54863],[-83.99911,40.54862],[-84.00296,40.54856],[-84.00518,40.54853],[-84.00604,40.54851],[-84.00665,40.54851],[-84.00717,40.5485],[-84.00772,40.5485],[-84.00815,40.54849],[-84.0085,40.5485],[-84.00911,40.54849],[-84.00972,40.54849],[-84.01031,40.54848],[-84.01088,40.54847],[-84.01198,40.54846],[-84.01241,40.54846],[-84.01247,40.55696],[-84.01293,40.55696],[-84.01292,40.55759],[-84.01291,40.55839],[-84.01289,40.56031],[-84.01291,40.56206],[-84.01292,40.56452],[-84.01291,40.56854],[-84.01294,40.57152],[-84.01484,40.57151],[-84.0151,40.57151],[-84.01534,40.57151],[-84.01594,40.5715],[-84.01653,40.5715],[-84.01712,40.57149],[-84.01831,40.57149],[-84.0195,40.57147],[-84.02069,40.57147],[-84.02308,40.57146],[-84.02349,40.57145],[-84.02546,40.57145],[-84.02665,40.57144],[-84.02894,40.57143],[-84.0308,40.57143],[-84.032,40.57143],[-84.03247,40.57143],[-84.03305,40.57142],[-84.03533,40.57142],[-84.0359,40.57142],[-84.03646,40.57141],[-84.03876,40.5714],[-84.03938,40.57139],[-84.03999,40.57139],[-84.04097,40.57139],[-84.04141,40.57139],[-84.04505,40.57139],[-84.04561,40.57138],[-84.04689,40.57139],[-84.0474,40.5714],[-84.04812,40.5714],[-84.04918,40.5714],[-84.05061,40.57141],[-84.0516,40.57142],[-84.05174,40.57142],[-84.0522,40.5714],[-84.05388,40.57139],[-84.05517,40.57137],[-84.05577,40.57137],[-84.05662,40.57136],[-84.05708,40.57135],[-84.05755,40.57134],[-84.05803,40.57134],[-84.05803,40.57145],[-84.05805,40.5736],[-84.0581,40.57839],[-84.05813,40.58238],[-84.05815,40.58597],[-84.05823,40.59217],[-84.05832,40.60057],[-84.05846,40.61521],[-84.05849,40.61735],[-84.04633,40.61729],[-84.04634,40.6195],[-84.04636,40.62189],[-84.04636,40.62206],[-84.04636,40.62232],[-84.03972,40.62242],[-84.03913,40.62243],[-84.03914,40.62817],[-84.03914,40.62959],[-84.03917,40.64342],[-84.03918,40.64395],[-84.04654,40.64395],[-84.04924,40.64385],[-84.05531,40.6438],[-84.06098,40.6438],[-84.06167,40.6438],[-84.06256,40.64378],[-84.0647,40.64375],[-84.06524,40.64374],[-84.07057,40.64365],[-84.07461,40.64361],[-84.07532,40.6436],[-84.07619,40.64357],[-84.07724,40.64357],[-84.07741,40.64356],[-84.07775,40.64354],[-84.07808,40.64353],[-84.07826,40.64353],[-84.0784,40.64353],[-84.07896,40.64353],[-84.08135,40.6435],[-84.08457,40.64346],[-84.08976,40.6434],[-84.08979,40.6434],[-84.0994,40.64322],[-84.10779,40.64307],[-84.10779,40.6438],[-84.1078,40.64412],[-84.10781,40.64421],[-84.10781,40.64437],[-84.10781,40.64458],[-84.10781,40.64483],[-84.10781,40.64514],[-84.10781,40.64677],[-84.10781,40.64803],[-84.10782,40.64856],[-84.10784,40.65015],[-84.10784,40.65021],[-84.10785,40.65053],[-84.10785,40.65108],[-84.10785,40.65112],[-84.10785,40.65117],[-84.10785,40.65149],[-84.10785,40.65171],[-84.10786,40.65248],[-84.10787,40.65254],[-84.10787,40.65288],[-84.10787,40.65337],[-84.10787,40.6537],[-84.10786,40.65442],[-84.10785,40.65491],[-84.10787,40.65573],[-84.10787,40.65603],[-84.10788,40.65624],[-84.10789,40.65645],[-84.10789,40.65699],[-84.10791,40.65794],[-84.12214,40.65765],[-84.12566,40.65765],[-84.13092,40.65764],[-84.1312,40.65764],[-84.13122,40.65764],[-84.13147,40.65764],[-84.13153,40.65764],[-84.13183,40.65763],[-84.13405,40.65753],[-84.13467,40.65755],[-84.13476,40.65755],[-84.13553,40.65755],[-84.13582,40.65754],[-84.13587,40.65754],[-84.13749,40.65751],[-84.13965,40.65748],[-84.14053,40.65744],[-84.14127,40.65741],[-84.14215,40.6574],[-84.14388,40.65739],[-84.14471,40.65738],[-84.14513,40.65738],[-84.14562,40.65737],[-84.14612,40.65737],[-84.14617,40.65737],[-84.14732,40.65736],[-84.14766,40.65735],[-84.14792,40.65735],[-84.14817,40.65735],[-84.14842,40.65735],[-84.14893,40.65734],[-84.14943,40.65734],[-84.14968,40.65733],[-84.14997,40.65733],[-84.15013,40.65733],[-84.15088,40.65731],[-84.15223,40.65729],[-84.15267,40.65729],[-84.16521,40.65714],[-84.18435,40.65712],[-84.18536,40.65712],[-84.18959,40.6571],[-84.20348,40.65705],[-84.20351,40.65705],[-84.20754,40.65705],[-84.21122,40.65696],[-84.22275,40.65695],[-84.22423,40.65696],[-84.23191,40.65694],[-84.23192,40.66133],[-84.23188,40.6694],[-84.23451,40.6694],[-84.2345,40.67134],[-84.23445,40.68102],[-84.22981,40.681],[-84.22982,40.68396],[-84.242,40.68392],[-84.24199,40.68337],[-84.24198,40.68158],[-84.24198,40.68096],[-84.24197,40.68074],[-84.24247,40.68075],[-84.2491,40.68078],[-84.25554,40.6808],[-84.2555,40.68353],[-84.25971,40.68359],[-84.25972,40.68114],[-84.26337,40.68114],[-84.26336,40.68449],[-84.26336,40.6848],[-84.26339,40.6849],[-84.2633,40.68587],[-84.26346,40.68587],[-84.26369,40.68587],[-84.26418,40.68586],[-84.26422,40.68586],[-84.26529,40.68584],[-84.26532,40.68584],[-84.2655,40.68584],[-84.26565,40.68584],[-84.26644,40.68583],[-84.27038,40.6858],[-84.27076,40.68581],[-84.27079,40.68581],[-84.27097,40.68581],[-84.27108,40.68581],[-84.27222,40.6858],[-84.27255,40.6858],[-84.27353,40.68579],[-84.27483,40.68578],[-84.27541,40.68578],[-84.27693,40.68576],[-84.27692,40.68397],[-84.27693,40.67571],[-84.27693,40.67116],[-84.2806,40.67115],[-84.28083,40.67115],[-84.28471,40.67114],[-84.28475,40.66387],[-84.28474,40.66351],[-84.28975,40.6635],[-84.28972,40.65837],[-84.28965,40.65836],[-84.28958,40.65834],[-84.28951,40.65832],[-84.28942,40.65829],[-84.28933,40.65825],[-84.28922,40.65821],[-84.28905,40.65814],[-84.289,40.65811],[-84.28892,40.65806],[-84.28888,40.65803],[-84.28885,40.65799],[-84.28883,40.65794],[-84.28879,40.65789],[-84.28876,40.65783],[-84.28865,40.65762],[-84.28859,40.65751],[-84.28853,40.65742],[-84.28849,40.65736],[-84.28845,40.65733],[-84.2884,40.65729],[-84.28831,40.65724],[-84.28795,40.6571],[-84.28744,40.65692],[-84.28735,40.65689],[-84.28733,40.65686],[-84.28729,40.65683],[-84.28728,40.65681],[-84.28727,40.6568],[-84.28726,40.65678],[-84.28724,40.65675],[-84.28721,40.65672],[-84.2872,40.65671],[-84.2872,40.65669],[-84.2872,40.65667],[-84.2872,40.65665],[-84.28718,40.65661],[-84.28975,40.6566],[-84.29116,40.6566],[-84.29375,40.6566],[-84.29413,40.6566],[-84.29663,40.65659],[-84.29734,40.65659],[-84.29802,40.65659],[-84.29841,40.65659],[-84.29909,40.65658],[-84.30157,40.65658],[-84.30531,40.65658],[-84.30531,40.65615],[-84.30852,40.65616],[-84.31261,40.65617],[-84.3126,40.65656],[-84.31265,40.65656],[-84.3154,40.65655],[-84.31815,40.65654],[-84.31805,40.65633],[-84.31806,40.65601],[-84.31805,40.6554],[-84.31805,40.65467],[-84.31805,40.6541],[-84.31805,40.65318],[-84.31804,40.65278],[-84.32121,40.65277],[-84.32276,40.65277],[-84.32282,40.64966],[-84.32766,40.64948],[-84.32771,40.64613],[-84.33489,40.6461],[-84.33489,40.64921],[-84.33802,40.6492],[-84.33851,40.64919],[-84.3392,40.64922],[-84.33925,40.64921],[-84.33929,40.64919],[-84.33932,40.64917],[-84.33934,40.64915],[-84.33937,40.64912],[-84.33938,40.64908],[-84.33939,40.649],[-84.33939,40.64871],[-84.33939,40.64842],[-84.33937,40.64814],[-84.33938,40.64737],[-84.33938,40.64678],[-84.33944,40.64341]]]}},{"type":"Feature","properties":{"GEOID":"3904518","NAME":"Ada Exempted Village School District","BASENAME":"Ada Exempted Village School District","POP100":7269,"HU100":2758,"AREALAND":111059817,"CENTLAT":"+40.7850154","CENTLON":"-083.8235028"},"geometry":{"type":"Polygon","coordinates":[[[-83.88006,40.81992],[-83.88005,40.8192],[-83.88005,40.81778],[-83.88005,40.81768],[-83.88005,40.81758],[-83.88005,40.8173],[-83.88005,40.81674],[-83.88006,40.81446],[-83.88005,40.8126],[-83.88004,40.81179],[-83.88004,40.80948],[-83.88003,40.80757],[-83.88002,40.80717],[-83.88002,40.80558],[-83.88002,40.80542],[-83.88002,40.80435],[-83.88001,40.80365],[-83.87999,40.80227],[-83.88,40.80142],[-83.88002,40.79888],[-83.88001,40.79726],[-83.88,40.79647],[-83.88,40.79646],[-83.88,40.79551],[-83.88,40.79438],[-83.88001,40.79384],[-83.88001,40.7937],[-83.88001,40.79254],[-83.88001,40.79173],[-83.88001,40.79164],[-83.88001,40.79145],[-83.88001,40.79125],[-83.88001,40.79098],[-83.88001,40.79096],[-83.88001,40.79095],[-83.88001,40.79071],[-83.88001,40.7907],[-83.88001,40.79041],[-83.88002,40.78848],[-83.87996,40.78382],[-83.87996,40.78349],[-83.87995,40.78323],[-83.87995,40.78247],[-83.87995,40.78211],[-83.87994,40.78143],[-83.87994,40.78131],[-83.87994,40.78092],[-83.87993,40.78001],[-83.87992,40.77706],[-83.87992,40.77644],[-83.87992,40.77626],[-83.87992,40.77618],[-83.87991,40.77564],[-83.87991,40.77562],[-83.87991,40.7756],[-83.8799,40.77427],[-83.87991,40.77013],[-83.87991,40.77011],[-83.87991,40.76996],[-83.87991,40.76994],[-83.87992,40.76907],[-83.87992,40.76905],[-83.87992,40.76904],[-83.87992,40.76902],[-83.87994,40.76727],[-83.87992,40.76516],[-83.87992,40.76514],[-83.87992,40.76303],[-83.87992,40.76186],[-83.87992,40.76171],[-83.87992,40.76157],[-83.87992,40.76073],[-83.87992,40.75985],[-83.87992,40.7585],[-83.87992,40.7574],[-83.87992,40.75738],[-83.87992,40.75731],[-83.87992,40.7573],[-83.87992,40.75705],[-83.87991,40.75677],[-83.87991,40.75611],[-83.87992,40.75573],[-83.87992,40.7557],[-83.87992,40.75566],[-83.87992,40.75561],[-83.87992,40.75559],[-83.87992,40.75557],[-83.87992,40.75556],[-83.87992,40.75494],[-83.87992,40.75493],[-83.87992,40.75492],[-83.87992,40.75468],[-83.8799,40.75322],[-83.87991,40.7524],[-83.87991,40.75182],[-83.87992,40.75084],[-83.87991,40.75078],[-83.87991,40.75071],[-83.87991,40.75061],[-83.87991,40.75011],[-83.87991,40.75007],[-83.87991,40.74976],[-83.8799,40.74953],[-83.8799,40.74727],[-83.8799,40.74723],[-83.8799,40.7472],[-83.8799,40.74706],[-83.8799,40.74693],[-83.8799,40.74689],[-83.8799,40.74664],[-83.8799,40.74662],[-83.87989,40.74531],[-83.87989,40.74354],[-83.87989,40.7427],[-83.87989,40.74255],[-83.87989,40.74252],[-83.87989,40.74251],[-83.87988,40.74213],[-83.87987,40.74144],[-83.87987,40.74106],[-83.87987,40.74104],[-83.87987,40.74006],[-83.87986,40.73985],[-83.87986,40.73963],[-83.87986,40.73888],[-83.87986,40.73873],[-83.87985,40.73731],[-83.87985,40.73707],[-83.87985,40.73675],[-83.87985,40.73673],[-83.87985,40.73623],[-83.87984,40.73582],[-83.87984,40.7358],[-83.87983,40.7348],[-83.87983,40.73468],[-83.87983,40.73461],[-83.87983,40.73452],[-83.87983,40.73442],[-83.87983,40.7344],[-83.87983,40.73437],[-83.87983,40.73432],[-83.87983,40.73431],[-83.87983,40.73427],[-83.87983,40.73408],[-83.87983,40.73385],[-83.87983,40.73383],[-83.87983,40.73292],[-83.87983,40.73244],[-83.87855,40.73246],[-83.87754,40.73247],[-83.87281,40.73249],[-83.86805,40.73252],[-83.86323,40.73254],[-83.86198,40.73255],[-83.86171,40.73255],[-83.86143,40.73255],[-83.85653,40.73259],[-83.85403,40.73261],[-83.84972,40.73264],[-83.84463,40.73268],[-83.84236,40.7327],[-83.83537,40.73278],[-83.82889,40.73284],[-83.82322,40.73289],[-83.81612,40.73296],[-83.81179,40.733],[-83.81079,40.733],[-83.80704,40.73302],[-83.80599,40.73302],[-83.80417,40.73302],[-83.80309,40.73302],[-83.80088,40.733],[-83.80076,40.733],[-83.79683,40.73297],[-83.79598,40.73296],[-83.79355,40.73294],[-83.79091,40.73293],[-83.78509,40.73291],[-83.78507,40.73291],[-83.78002,40.73289],[-83.77626,40.73287],[-83.77225,40.73286],[-83.76913,40.73285],[-83.76597,40.73286],[-83.76583,40.73806],[-83.76578,40.74013],[-83.7657,40.7474],[-83.76569,40.75259],[-83.76568,40.75462],[-83.7656,40.76082],[-83.76558,40.76173],[-83.76558,40.76179],[-83.76559,40.76312],[-83.76557,40.76909],[-83.76553,40.77629],[-83.76554,40.77651],[-83.76554,40.77654],[-83.76556,40.77685],[-83.76565,40.77911],[-83.76588,40.78366],[-83.76596,40.78557],[-83.76605,40.78779],[-83.76622,40.79089],[-83.76657,40.79089],[-83.76657,40.79117],[-83.76655,40.79199],[-83.76653,40.79468],[-83.76649,40.8],[-83.76648,40.80132],[-83.76649,40.80467],[-83.76649,40.80551],[-83.76649,40.80557],[-83.76641,40.80989],[-83.7664,40.81142],[-83.76637,40.8147],[-83.76634,40.81659],[-83.7663,40.81926],[-83.77106,40.8193],[-83.77481,40.81933],[-83.77485,40.82606],[-83.77485,40.82632],[-83.77489,40.8339],[-83.7786,40.83394],[-83.78067,40.83395],[-83.785,40.834],[-83.78553,40.834],[-83.78595,40.834],[-83.7917,40.83405],[-83.79312,40.83407],[-83.79495,40.83408],[-83.79501,40.84156],[-83.8047,40.84154],[-83.80884,40.84153],[-83.82381,40.8415],[-83.84278,40.84146],[-83.84517,40.84145],[-83.86209,40.84141],[-83.87106,40.8414],[-83.87105,40.83896],[-83.87103,40.83467],[-83.87103,40.83437],[-83.87102,40.82769],[-83.87102,40.82745],[-83.87102,40.82341],[-83.871,40.81991],[-83.87493,40.81991],[-83.87753,40.81992],[-83.87887,40.81992],[-83.87889,40.81992],[-83.87895,40.81992],[-83.88006,40.81992]]]}},{"type":"Feature","properties":{"GEOID":"3904521","NAME":"Bluffton Exempted Village School District","BASENAME":"Bluffton Exempted Village School District","POP100":6438,"HU100":2545,"AREALAND":137033253,"CENTLAT":"+40.8644953","CENTLON":"-083.9511034"},"geometry":{"type":"Polygon","coordinates":[[[-84.04209,40.8466],[-84.04212,40.8383],[-84.04015,40.8383],[-84.04017,40.83219],[-84.0402,40.82494],[-84.0402,40.82468],[-84.04023,40.81772],[-84.03925,40.81773],[-84.03858,40.81773],[-84.03782,40.81773],[-84.03695,40.81774],[-84.03641,40.81774],[-84.03622,40.81774],[-84.03595,40.81774],[-84.03518,40.81774],[-84.03353,40.81776],[-84.03325,40.81776],[-84.03265,40.81777],[-84.03239,40.81777],[-84.03223,40.81776],[-84.03077,40.81777],[-84.02966,40.81778],[-84.02904,40.81778],[-84.02788,40.81778],[-84.02647,40.81779],[-84.02622,40.81779],[-84.02573,40.81779],[-84.02536,40.8178],[-84.02473,40.8178],[-84.0238,40.8178],[-84.02284,40.81781],[-84.02186,40.81782],[-84.0211,40.81782],[-84.0199,40.81783],[-84.01892,40.81783],[-84.01808,40.81783],[-84.017,40.81784],[-84.01596,40.81785],[-84.01587,40.81784],[-84.01541,40.81785],[-84.0149,40.81785],[-84.01416,40.81785],[-84.01392,40.81785],[-84.01348,40.81786],[-84.01322,40.81787],[-84.0126,40.81788],[-84.01182,40.81789],[-84.01108,40.8179],[-84.00934,40.81785],[-84.00744,40.81785],[-84.00689,40.81787],[-84.00674,40.8179],[-84.00658,40.8179],[-84.00639,40.8179],[-84.00284,40.81805],[-83.99976,40.81795],[-83.99941,40.81796],[-83.99909,40.81797],[-83.99889,40.81796],[-83.99873,40.81795],[-83.99434,40.81805],[-83.99082,40.81799],[-83.98999,40.81799],[-83.98524,40.81802],[-83.97647,40.8182],[-83.97564,40.81822],[-83.96137,40.81843],[-83.95725,40.81851],[-83.95184,40.81865],[-83.94599,40.81874],[-83.93746,40.81909],[-83.93703,40.8191],[-83.93636,40.81911],[-83.93488,40.81913],[-83.93396,40.81914],[-83.93264,40.81914],[-83.92741,40.81912],[-83.90872,40.81953],[-83.90836,40.81954],[-83.90781,40.81955],[-83.9077,40.81955],[-83.90706,40.81956],[-83.90528,40.81959],[-83.8991,40.81968],[-83.8933,40.81976],[-83.89133,40.81978],[-83.88363,40.81987],[-83.88006,40.81992],[-83.87895,40.81992],[-83.87889,40.81992],[-83.87887,40.81992],[-83.87753,40.81992],[-83.87493,40.81991],[-83.871,40.81991],[-83.87102,40.82341],[-83.87102,40.82745],[-83.87102,40.82769],[-83.87103,40.83437],[-83.87103,40.83467],[-83.87105,40.83896],[-83.87106,40.8414],[-83.87109,40.8489],[-83.8711,40.85365],[-83.87113,40.86345],[-83.87173,40.86345],[-83.87192,40.86345],[-83.87327,40.86345],[-83.87618,40.86347],[-83.87849,40.86347],[-83.88026,40.86348],[-83.88026,40.86354],[-83.88026,40.86411],[-83.88026,40.86564],[-83.88026,40.86638],[-83.88027,40.86753],[-83.88027,40.86884],[-83.8803,40.87064],[-83.88029,40.8719],[-83.88029,40.87354],[-83.88028,40.87382],[-83.88028,40.8746],[-83.88028,40.87462],[-83.88028,40.87484],[-83.88028,40.87508],[-83.88028,40.8752],[-83.88029,40.87555],[-83.88029,40.87649],[-83.88028,40.87689],[-83.88028,40.87786],[-83.88028,40.87794],[-83.88029,40.87836],[-83.88029,40.87885],[-83.8803,40.87984],[-83.8803,40.88006],[-83.8803,40.88008],[-83.8803,40.88103],[-83.8803,40.88142],[-83.8803,40.88154],[-83.8803,40.8816],[-83.8803,40.88217],[-83.8803,40.88245],[-83.8803,40.8829],[-83.88031,40.88455],[-83.88014,40.88458],[-83.87805,40.88468],[-83.87223,40.88489],[-83.87238,40.88731],[-83.87337,40.88737],[-83.87365,40.88744],[-83.87394,40.88753],[-83.87714,40.88808],[-83.87714,40.88824],[-83.87715,40.88834],[-83.87716,40.88838],[-83.87718,40.88843],[-83.87726,40.88854],[-83.87728,40.88859],[-83.8773,40.88864],[-83.87725,40.89243],[-83.88034,40.89244],[-83.88033,40.89257],[-83.88035,40.89342],[-83.88036,40.89524],[-83.88037,40.89563],[-83.88037,40.89575],[-83.88037,40.89588],[-83.88037,40.89591],[-83.88037,40.89593],[-83.88037,40.89598],[-83.88037,40.89612],[-83.88037,40.89629],[-83.88037,40.89643],[-83.88037,40.89664],[-83.88038,40.89864],[-83.88038,40.89876],[-83.88038,40.89886],[-83.88039,40.89966],[-83.88039,40.90122],[-83.88039,40.90128],[-83.88039,40.90135],[-83.88039,40.90195],[-83.8804,40.90263],[-83.8804,40.90466],[-83.8804,40.9052],[-83.8804,40.90591],[-83.88041,40.90775],[-83.88041,40.90831],[-83.88041,40.90961],[-83.88041,40.91247],[-83.88042,40.91768],[-83.88042,40.91831],[-83.88042,40.91885],[-83.88042,40.9197],[-83.88042,40.92043],[-83.88055,40.92043],[-83.88081,40.92043],[-83.88129,40.92042],[-83.88189,40.92042],[-83.88253,40.92042],[-83.88284,40.92042],[-83.88323,40.92042],[-83.88366,40.92041],[-83.88412,40.92041],[-83.88456,40.92041],[-83.88502,40.92041],[-83.88552,40.92041],[-83.88571,40.92041],[-83.88603,40.9204],[-83.88669,40.92041],[-83.88715,40.9204],[-83.88749,40.9204],[-83.88794,40.9204],[-83.8882,40.9204],[-83.88856,40.9204],[-83.88886,40.9204],[-83.88919,40.9204],[-83.88957,40.9204],[-83.88983,40.9204],[-83.89042,40.9204],[-83.89074,40.92039],[-83.89105,40.92039],[-83.89151,40.92039],[-83.89175,40.92039],[-83.89201,40.92039],[-83.89241,40.92039],[-83.89275,40.92038],[-83.89311,40.92038],[-83.89342,40.92038],[-83.89391,40.92038],[-83.89426,40.92037],[-83.89451,40.92037],[-83.89488,40.92037],[-83.89525,40.92037],[-83.89558,40.92036],[-83.89593,40.92037],[-83.89628,40.92036],[-83.89662,40.92036],[-83.897,40.92036],[-83.89736,40.92035],[-83.89773,40.92035],[-83.89811,40.92035],[-83.89848,40.92034],[-83.89907,40.92035],[-83.89924,40.92035],[-83.89951,40.92035],[-83.89955,40.92035],[-83.8996,40.92034],[-83.90058,40.92034],[-83.90259,40.92033],[-83.90281,40.92033],[-83.9044,40.92032],[-83.90688,40.92032],[-83.90787,40.92031],[-83.909,40.92031],[-83.91441,40.9203],[-83.91443,40.9203],[-83.91453,40.9203],[-83.91455,40.9203],[-83.915,40.9203],[-83.91531,40.9203],[-83.91541,40.9203],[-83.91598,40.9203],[-83.91712,40.9203],[-83.91847,40.9203],[-83.91865,40.92029],[-83.91935,40.92029],[-83.92007,40.92029],[-83.92036,40.92029],[-83.92153,40.92029],[-83.92442,40.9203],[-83.9248,40.9203],[-83.926,40.9203],[-83.92631,40.9203],[-83.92971,40.9203],[-83.93178,40.9203],[-83.93246,40.9203],[-83.93352,40.92029],[-83.93639,40.92027],[-83.93774,40.92026],[-83.93774,40.91963],[-83.93771,40.91861],[-83.93771,40.9186],[-83.93771,40.9166],[-83.93771,40.91491],[-83.94769,40.91491],[-83.9569,40.91492],[-83.95902,40.91493],[-83.9594,40.91493],[-83.97207,40.91494],[-83.97604,40.91495],[-83.97606,40.91495],[-83.99389,40.91502],[-83.99521,40.91503],[-83.99521,40.91401],[-83.99523,40.91364],[-83.99523,40.9136],[-83.99529,40.91228],[-83.99524,40.91184],[-83.99519,40.91148],[-83.99519,40.91103],[-83.99518,40.90667],[-83.99517,40.90507],[-83.99515,40.90247],[-83.99696,40.90242],[-83.99722,40.90244],[-83.99723,40.9004],[-84.00033,40.90042],[-84.00442,40.90042],[-84.00439,40.89858],[-84.00944,40.89862],[-84.00939,40.90496],[-84.01058,40.90497],[-84.01191,40.90494],[-84.01195,40.90494],[-84.01369,40.90495],[-84.01694,40.90492],[-84.0203,40.90489],[-84.02036,40.90489],[-84.02036,40.90176],[-84.01985,40.89423],[-84.02198,40.89425],[-84.02201,40.89041],[-84.01855,40.89047],[-84.01815,40.89048],[-84.01775,40.89049],[-84.01667,40.89051],[-84.01607,40.89052],[-84.01364,40.89057],[-84.01365,40.88801],[-84.01365,40.88591],[-84.01364,40.88314],[-84.01364,40.88215],[-84.01061,40.88216],[-84.0106,40.88804],[-84.01059,40.8906],[-84.00626,40.89064],[-84.00436,40.89065],[-84.00436,40.89031],[-84.00436,40.8901],[-84.00434,40.88806],[-84.00433,40.88731],[-84.00431,40.88456],[-84.00431,40.88452],[-84.00264,40.88447],[-84.00195,40.88446],[-83.99494,40.88444],[-83.99494,40.88423],[-83.99502,40.87679],[-83.99502,40.87639],[-84.00177,40.87642],[-84.00248,40.87639],[-84.00381,40.87635],[-84.00637,40.87628],[-84.00796,40.87622],[-84.01369,40.87604],[-84.01638,40.8759],[-84.01833,40.87585],[-84.0183,40.88323],[-84.01829,40.88348],[-84.0189,40.88349],[-84.02295,40.88348],[-84.02298,40.87574],[-84.02804,40.87566],[-84.03284,40.87572],[-84.03287,40.87136],[-84.03285,40.86835],[-84.03289,40.86114],[-84.03323,40.86114],[-84.03653,40.86112],[-84.03749,40.86111],[-84.03942,40.8611],[-84.03962,40.86109],[-84.0407,40.86109],[-84.0407,40.85618],[-84.04058,40.85383],[-84.04071,40.85048],[-84.04074,40.8466],[-84.04182,40.8466],[-84.04209,40.8466]]]}},{"type":"Feature","properties":{"GEOID":"3904575","NAME":"Allen East Local School District","BASENAME":"Allen East Local School District","POP100":5908,"HU100":2425,"AREALAND":187161186,"CENTLAT":"+40.7317708","CENTLON":"-083.9375220"},"geometry":{"type":"Polygon","coordinates":[[[-84.01037,40.69502],[-84.01044,40.68765],[-84.0029,40.68771],[-84.00274,40.68783],[-84.00263,40.68794],[-84.00257,40.68804],[-84.00244,40.68826],[-84.00213,40.68868],[-84.00196,40.68899],[-84.00185,40.68929],[-84.00172,40.68973],[-84.00169,40.68988],[-84.00168,40.68991],[-84.00167,40.68993],[-84.00162,40.68996],[-84.00156,40.68999],[-84.00151,40.69002],[-84.00148,40.69004],[-84.00145,40.69007],[-84.00141,40.69013],[-84.00137,40.69016],[-84.0013,40.69019],[-84.00122,40.6902],[-84.00113,40.69021],[-84.001,40.6902],[-84.00083,40.69018],[-84.00074,40.69015],[-84.00018,40.68996],[-84.00001,40.68991],[-83.99988,40.68989],[-83.9995,40.68987],[-83.99924,40.68983],[-83.99907,40.6898],[-83.99855,40.68964],[-83.99384,40.68985],[-83.99384,40.68862],[-83.99384,40.68769],[-83.99389,40.68055],[-83.99394,40.67312],[-83.99407,40.66224],[-83.99411,40.65858],[-83.99407,40.65133],[-83.99407,40.65019],[-83.99406,40.64877],[-83.99406,40.64868],[-83.99087,40.64867],[-83.99087,40.65004],[-83.98822,40.65029],[-83.98804,40.65137],[-83.98732,40.65137],[-83.98531,40.65139],[-83.98525,40.64791],[-83.98418,40.64791],[-83.97554,40.64789],[-83.97552,40.64789],[-83.97523,40.64788],[-83.97522,40.64624],[-83.97521,40.6442],[-83.97464,40.6442],[-83.9736,40.64421],[-83.9713,40.64422],[-83.97087,40.64422],[-83.97085,40.64422],[-83.97032,40.64422],[-83.96899,40.64423],[-83.96579,40.64424],[-83.96498,40.64425],[-83.96461,40.64425],[-83.96277,40.64426],[-83.9618,40.64426],[-83.95885,40.64427],[-83.95711,40.64428],[-83.95659,40.64428],[-83.95598,40.64429],[-83.95273,40.64432],[-83.95269,40.64432],[-83.95262,40.64432],[-83.95166,40.64433],[-83.95155,40.64433],[-83.95136,40.64434],[-83.94939,40.64436],[-83.94561,40.6444],[-83.94545,40.64439],[-83.9452,40.64439],[-83.9449,40.64439],[-83.94446,40.6444],[-83.94383,40.6444],[-83.94225,40.64442],[-83.94222,40.64442],[-83.93805,40.64445],[-83.93762,40.64446],[-83.93747,40.64446],[-83.93736,40.64446],[-83.93693,40.64446],[-83.92973,40.64453],[-83.92971,40.64453],[-83.92715,40.6445],[-83.91835,40.64453],[-83.91338,40.64455],[-83.89925,40.64467],[-83.88692,40.64469],[-83.88019,40.64469],[-83.88019,40.64986],[-83.88017,40.65227],[-83.88017,40.65231],[-83.88016,40.65278],[-83.88016,40.65374],[-83.88016,40.65408],[-83.88016,40.65415],[-83.88016,40.65425],[-83.88016,40.65427],[-83.88016,40.65431],[-83.88015,40.65576],[-83.88014,40.65616],[-83.88012,40.6574],[-83.88012,40.65749],[-83.88012,40.65763],[-83.88012,40.65769],[-83.88012,40.65771],[-83.88012,40.65798],[-83.88012,40.65816],[-83.88012,40.65817],[-83.88009,40.66067],[-83.88008,40.66201],[-83.88008,40.66337],[-83.88008,40.66349],[-83.88008,40.66359],[-83.88008,40.66398],[-83.8801,40.66597],[-83.8801,40.66599],[-83.88009,40.66794],[-83.88008,40.66836],[-83.88008,40.66869],[-83.88008,40.6687],[-83.88006,40.66996],[-83.88006,40.67151],[-83.88005,40.6739],[-83.88005,40.67449],[-83.88005,40.6746],[-83.88006,40.67787],[-83.88005,40.67971],[-83.88005,40.67991],[-83.88005,40.68012],[-83.88005,40.68136],[-83.88005,40.68148],[-83.88005,40.68168],[-83.88005,40.68187],[-83.88004,40.68362],[-83.88003,40.68465],[-83.88003,40.68562],[-83.88001,40.68898],[-83.88001,40.68919],[-83.88001,40.6894],[-83.88001,40.68941],[-83.88001,40.68943],[-83.88001,40.68945],[-83.88001,40.68963],[-83.88001,40.69134],[-83.88001,40.69157],[-83.88,40.69288],[-83.87999,40.6934],[-83.87999,40.69346],[-83.87999,40.69541],[-83.88,40.69598],[-83.88,40.69599],[-83.88,40.69601],[-83.88,40.69603],[-83.88,40.69607],[-83.88,40.69612],[-83.88,40.69741],[-83.88,40.6978],[-83.88,40.69783],[-83.88,40.69934],[-83.87999,40.69968],[-83.87998,40.70124],[-83.87999,40.70326],[-83.87999,40.70329],[-83.87998,40.70384],[-83.87998,40.70387],[-83.87995,40.70685],[-83.87995,40.70697],[-83.87994,40.71073],[-83.87994,40.71077],[-83.87994,40.71093],[-83.87992,40.71294],[-83.87992,40.71297],[-83.87992,40.71299],[-83.87992,40.71301],[-83.87992,40.71303],[-83.87992,40.71304],[-83.87992,40.71311],[-83.87992,40.71343],[-83.87992,40.71536],[-83.87989,40.71738],[-83.87989,40.71784],[-83.87989,40.71852],[-83.87989,40.71857],[-83.87989,40.7191],[-83.87989,40.71924],[-83.87989,40.71966],[-83.87988,40.72119],[-83.87986,40.72313],[-83.87983,40.72883],[-83.87983,40.72904],[-83.87984,40.73147],[-83.87984,40.7317],[-83.87984,40.73173],[-83.87984,40.73174],[-83.87983,40.73242],[-83.87983,40.73244],[-83.87983,40.73292],[-83.87983,40.73383],[-83.87983,40.73385],[-83.87983,40.73408],[-83.87983,40.73427],[-83.87983,40.73431],[-83.87983,40.73432],[-83.87983,40.73437],[-83.87983,40.7344],[-83.87983,40.73442],[-83.87983,40.73452],[-83.87983,40.73461],[-83.87983,40.73468],[-83.87983,40.7348],[-83.87984,40.7358],[-83.87984,40.73582],[-83.87985,40.73623],[-83.87985,40.73673],[-83.87985,40.73675],[-83.87985,40.73707],[-83.87985,40.73731],[-83.87986,40.73873],[-83.87986,40.73888],[-83.87986,40.73963],[-83.87986,40.73985],[-83.87987,40.74006],[-83.87987,40.74104],[-83.87987,40.74106],[-83.87987,40.74144],[-83.87988,40.74213],[-83.87989,40.74251],[-83.87989,40.74252],[-83.87989,40.74255],[-83.87989,40.7427],[-83.87989,40.74354],[-83.87989,40.74531],[-83.8799,40.74662],[-83.8799,40.74664],[-83.8799,40.74689],[-83.8799,40.74693],[-83.8799,40.74706],[-83.8799,40.7472],[-83.8799,40.74723],[-83.8799,40.74727],[-83.8799,40.74953],[-83.87991,40.74976],[-83.87991,40.75007],[-83.87991,40.75011],[-83.87991,40.75061],[-83.87991,40.75071],[-83.87991,40.75078],[-83.87992,40.75084],[-83.87991,40.75182],[-83.87991,40.7524],[-83.8799,40.75322],[-83.87992,40.75468],[-83.87992,40.75492],[-83.87992,40.75493],[-83.87992,40.75494],[-83.87992,40.75556],[-83.87992,40.75557],[-83.87992,40.75559],[-83.87992,40.75561],[-83.87992,40.75566],[-83.87992,40.7557],[-83.87992,40.75573],[-83.87991,40.75611],[-83.87991,40.75677],[-83.87992,40.75705],[-83.87992,40.7573],[-83.87992,40.75731],[-83.87992,40.75738],[-83.87992,40.7574],[-83.87992,40.7585],[-83.87992,40.75985],[-83.87992,40.76073],[-83.87992,40.76157],[-83.87992,40.76171],[-83.87992,40.76186],[-83.87992,40.76303],[-83.87992,40.76514],[-83.87992,40.76516],[-83.87994,40.76727],[-83.87992,40.76902],[-83.87992,40.76904],[-83.87992,40.76905],[-83.87992,40.76907],[-83.87991,40.76994],[-83.87991,40.76996],[-83.87991,40.77011],[-83.87991,40.77013],[-83.8799,40.77427],[-83.87991,40.7756],[-83.87991,40.77562],[-83.87991,40.77564],[-83.87992,40.77618],[-83.87992,40.77626],[-83.87992,40.77644],[-83.87992,40.77706],[-83.87993,40.78001],[-83.87994,40.78092],[-83.87994,40.78131],[-83.87994,40.78143],[-83.87995,40.78211],[-83.87995,40.78247],[-83.87995,40.78323],[-83.87996,40.78349],[-83.87996,40.78382],[-83.88002,40.78848],[-83.88001,40.79041],[-83.88001,40.7907],[-83.88001,40.79071],[-83.88001,40.79095],[-83.88001,40.79096],[-83.88001,40.79098],[-83.88001,40.79125],[-83.88001,40.79145],[-83.88001,40.79164],[-83.88001,40.79173],[-83.88001,40.79254],[-83.88001,40.7937],[-83.88001,40.79384],[-83.88,40.79438],[-83.88,40.79551],[-83.88,40.79646],[-83.88,40.79647],[-83.88001,40.79726],[-83.88002,40.79888],[-83.88,40.80142],[-83.87999,40.80227],[-83.88001,40.80365],[-83.88002,40.80435],[-83.88002,40.80542],[-83.88002,40.80558],[-83.88002,40.80717],[-83.88003,40.80757],[-83.88004,40.80948],[-83.88004,40.81179],[-83.88005,40.8126],[-83.88006,40.81446],[-83.88005,40.81674],[-83.88005,40.8173],[-83.88005,40.81758],[-83.88005,40.81768],[-83.88005,40.81778],[-83.88005,40.8192],[-83.88006,40.81992],[-83.88363,40.81987],[-83.89133,40.81978],[-83.8933,40.81976],[-83.8991,40.81968],[-83.90528,40.81959],[-83.90706,40.81956],[-83.9077,40.81955],[-83.90781,40.81955],[-83.90836,40.81954],[-83.90872,40.81953],[-83.92741,40.81912],[-83.93264,40.81914],[-83.93396,40.81914],[-83.93488,40.81913],[-83.93636,40.81911],[-83.93703,40.8191],[-83.93746,40.81909],[-83.94599,40.81874],[-83.95184,40.81865],[-83.95725,40.81851],[-83.96137,40.81843],[-83.97564,40.81822],[-83.97647,40.8182],[-83.98524,40.81802],[-83.98999,40.81799],[-83.99082,40.81799],[-83.99434,40.81805],[-83.99445,40.81511],[-83.99445,40.81489],[-83.99444,40.81456],[-83.99444,40.81384],[-83.99443,40.81348],[-83.99443,40.81344],[-83.99444,40.81312],[-83.99443,40.81241],[-83.99443,40.81207],[-83.99443,40.81175],[-83.99443,40.81171],[-83.99443,40.81137],[-83.99442,40.81085],[-83.99442,40.81042],[-83.99441,40.81001],[-83.99439,40.80865],[-83.99438,40.80731],[-83.99437,40.80676],[-83.99436,40.80598],[-83.99435,40.80526],[-83.99436,40.80493],[-83.99435,40.80477],[-83.99435,40.8034],[-83.99436,40.80174],[-83.99434,40.80075],[-83.99434,40.80068],[-83.99432,40.79977],[-83.99432,40.79931],[-83.99432,40.7976],[-83.99432,40.7969],[-83.99432,40.79665],[-83.99431,40.79458],[-83.99429,40.79352],[-83.99428,40.7921],[-83.99428,40.79169],[-83.99428,40.79133],[-83.99427,40.78956],[-83.99427,40.78916],[-83.99427,40.78896],[-83.99427,40.78855],[-83.99427,40.7883],[-83.99426,40.78794],[-83.99426,40.78774],[-83.99426,40.78709],[-83.99426,40.7858],[-83.99426,40.78532],[-83.99426,40.78513],[-83.99426,40.78491],[-83.99426,40.78462],[-83.99425,40.78439],[-83.99425,40.78395],[-83.99425,40.78285],[-83.99425,40.78226],[-83.99424,40.78181],[-83.99422,40.781],[-83.99421,40.77973],[-83.99422,40.77892],[-83.99423,40.7778],[-83.99422,40.77658],[-83.9942,40.77532],[-83.9942,40.77499],[-83.99421,40.77457],[-83.9942,40.77437],[-83.99422,40.77387],[-83.99421,40.77349],[-83.9942,40.77224],[-83.9942,40.77199],[-83.9942,40.77195],[-83.9942,40.77171],[-83.9942,40.77161],[-83.99421,40.77108],[-83.99421,40.77048],[-83.99422,40.76988],[-83.99423,40.76931],[-83.99423,40.76873],[-83.99423,40.76826],[-83.99422,40.76813],[-83.9942,40.76744],[-83.9942,40.76686],[-83.99418,40.7664],[-83.99417,40.76626],[-83.99417,40.76572],[-83.99417,40.76516],[-83.99416,40.7643],[-83.99416,40.76402],[-83.99416,40.76376],[-83.99416,40.76348],[-83.99416,40.7631],[-83.99415,40.76273],[-83.99416,40.76236],[-83.99416,40.76197],[-83.99418,40.76158],[-83.99418,40.76141],[-83.99418,40.7612],[-83.99418,40.76083],[-83.99417,40.76047],[-83.99417,40.76005],[-83.99418,40.75974],[-83.99417,40.7593],[-83.99417,40.75891],[-83.99417,40.75857],[-83.99416,40.75818],[-83.99415,40.75777],[-83.99414,40.75735],[-83.99414,40.75694],[-83.99414,40.7562],[-83.99414,40.75527],[-83.99413,40.75423],[-83.99413,40.75406],[-83.99414,40.7538],[-83.99412,40.75298],[-83.99414,40.75139],[-83.99414,40.75094],[-83.99414,40.75045],[-83.99413,40.74995],[-83.99413,40.74945],[-83.99415,40.74871],[-83.99415,40.74791],[-83.99414,40.74569],[-83.99418,40.7411],[-83.99417,40.74015],[-83.99419,40.73987],[-83.99419,40.73974],[-83.99418,40.7396],[-83.99417,40.73953],[-83.99416,40.7395],[-83.99415,40.73946],[-83.99414,40.73942],[-83.99412,40.73939],[-83.9941,40.73936],[-83.99404,40.73927],[-83.99404,40.73733],[-83.99408,40.73552],[-83.99411,40.7355],[-83.99412,40.73548],[-83.99414,40.73545],[-83.99416,40.73542],[-83.99417,40.73538],[-83.99418,40.73534],[-83.99418,40.73512],[-83.99417,40.73481],[-83.99415,40.7345],[-83.99414,40.73419],[-83.99414,40.73388],[-83.99414,40.73356],[-83.99414,40.73329],[-83.99414,40.7329],[-83.99413,40.73259],[-83.99413,40.73226],[-83.99414,40.73201],[-83.99413,40.73113],[-83.99836,40.73113],[-83.99862,40.73112],[-84.00047,40.73112],[-84.00058,40.72155],[-83.99415,40.72156],[-83.99415,40.72131],[-83.99414,40.71906],[-84.00067,40.71914],[-84.00078,40.71686],[-83.9998,40.71678],[-83.99956,40.71677],[-83.99929,40.71675],[-83.99893,40.71674],[-83.9983,40.71673],[-83.99758,40.71673],[-83.99693,40.71671],[-83.99603,40.71669],[-83.99502,40.71667],[-83.99412,40.71665],[-83.99411,40.71625],[-83.99411,40.71605],[-83.99411,40.71576],[-83.99412,40.71486],[-83.99412,40.71433],[-83.99412,40.71377],[-83.99411,40.71297],[-83.99411,40.71188],[-83.99411,40.71126],[-83.99407,40.70979],[-83.99407,40.70949],[-83.99406,40.70906],[-83.99406,40.70865],[-83.99406,40.70696],[-83.99407,40.70644],[-83.99407,40.70617],[-83.99407,40.70578],[-83.99408,40.70567],[-83.99407,40.70487],[-83.99408,40.70389],[-83.99407,40.70328],[-83.99408,40.70304],[-83.99407,40.70226],[-83.99407,40.70198],[-83.99408,40.70164],[-83.99386,40.69895],[-83.99892,40.69895],[-83.99877,40.70214],[-83.99927,40.70216],[-84.00014,40.70218],[-84.00101,40.70219],[-84.00154,40.70219],[-84.00243,40.7022],[-84.00262,40.7022],[-84.00269,40.7022],[-84.00267,40.69877],[-84.00641,40.69875],[-84.00648,40.69499],[-84.01037,40.69502]]]}},{"type":"Feature","properties":{"GEOID":"3904576","NAME":"Bath Local School District","BASENAME":"Bath Local School District","POP100":12101,"HU100":4592,"AREALAND":115242333,"CENTLAT":"+40.7949345","CENTLON":"-084.0554834"},"geometry":{"type":"Polygon","coordinates":[[[-84.10968,40.86815],[-84.10967,40.86714],[-84.10966,40.86683],[-84.10966,40.86645],[-84.10966,40.866],[-84.10965,40.86556],[-84.10964,40.86519],[-84.10964,40.86515],[-84.10964,40.86508],[-84.10963,40.86478],[-84.10963,40.86434],[-84.10963,40.86392],[-84.10962,40.86349],[-84.10962,40.86307],[-84.10961,40.86263],[-84.10959,40.86201],[-84.10959,40.86133],[-84.10959,40.86099],[-84.10953,40.85634],[-84.10952,40.85396],[-84.10949,40.8525],[-84.10946,40.85075],[-84.10945,40.85011],[-84.10938,40.84641],[-84.10938,40.84633],[-84.10934,40.84269],[-84.10932,40.84124],[-84.10932,40.84107],[-84.1093,40.83998],[-84.1093,40.83968],[-84.10929,40.83889],[-84.10924,40.83531],[-84.10924,40.83471],[-84.1092,40.83182],[-84.10926,40.82426],[-84.10926,40.82402],[-84.10925,40.81728],[-84.10921,40.81313],[-84.10918,40.80973],[-84.10915,40.80581],[-84.109,40.80327],[-84.10896,40.80311],[-84.10893,40.80294],[-84.1089,40.80275],[-84.1089,40.80255],[-84.10889,40.80228],[-84.10888,40.80196],[-84.10888,40.80191],[-84.10888,40.80181],[-84.10889,40.80139],[-84.10888,40.7999],[-84.10888,40.79965],[-84.10887,40.79949],[-84.10887,40.79919],[-84.10887,40.79914],[-84.10886,40.79897],[-84.10886,40.79874],[-84.10886,40.79855],[-84.10885,40.79762],[-84.10884,40.7975],[-84.10885,40.79706],[-84.10886,40.7965],[-84.10886,40.79602],[-84.10886,40.79576],[-84.10886,40.79564],[-84.10886,40.79548],[-84.10885,40.79494],[-84.10884,40.79324],[-84.10883,40.79119],[-84.10881,40.78827],[-84.1088,40.7865],[-84.10877,40.78464],[-84.10875,40.78365],[-84.10875,40.78328],[-84.10875,40.78248],[-84.10874,40.78192],[-84.10874,40.78189],[-84.10874,40.78176],[-84.10874,40.78168],[-84.10874,40.78161],[-84.10873,40.78137],[-84.10873,40.78117],[-84.10872,40.78027],[-84.10872,40.77988],[-84.10872,40.77975],[-84.10872,40.77966],[-84.10872,40.77869],[-84.10872,40.7786],[-84.10872,40.77834],[-84.10871,40.77762],[-84.10871,40.77716],[-84.1087,40.77571],[-84.10869,40.77552],[-84.1087,40.7749],[-84.10873,40.77483],[-84.10873,40.77448],[-84.10873,40.77364],[-84.10872,40.77294],[-84.10872,40.77272],[-84.10872,40.77253],[-84.10872,40.77179],[-84.10871,40.77088],[-84.10871,40.77014],[-84.10869,40.76907],[-84.10869,40.76904],[-84.10869,40.76882],[-84.10868,40.76828],[-84.10868,40.76778],[-84.10869,40.7674],[-84.10868,40.76651],[-84.10866,40.76482],[-84.1086,40.76482],[-84.1069,40.76486],[-84.10504,40.76489],[-84.10324,40.76491],[-84.10261,40.76491],[-84.10201,40.76493],[-84.10166,40.76462],[-84.10156,40.76453],[-84.10147,40.76446],[-84.10096,40.764],[-84.10087,40.76391],[-84.1007,40.76372],[-84.10053,40.7635],[-84.10046,40.76338],[-84.10034,40.7632],[-84.10026,40.76304],[-84.10012,40.76271],[-84.10002,40.7624],[-84.09997,40.76208],[-84.09994,40.76179],[-84.09991,40.76165],[-84.09985,40.76125],[-84.0999,40.76089],[-84.09992,40.76073],[-84.09993,40.76064],[-84.10012,40.76064],[-84.10032,40.75976],[-84.10043,40.75932],[-84.10045,40.75924],[-84.09985,40.75924],[-84.09904,40.75924],[-84.09736,40.75928],[-84.09713,40.75929],[-84.09617,40.75931],[-84.09598,40.75931],[-84.09583,40.75931],[-84.09562,40.75932],[-84.09466,40.75935],[-84.0945,40.75935],[-84.0944,40.75935],[-84.09432,40.75935],[-84.09432,40.75942],[-84.0943,40.75942],[-84.09429,40.75937],[-84.09429,40.75935],[-84.09429,40.75932],[-84.09429,40.75928],[-84.09427,40.75914],[-84.0943,40.75843],[-84.09421,40.75799],[-84.09424,40.75756],[-84.09426,40.75726],[-84.09426,40.75666],[-84.09426,40.75664],[-84.09425,40.75629],[-84.09424,40.75584],[-84.09424,40.75547],[-84.09425,40.75452],[-84.09425,40.75397],[-84.09427,40.75317],[-84.09426,40.7529],[-84.09425,40.7527],[-84.09309,40.75284],[-84.09189,40.75302],[-84.0907,40.7532],[-84.08946,40.75339],[-84.08925,40.7534],[-84.08853,40.75351],[-84.08852,40.75091],[-84.08851,40.74915],[-84.08754,40.74911],[-84.08727,40.7491],[-84.08636,40.74907],[-84.08624,40.74906],[-84.0856,40.74907],[-84.08505,40.74908],[-84.08472,40.74909],[-84.08467,40.74909],[-84.08465,40.74879],[-84.08461,40.74811],[-84.08447,40.74608],[-84.08446,40.74601],[-84.08445,40.74601],[-84.08437,40.74601],[-84.08195,40.74618],[-84.0815,40.74622],[-84.08116,40.7463],[-84.07991,40.74634],[-84.07991,40.74623],[-84.07991,40.74612],[-84.07972,40.74613],[-84.07656,40.74631],[-84.07641,40.74633],[-84.07596,40.74636],[-84.07589,40.74637],[-84.0757,40.74638],[-84.0757,40.74522],[-84.07588,40.74521],[-84.07598,40.74521],[-84.07626,40.7452],[-84.07755,40.74515],[-84.07766,40.74515],[-84.07766,40.74312],[-84.07766,40.74288],[-84.07786,40.74287],[-84.07785,40.74238],[-84.07787,40.74238],[-84.07793,40.74238],[-84.07794,40.74238],[-84.07795,40.74265],[-84.07795,40.74299],[-84.07804,40.74308],[-84.0781,40.74312],[-84.07846,40.7432],[-84.07849,40.74463],[-84.07849,40.74483],[-84.07849,40.74491],[-84.0785,40.74512],[-84.07979,40.74509],[-84.07979,40.7449],[-84.0798,40.74466],[-84.07989,40.74231],[-84.0799,40.74165],[-84.0799,40.74152],[-84.07991,40.74027],[-84.07988,40.7379],[-84.07988,40.73734],[-84.07988,40.73717],[-84.07987,40.73669],[-84.07985,40.73563],[-84.07987,40.73485],[-84.07987,40.73455],[-84.07988,40.7335],[-84.07989,40.73289],[-84.07991,40.73168],[-84.07991,40.731],[-84.07991,40.73086],[-84.07989,40.73058],[-84.07981,40.73058],[-84.07972,40.73058],[-84.07952,40.73058],[-84.07913,40.73058],[-84.07896,40.73059],[-84.0788,40.73055],[-84.07852,40.73055],[-84.07695,40.73056],[-84.07687,40.73056],[-84.07643,40.73058],[-84.07639,40.73058],[-84.07607,40.73058],[-84.07564,40.73059],[-84.07541,40.73059],[-84.07536,40.73059],[-84.07525,40.7306],[-84.07525,40.73069],[-84.07443,40.73071],[-84.07331,40.73072],[-84.07203,40.73071],[-84.07089,40.73073],[-84.0708,40.73073],[-84.07073,40.73073],[-84.06962,40.73075],[-84.06841,40.73075],[-84.06694,40.73076],[-84.06558,40.73078],[-84.06504,40.73079],[-84.06503,40.73079],[-84.06384,40.73082],[-84.06364,40.73082],[-84.06169,40.73083],[-84.06082,40.73085],[-84.05741,40.73091],[-84.05471,40.73096],[-84.05417,40.73096],[-84.05169,40.73098],[-84.05165,40.73098],[-84.05147,40.73099],[-84.05061,40.73099],[-84.0502,40.73099],[-84.04747,40.73101],[-84.04682,40.73101],[-84.04655,40.73101],[-84.04629,40.73101],[-84.04589,40.73102],[-84.04565,40.731],[-84.04357,40.73101],[-84.04345,40.73101],[-84.0432,40.73102],[-84.04121,40.73104],[-84.04086,40.73105],[-84.04042,40.73106],[-84.03922,40.73107],[-84.03866,40.73108],[-84.03855,40.73108],[-84.03759,40.7311],[-84.03592,40.73109],[-84.03583,40.7311],[-84.03575,40.73109],[-84.03366,40.73112],[-84.03335,40.73112],[-84.03223,40.73112],[-84.0304,40.73113],[-84.02896,40.73113],[-84.02584,40.73114],[-84.02564,40.73113],[-84.02396,40.73112],[-84.02168,40.73112],[-84.02115,40.73112],[-84.01325,40.73113],[-84.01317,40.73112],[-84.00372,40.73112],[-84.00359,40.73112],[-84.00322,40.73112],[-84.00047,40.73112],[-83.99862,40.73112],[-83.99836,40.73113],[-83.99413,40.73113],[-83.99414,40.73201],[-83.99413,40.73226],[-83.99413,40.73259],[-83.99414,40.7329],[-83.99414,40.73329],[-83.99414,40.73356],[-83.99414,40.73388],[-83.99414,40.73419],[-83.99415,40.7345],[-83.99417,40.73481],[-83.99418,40.73512],[-83.99418,40.73534],[-83.99417,40.73538],[-83.99416,40.73542],[-83.99414,40.73545],[-83.99412,40.73548],[-83.99411,40.7355],[-83.99408,40.73552],[-83.99404,40.73733],[-83.99404,40.73927],[-83.9941,40.73936],[-83.99412,40.73939],[-83.99414,40.73942],[-83.99415,40.73946],[-83.99416,40.7395],[-83.99417,40.73953],[-83.99418,40.7396],[-83.99419,40.73974],[-83.99419,40.73987],[-83.99417,40.74015],[-83.99418,40.7411],[-83.99414,40.74569],[-83.99415,40.74791],[-83.99415,40.74871],[-83.99413,40.74945],[-83.99413,40.74995],[-83.99414,40.75045],[-83.99414,40.75094],[-83.99414,40.75139],[-83.99412,40.75298],[-83.99414,40.7538],[-83.99413,40.75406],[-83.99413,40.75423],[-83.99414,40.75527],[-83.99414,40.7562],[-83.99414,40.75694],[-83.99414,40.75735],[-83.99415,40.75777],[-83.99416,40.75818],[-83.99417,40.75857],[-83.99417,40.75891],[-83.99417,40.7593],[-83.99418,40.75974],[-83.99417,40.76005],[-83.99417,40.76047],[-83.99418,40.76083],[-83.99418,40.7612],[-83.99418,40.76141],[-83.99418,40.76158],[-83.99416,40.76197],[-83.99416,40.76236],[-83.99415,40.76273],[-83.99416,40.7631],[-83.99416,40.76348],[-83.99416,40.76376],[-83.99416,40.76402],[-83.99416,40.7643],[-83.99417,40.76516],[-83.99417,40.76572],[-83.99417,40.76626],[-83.99418,40.7664],[-83.9942,40.76686],[-83.9942,40.76744],[-83.99422,40.76813],[-83.99423,40.76826],[-83.99423,40.76873],[-83.99423,40.76931],[-83.99422,40.76988],[-83.99421,40.77048],[-83.99421,40.77108],[-83.9942,40.77161],[-83.9942,40.77171],[-83.9942,40.77195],[-83.9942,40.77199],[-83.9942,40.77224],[-83.99421,40.77349],[-83.99422,40.77387],[-83.9942,40.77437],[-83.99421,40.77457],[-83.9942,40.77499],[-83.9942,40.77532],[-83.99422,40.77658],[-83.99423,40.7778],[-83.99422,40.77892],[-83.99421,40.77973],[-83.99422,40.781],[-83.99424,40.78181],[-83.99425,40.78226],[-83.99425,40.78285],[-83.99425,40.78395],[-83.99425,40.78439],[-83.99426,40.78462],[-83.99426,40.78491],[-83.99426,40.78513],[-83.99426,40.78532],[-83.99426,40.7858],[-83.99426,40.78709],[-83.99426,40.78774],[-83.99426,40.78794],[-83.99427,40.7883],[-83.99427,40.78855],[-83.99427,40.78896],[-83.99427,40.78916],[-83.99427,40.78956],[-83.99428,40.79133],[-83.99428,40.79169],[-83.99428,40.7921],[-83.99429,40.79352],[-83.99431,40.79458],[-83.99432,40.79665],[-83.99432,40.7969],[-83.99432,40.7976],[-83.99432,40.79931],[-83.99432,40.79977],[-83.99434,40.80068],[-83.99434,40.80075],[-83.99436,40.80174],[-83.99435,40.8034],[-83.99435,40.80477],[-83.99436,40.80493],[-83.99435,40.80526],[-83.99436,40.80598],[-83.99437,40.80676],[-83.99438,40.80731],[-83.99439,40.80865],[-83.99441,40.81001],[-83.99442,40.81042],[-83.99442,40.81085],[-83.99443,40.81137],[-83.99443,40.81171],[-83.99443,40.81175],[-83.99443,40.81207],[-83.99443,40.81241],[-83.99444,40.81312],[-83.99443,40.81344],[-83.99443,40.81348],[-83.99444,40.81384],[-83.99444,40.81456],[-83.99445,40.81489],[-83.99445,40.81511],[-83.99434,40.81805],[-83.99873,40.81795],[-83.99889,40.81796],[-83.99909,40.81797],[-83.99941,40.81796],[-83.99976,40.81795],[-84.00284,40.81805],[-84.00639,40.8179],[-84.00658,40.8179],[-84.00674,40.8179],[-84.00689,40.81787],[-84.00744,40.81785],[-84.00934,40.81785],[-84.01108,40.8179],[-84.01182,40.81789],[-84.0126,40.81788],[-84.01322,40.81787],[-84.01348,40.81786],[-84.01392,40.81785],[-84.01416,40.81785],[-84.0149,40.81785],[-84.01541,40.81785],[-84.01587,40.81784],[-84.01596,40.81785],[-84.017,40.81784],[-84.01808,40.81783],[-84.01892,40.81783],[-84.0199,40.81783],[-84.0211,40.81782],[-84.02186,40.81782],[-84.02284,40.81781],[-84.0238,40.8178],[-84.02473,40.8178],[-84.02536,40.8178],[-84.02573,40.81779],[-84.02622,40.81779],[-84.02647,40.81779],[-84.02788,40.81778],[-84.02904,40.81778],[-84.02966,40.81778],[-84.03077,40.81777],[-84.03223,40.81776],[-84.03239,40.81777],[-84.03265,40.81777],[-84.03325,40.81776],[-84.03353,40.81776],[-84.03518,40.81774],[-84.03595,40.81774],[-84.03622,40.81774],[-84.03641,40.81774],[-84.03695,40.81774],[-84.03782,40.81773],[-84.03858,40.81773],[-84.03925,40.81773],[-84.04023,40.81772],[-84.0402,40.82468],[-84.0402,40.82494],[-84.04017,40.83219],[-84.04015,40.8383],[-84.04212,40.8383],[-84.04209,40.8466],[-84.04182,40.8466],[-84.04074,40.8466],[-84.04071,40.85048],[-84.04058,40.85383],[-84.0407,40.85618],[-84.0407,40.86109],[-84.04386,40.86107],[-84.04393,40.86107],[-84.0457,40.86105],[-84.04586,40.86106],[-84.0465,40.86106],[-84.04852,40.86106],[-84.05041,40.86105],[-84.0512,40.86105],[-84.0518,40.86104],[-84.05182,40.86515],[-84.05185,40.8683],[-84.05188,40.87163],[-84.05397,40.87163],[-84.06241,40.87166],[-84.06239,40.87534],[-84.06708,40.87537],[-84.0671,40.8683],[-84.0672,40.86522],[-84.06885,40.86521],[-84.07114,40.86521],[-84.07121,40.86806],[-84.07118,40.86829],[-84.0712,40.86956],[-84.07121,40.87049],[-84.07123,40.87133],[-84.07361,40.87133],[-84.07473,40.87131],[-84.07894,40.87135],[-84.08068,40.87135],[-84.08069,40.86826],[-84.08772,40.86823],[-84.0879,40.86823],[-84.09045,40.86823],[-84.09078,40.86823],[-84.09167,40.86822],[-84.09333,40.86822],[-84.09496,40.86821],[-84.09634,40.86821],[-84.09659,40.86821],[-84.09822,40.86822],[-84.09983,40.86821],[-84.1015,40.86821],[-84.10316,40.8682],[-84.10504,40.86819],[-84.1067,40.86818],[-84.1074,40.86818],[-84.10872,40.86816],[-84.10968,40.86815]]]}},{"type":"Feature","properties":{"GEOID":"3904577","NAME":"Elida Local School District","BASENAME":"Elida Local School District","POP100":18876,"HU100":8502,"AREALAND":174705403,"CENTLAT":"+40.8021401","CENTLON":"-084.1952028"},"geometry":{"type":"Polygon","coordinates":[[[-84.30333,40.77231],[-84.30336,40.77213],[-84.30315,40.77213],[-84.30006,40.77213],[-84.29996,40.77216],[-84.29996,40.77222],[-84.29993,40.77227],[-84.29989,40.77229],[-84.29985,40.77231],[-84.29981,40.77232],[-84.29973,40.77232],[-84.29949,40.77232],[-84.29862,40.7723],[-84.29656,40.77233],[-84.29491,40.77236],[-84.29483,40.77238],[-84.29476,40.7724],[-84.29471,40.77243],[-84.2878,40.7725],[-84.28781,40.77137],[-84.28719,40.77136],[-84.28716,40.76988],[-84.28704,40.76521],[-84.28825,40.76182],[-84.2883,40.76167],[-84.2883,40.76123],[-84.2883,40.7612],[-84.28819,40.75862],[-84.28815,40.75792],[-84.28466,40.75798],[-84.2847,40.75074],[-84.2809,40.75079],[-84.2809,40.75011],[-84.28084,40.74713],[-84.27294,40.74722],[-84.27113,40.74725],[-84.27101,40.74595],[-84.26398,40.74592],[-84.26164,40.74592],[-84.26162,40.74549],[-84.26162,40.74518],[-84.2616,40.74495],[-84.26156,40.74463],[-84.26157,40.74429],[-84.26157,40.74394],[-84.26158,40.74388],[-84.26158,40.74381],[-84.26158,40.74375],[-84.26159,40.74371],[-84.25602,40.74385],[-84.24884,40.74384],[-84.24606,40.74386],[-84.2457,40.74383],[-84.24477,40.74384],[-84.24323,40.74383],[-84.24324,40.74892],[-84.24253,40.74892],[-84.2419,40.74892],[-84.24189,40.74469],[-84.2416,40.74469],[-84.24119,40.74468],[-84.24116,40.74469],[-84.24081,40.74468],[-84.23955,40.74468],[-84.23832,40.74469],[-84.23711,40.7447],[-84.23591,40.74471],[-84.23471,40.74472],[-84.23352,40.74473],[-84.23235,40.74473],[-84.23118,40.74474],[-84.23,40.74474],[-84.22888,40.74474],[-84.22777,40.74475],[-84.22682,40.74477],[-84.22593,40.74477],[-84.22521,40.74478],[-84.22507,40.74476],[-84.22494,40.74473],[-84.22479,40.74468],[-84.22469,40.74461],[-84.22457,40.7445],[-84.22449,40.74439],[-84.22446,40.74428],[-84.22444,40.74412],[-84.22445,40.74395],[-84.22443,40.74382],[-84.22432,40.74382],[-84.22329,40.74382],[-84.21008,40.74388],[-84.20315,40.74391],[-84.20057,40.74393],[-84.19832,40.74394],[-84.1889,40.74398],[-84.18726,40.744],[-84.18364,40.74401],[-84.18335,40.74401],[-84.18097,40.74402],[-84.18082,40.74402],[-84.17902,40.74403],[-84.1788,40.74403],[-84.17021,40.74407],[-84.17027,40.75068],[-84.16977,40.75068],[-84.1663,40.75072],[-84.16507,40.75074],[-84.16505,40.74963],[-84.16497,40.74866],[-84.16497,40.7486],[-84.16447,40.74862],[-84.16424,40.74863],[-84.16153,40.74873],[-84.16151,40.74589],[-84.16046,40.7459],[-84.16023,40.7459],[-84.15661,40.74593],[-84.1564,40.74594],[-84.15624,40.74594],[-84.15525,40.74593],[-84.1552,40.74593],[-84.15349,40.74591],[-84.15147,40.74591],[-84.15121,40.74592],[-84.15124,40.74724],[-84.15112,40.74725],[-84.1503,40.74732],[-84.15031,40.74745],[-84.15037,40.74932],[-84.1501,40.74925],[-84.14984,40.74919],[-84.14904,40.74898],[-84.14871,40.7489],[-84.14867,40.74889],[-84.14816,40.74876],[-84.14807,40.74874],[-84.14762,40.74863],[-84.14701,40.74848],[-84.14703,40.74927],[-84.14703,40.7497],[-84.14703,40.74979],[-84.14703,40.74991],[-84.14703,40.7501],[-84.14703,40.75019],[-84.14703,40.75035],[-84.14703,40.75062],[-84.14703,40.75083],[-84.14704,40.75113],[-84.14701,40.75131],[-84.147,40.75151],[-84.14699,40.7518],[-84.147,40.75198],[-84.14702,40.75489],[-84.14703,40.75499],[-84.14704,40.75553],[-84.14637,40.75553],[-84.14223,40.75553],[-84.14213,40.75553],[-84.14214,40.75563],[-84.14218,40.75569],[-84.14221,40.75573],[-84.14225,40.75587],[-84.14226,40.75601],[-84.14226,40.75604],[-84.14228,40.75671],[-84.14227,40.75782],[-84.14226,40.75837],[-84.14226,40.75849],[-84.14151,40.75815],[-84.14142,40.75811],[-84.14115,40.75797],[-84.14013,40.75747],[-84.13949,40.75718],[-84.13703,40.75606],[-84.13701,40.7569],[-84.13698,40.75848],[-84.13549,40.75846],[-84.1345,40.75845],[-84.13365,40.75844],[-84.13284,40.75843],[-84.13202,40.75842],[-84.13098,40.75841],[-84.12951,40.75841],[-84.12892,40.75861],[-84.12875,40.75858],[-84.12862,40.75855],[-84.12788,40.7584],[-84.12693,40.75839],[-84.12656,40.75839],[-84.12509,40.75839],[-84.12305,40.75838],[-84.12306,40.75889],[-84.12266,40.75889],[-84.12244,40.75889],[-84.1213,40.75892],[-84.12126,40.75892],[-84.12113,40.75892],[-84.12009,40.75897],[-84.11987,40.75897],[-84.11879,40.75899],[-84.11686,40.75904],[-84.11696,40.7606],[-84.11475,40.76057],[-84.11348,40.76055],[-84.11349,40.76103],[-84.1135,40.76196],[-84.11351,40.76233],[-84.11199,40.76237],[-84.1104,40.76238],[-84.11019,40.76243],[-84.11,40.76253],[-84.10991,40.76261],[-84.1099,40.76339],[-84.10988,40.76483],[-84.10866,40.76482],[-84.10868,40.76651],[-84.10869,40.7674],[-84.10868,40.76778],[-84.10868,40.76828],[-84.10869,40.76882],[-84.10869,40.76904],[-84.10869,40.76907],[-84.10871,40.77014],[-84.10871,40.77088],[-84.10872,40.77179],[-84.10872,40.77253],[-84.10872,40.77272],[-84.10872,40.77294],[-84.10873,40.77364],[-84.10873,40.77448],[-84.10873,40.77483],[-84.1087,40.7749],[-84.10869,40.77552],[-84.1087,40.77571],[-84.10871,40.77716],[-84.10871,40.77762],[-84.10872,40.77834],[-84.10872,40.7786],[-84.10872,40.77869],[-84.10872,40.77966],[-84.10872,40.77975],[-84.10872,40.77988],[-84.10872,40.78027],[-84.10873,40.78117],[-84.10873,40.78137],[-84.10874,40.78161],[-84.10874,40.78168],[-84.10874,40.78176],[-84.10874,40.78189],[-84.10874,40.78192],[-84.10875,40.78248],[-84.10875,40.78328],[-84.10875,40.78365],[-84.10877,40.78464],[-84.1088,40.7865],[-84.10881,40.78827],[-84.10883,40.79119],[-84.10884,40.79324],[-84.10885,40.79494],[-84.10886,40.79548],[-84.10886,40.79564],[-84.10886,40.79576],[-84.10886,40.79602],[-84.10886,40.7965],[-84.10885,40.79706],[-84.10884,40.7975],[-84.10885,40.79762],[-84.10886,40.79855],[-84.10886,40.79874],[-84.10886,40.79897],[-84.10887,40.79914],[-84.10887,40.79919],[-84.10887,40.79949],[-84.10888,40.79965],[-84.10888,40.7999],[-84.10889,40.80139],[-84.10888,40.80181],[-84.10888,40.80191],[-84.10888,40.80196],[-84.10889,40.80228],[-84.1089,40.80255],[-84.1089,40.80275],[-84.10893,40.80294],[-84.10896,40.80311],[-84.109,40.80327],[-84.10915,40.80581],[-84.10918,40.80973],[-84.10921,40.81313],[-84.10925,40.81728],[-84.10926,40.82402],[-84.10926,40.82426],[-84.1092,40.83182],[-84.10924,40.83471],[-84.10924,40.83531],[-84.10929,40.83889],[-84.1093,40.83968],[-84.1093,40.83998],[-84.10932,40.84107],[-84.10932,40.84124],[-84.10934,40.84269],[-84.10938,40.84633],[-84.10938,40.84641],[-84.10945,40.85011],[-84.10946,40.85075],[-84.10949,40.8525],[-84.10952,40.85396],[-84.10953,40.85634],[-84.10959,40.86099],[-84.11521,40.86072],[-84.1169,40.86063],[-84.11908,40.86052],[-84.12497,40.86034],[-84.13033,40.86019],[-84.13046,40.86018],[-84.13792,40.86013],[-84.16654,40.85992],[-84.18744,40.85963],[-84.19221,40.85968],[-84.19284,40.85967],[-84.19319,40.85966],[-84.19336,40.85966],[-84.19342,40.85966],[-84.19587,40.8597],[-84.19827,40.85971],[-84.19829,40.85971],[-84.1983,40.85971],[-84.20557,40.85954],[-84.22479,40.85931],[-84.22485,40.85931],[-84.22485,40.85967],[-84.22486,40.86011],[-84.22699,40.86009],[-84.23143,40.86004],[-84.23158,40.86004],[-84.23313,40.85998],[-84.23341,40.85997],[-84.23441,40.85992],[-84.23531,40.85991],[-84.23645,40.85989],[-84.23913,40.85984],[-84.24276,40.85977],[-84.24363,40.85975],[-84.2439,40.85978],[-84.24994,40.85977],[-84.25274,40.85976],[-84.25329,40.85975],[-84.2593,40.85971],[-84.26282,40.85968],[-84.26626,40.85969],[-84.26645,40.85969],[-84.26688,40.85969],[-84.26816,40.8597],[-84.26821,40.85655],[-84.26956,40.85649],[-84.27293,40.8565],[-84.27292,40.85614],[-84.27262,40.845],[-84.2726,40.84381],[-84.27234,40.8378],[-84.27235,40.83757],[-84.27235,40.83754],[-84.27237,40.83537],[-84.26273,40.83534],[-84.25775,40.83533],[-84.25746,40.82456],[-84.25725,40.81645],[-84.25942,40.81644],[-84.25984,40.81644],[-84.26077,40.81643],[-84.26124,40.81641],[-84.26143,40.8164],[-84.26264,40.81638],[-84.26546,40.81639],[-84.26576,40.81638],[-84.26615,40.81638],[-84.26652,40.81638],[-84.26702,40.81638],[-84.26748,40.81638],[-84.26759,40.81638],[-84.26775,40.81638],[-84.26878,40.81637],[-84.26938,40.81637],[-84.2699,40.81637],[-84.27003,40.81637],[-84.27021,40.81637],[-84.27207,40.81638],[-84.27071,40.81578],[-84.2684,40.81478],[-84.2682,40.81359],[-84.2706,40.81334],[-84.27169,40.81545],[-84.27177,40.81539],[-84.27186,40.81531],[-84.27194,40.8152],[-84.27201,40.81509],[-84.27204,40.81502],[-84.27206,40.81494],[-84.27207,40.81482],[-84.27204,40.81425],[-84.27202,40.81368],[-84.272,40.81314],[-84.272,40.81257],[-84.27197,40.81171],[-84.27196,40.81122],[-84.27195,40.81024],[-84.27193,40.80969],[-84.27191,40.80898],[-84.27189,40.80828],[-84.27187,40.80758],[-84.27185,40.80687],[-84.27182,40.80547],[-84.27181,40.80476],[-84.27179,40.80402],[-84.27178,40.8034],[-84.27179,40.8025],[-84.27175,40.8016],[-84.27173,40.80088],[-84.27173,40.80067],[-84.27174,40.80025],[-84.27173,40.79989],[-84.27174,40.79974],[-84.27176,40.7996],[-84.27179,40.79951],[-84.27186,40.79936],[-84.27195,40.79921],[-84.27205,40.79908],[-84.27221,40.7989],[-84.2723,40.79882],[-84.27238,40.79874],[-84.27262,40.79849],[-84.27275,40.79836],[-84.27359,40.79855],[-84.27403,40.79865],[-84.27654,40.79925],[-84.2766,40.7943],[-84.27345,40.79436],[-84.27177,40.79438],[-84.27172,40.79037],[-84.27298,40.79029],[-84.28106,40.79016],[-84.28765,40.79009],[-84.28804,40.79009],[-84.28807,40.79005],[-84.28817,40.78997],[-84.28827,40.7899],[-84.28838,40.78984],[-84.28845,40.7898],[-84.28855,40.78976],[-84.28872,40.78971],[-84.28891,40.78966],[-84.28918,40.78957],[-84.28942,40.78947],[-84.28964,40.78936],[-84.29011,40.78911],[-84.29033,40.789],[-84.29044,40.78893],[-84.29048,40.7889],[-84.29051,40.78887],[-84.29053,40.78883],[-84.29054,40.7888],[-84.29055,40.78878],[-84.29056,40.78876],[-84.29059,40.78875],[-84.29064,40.78874],[-84.29068,40.78873],[-84.29077,40.78866],[-84.29083,40.78862],[-84.29087,40.78859],[-84.29091,40.78855],[-84.29102,40.78846],[-84.29108,40.7884],[-84.29118,40.78831],[-84.29139,40.78812],[-84.29153,40.78801],[-84.29166,40.7879],[-84.29176,40.7878],[-84.29181,40.78771],[-84.29193,40.78748],[-84.29196,40.78743],[-84.29196,40.7874],[-84.29196,40.78737],[-84.29194,40.78733],[-84.29195,40.7873],[-84.29196,40.78727],[-84.29198,40.78724],[-84.292,40.78722],[-84.29202,40.78718],[-84.29203,40.78713],[-84.29203,40.78707],[-84.29204,40.78701],[-84.29203,40.78698],[-84.29204,40.78695],[-84.29207,40.78691],[-84.29211,40.78682],[-84.29194,40.78664],[-84.29176,40.78645],[-84.29165,40.78635],[-84.29153,40.78622],[-84.29149,40.78613],[-84.29147,40.78604],[-84.29148,40.78596],[-84.2915,40.78591],[-84.29159,40.7857],[-84.29165,40.7856],[-84.2918,40.78546],[-84.29191,40.78532],[-84.29202,40.78525],[-84.29216,40.78521],[-84.29237,40.78519],[-84.29251,40.78519],[-84.29269,40.7852],[-84.29289,40.78521],[-84.29314,40.78521],[-84.29334,40.7852],[-84.29347,40.78518],[-84.29356,40.78513],[-84.29365,40.78505],[-84.2937,40.78496],[-84.29371,40.78482],[-84.29371,40.78474],[-84.29368,40.78466],[-84.29359,40.78453],[-84.29344,40.78433],[-84.29336,40.7841],[-84.29318,40.78381],[-84.29313,40.78366],[-84.29311,40.78358],[-84.29305,40.78345],[-84.29298,40.78328],[-84.29294,40.78313],[-84.29294,40.78286],[-84.29296,40.78264],[-84.29302,40.78238],[-84.2931,40.78223],[-84.29316,40.78218],[-84.29323,40.78214],[-84.2933,40.78206],[-84.29333,40.78197],[-84.29341,40.78174],[-84.29346,40.7816],[-84.29353,40.78149],[-84.29359,40.78144],[-84.2937,40.78136],[-84.2939,40.78127],[-84.29404,40.78122],[-84.29412,40.78117],[-84.29418,40.78112],[-84.29422,40.78109],[-84.29428,40.78108],[-84.29434,40.78109],[-84.29437,40.78111],[-84.29443,40.78113],[-84.29451,40.78112],[-84.29473,40.78109],[-84.29502,40.78103],[-84.29531,40.78097],[-84.29572,40.78092],[-84.29598,40.78087],[-84.29615,40.78079],[-84.29631,40.78068],[-84.29646,40.78058],[-84.29671,40.78029],[-84.29696,40.77998],[-84.29704,40.77982],[-84.29716,40.77965],[-84.29722,40.77957],[-84.29727,40.77953],[-84.29734,40.77951],[-84.29747,40.77949],[-84.29757,40.77947],[-84.29762,40.77945],[-84.29767,40.77944],[-84.29773,40.77944],[-84.29778,40.77945],[-84.29782,40.77948],[-84.29785,40.77949],[-84.29812,40.7795],[-84.29826,40.7795],[-84.29834,40.77952],[-84.2984,40.77956],[-84.29845,40.7796],[-84.29853,40.77971],[-84.29866,40.77992],[-84.29871,40.78],[-84.29877,40.78007],[-84.29886,40.78012],[-84.29904,40.78022],[-84.29911,40.78026],[-84.29919,40.78028],[-84.29927,40.78031],[-84.29935,40.78036],[-84.29939,40.7804],[-84.29943,40.78043],[-84.29948,40.78045],[-84.29974,40.78052],[-84.29992,40.78056],[-84.30005,40.78056],[-84.30014,40.78055],[-84.30026,40.7805],[-84.30038,40.78045],[-84.30064,40.78029],[-84.30089,40.78009],[-84.30102,40.77993],[-84.30109,40.77984],[-84.30111,40.77977],[-84.30111,40.77969],[-84.30106,40.77958],[-84.30096,40.77941],[-84.30079,40.77915],[-84.30073,40.77904],[-84.30072,40.77887],[-84.30074,40.77869],[-84.30076,40.77864],[-84.3008,40.77859],[-84.30086,40.77853],[-84.30104,40.77846],[-84.30144,40.77819],[-84.30169,40.77798],[-84.30188,40.77779],[-84.30197,40.77766],[-84.30197,40.7776],[-84.30195,40.77754],[-84.30192,40.7775],[-84.3019,40.77747],[-84.30189,40.77743],[-84.30188,40.7774],[-84.3019,40.77737],[-84.30193,40.77734],[-84.30195,40.7773],[-84.30198,40.77722],[-84.30199,40.77715],[-84.30202,40.77705],[-84.302,40.77698],[-84.30199,40.7769],[-84.30194,40.77679],[-84.30187,40.77665],[-84.30183,40.77654],[-84.30184,40.77646],[-84.30189,40.77623],[-84.30191,40.77614],[-84.30189,40.77609],[-84.30186,40.77607],[-84.30179,40.77606],[-84.30174,40.77601],[-84.30175,40.77598],[-84.30181,40.77594],[-84.30187,40.77593],[-84.30192,40.77592],[-84.30194,40.7759],[-84.30197,40.77587],[-84.302,40.77583],[-84.30205,40.77581],[-84.30211,40.77578],[-84.30215,40.77575],[-84.30217,40.77571],[-84.30218,40.77565],[-84.30217,40.77559],[-84.30218,40.77543],[-84.30221,40.77533],[-84.30225,40.77525],[-84.30229,40.77517],[-84.30231,40.7751],[-84.30233,40.77506],[-84.30234,40.77501],[-84.30237,40.77497],[-84.30241,40.77488],[-84.30253,40.7746],[-84.30256,40.77453],[-84.30256,40.77449],[-84.30256,40.77445],[-84.30255,40.77443],[-84.30253,40.77441],[-84.30252,40.77438],[-84.30252,40.77434],[-84.30257,40.77427],[-84.30267,40.77417],[-84.30274,40.77408],[-84.3028,40.77396],[-84.30284,40.77388],[-84.30285,40.77381],[-84.30286,40.77377],[-84.30285,40.77374],[-84.30285,40.77371],[-84.30284,40.7737],[-84.30284,40.77367],[-84.3029,40.77356],[-84.30291,40.77352],[-84.30291,40.77349],[-84.30289,40.77346],[-84.3029,40.77342],[-84.3029,40.77339],[-84.30293,40.77329],[-84.30295,40.77323],[-84.30297,40.77314],[-84.30302,40.77306],[-84.30312,40.77286],[-84.30323,40.77262],[-84.30328,40.77243],[-84.30333,40.77231]]]}},{"type":"Feature","properties":{"GEOID":"3904578","NAME":"Perry Local School District","BASENAME":"Perry Local School District","POP100":3660,"HU100":1686,"AREALAND":87017967,"CENTLAT":"+40.6854288","CENTLON":"-084.0504154"},"geometry":{"type":"Polygon","coordinates":[[[-84.1083,40.7095],[-84.10829,40.70853],[-84.10827,40.70769],[-84.10826,40.70734],[-84.10825,40.70688],[-84.10825,40.70606],[-84.10823,40.70522],[-84.10824,40.70437],[-84.10824,40.70355],[-84.10822,40.70222],[-84.10822,40.70117],[-84.10822,40.69884],[-84.10822,40.69864],[-84.10822,40.69861],[-84.10822,40.6985],[-84.10821,40.69776],[-84.10821,40.69744],[-84.10821,40.69724],[-84.10821,40.69683],[-84.1082,40.69628],[-84.1082,40.69575],[-84.1082,40.69528],[-84.1082,40.69513],[-84.1082,40.69508],[-84.1082,40.69506],[-84.1082,40.69422],[-84.10819,40.69362],[-84.10819,40.69087],[-84.10819,40.68982],[-84.10819,40.68977],[-84.10818,40.68913],[-84.10818,40.68877],[-84.10817,40.68841],[-84.10818,40.68804],[-84.10817,40.68767],[-84.10817,40.687],[-84.10818,40.68667],[-84.10817,40.68651],[-84.10817,40.68639],[-84.10817,40.68616],[-84.10817,40.68602],[-84.10817,40.68588],[-84.10817,40.68582],[-84.10817,40.68525],[-84.10816,40.68499],[-84.10816,40.68462],[-84.10815,40.68433],[-84.10815,40.68404],[-84.10814,40.68374],[-84.10814,40.68345],[-84.10814,40.68315],[-84.10814,40.68298],[-84.10814,40.68291],[-84.10814,40.68285],[-84.10815,40.68254],[-84.10816,40.68228],[-84.10816,40.68214],[-84.10816,40.682],[-84.10816,40.68189],[-84.10815,40.68146],[-84.10815,40.68122],[-84.10815,40.68098],[-84.10814,40.68056],[-84.10815,40.6804],[-84.10814,40.68026],[-84.10814,40.68012],[-84.10814,40.67978],[-84.10815,40.67944],[-84.10814,40.67913],[-84.10813,40.67877],[-84.10813,40.6784],[-84.10812,40.67755],[-84.10811,40.67743],[-84.10811,40.67707],[-84.10811,40.6765],[-84.1081,40.67607],[-84.1081,40.67595],[-84.10809,40.67509],[-84.10807,40.67469],[-84.10807,40.67463],[-84.10807,40.67442],[-84.10808,40.67421],[-84.10807,40.67398],[-84.10807,40.67371],[-84.10807,40.67326],[-84.10807,40.6731],[-84.10807,40.6727],[-84.10806,40.67224],[-84.10804,40.67139],[-84.10805,40.67096],[-84.10803,40.67065],[-84.10804,40.66997],[-84.10803,40.66944],[-84.10798,40.66709],[-84.10796,40.66573],[-84.10795,40.66488],[-84.10794,40.66325],[-84.10794,40.66217],[-84.10794,40.66181],[-84.10793,40.66109],[-84.10792,40.66096],[-84.10792,40.66014],[-84.10792,40.65961],[-84.10791,40.65794],[-84.10789,40.65699],[-84.10789,40.65645],[-84.10788,40.65624],[-84.10787,40.65603],[-84.10787,40.65573],[-84.10785,40.65491],[-84.10786,40.65442],[-84.10787,40.6537],[-84.10787,40.65337],[-84.10787,40.65288],[-84.10787,40.65254],[-84.10786,40.65248],[-84.10785,40.65171],[-84.10785,40.65149],[-84.10785,40.65117],[-84.10785,40.65112],[-84.10785,40.65108],[-84.10785,40.65053],[-84.10784,40.65021],[-84.10784,40.65015],[-84.10782,40.64856],[-84.10781,40.64803],[-84.10781,40.64677],[-84.10781,40.64514],[-84.10781,40.64483],[-84.10781,40.64458],[-84.10781,40.64437],[-84.10781,40.64421],[-84.1078,40.64412],[-84.10779,40.6438],[-84.10779,40.64307],[-84.0994,40.64322],[-84.08979,40.6434],[-84.08976,40.6434],[-84.08457,40.64346],[-84.08135,40.6435],[-84.07896,40.64353],[-84.0784,40.64353],[-84.07826,40.64353],[-84.07808,40.64353],[-84.07775,40.64354],[-84.07741,40.64356],[-84.07724,40.64357],[-84.07619,40.64357],[-84.07532,40.6436],[-84.07461,40.64361],[-84.07057,40.64365],[-84.06524,40.64374],[-84.0647,40.64375],[-84.06256,40.64378],[-84.06167,40.6438],[-84.06098,40.6438],[-84.05531,40.6438],[-84.04924,40.64385],[-84.04654,40.64395],[-84.03918,40.64395],[-84.03849,40.64397],[-84.03222,40.64405],[-84.03219,40.64406],[-84.03216,40.64406],[-84.03212,40.64406],[-84.03209,40.64406],[-84.03203,40.64406],[-84.03192,40.64406],[-84.03147,40.64405],[-84.03025,40.64405],[-84.02903,40.64405],[-84.02768,40.64406],[-84.0267,40.64406],[-84.02524,40.64407],[-84.02458,40.64407],[-84.02376,40.64407],[-84.02291,40.64407],[-84.02177,40.64407],[-84.02103,40.64408],[-84.02061,40.64407],[-84.02007,40.64407],[-84.01952,40.64408],[-84.01897,40.64407],[-84.01842,40.64407],[-84.01787,40.64407],[-84.01732,40.64407],[-84.01677,40.64408],[-84.01585,40.64408],[-84.01314,40.64408],[-84.01213,40.64409],[-84.01171,40.64409],[-84.01096,40.64409],[-84.01087,40.64409],[-84.01001,40.64408],[-84.00915,40.64408],[-84.00884,40.64408],[-84.00827,40.64409],[-84.00744,40.64409],[-84.00728,40.64409],[-84.0066,40.64409],[-84.00576,40.64409],[-84.0049,40.64408],[-84.00426,40.64409],[-84.00319,40.64409],[-84.00242,40.6441],[-84.0018,40.6441],[-84.00057,40.6441],[-83.9992,40.64411],[-83.99668,40.64412],[-83.99559,40.64412],[-83.99518,40.64413],[-83.99408,40.64413],[-83.99408,40.64525],[-83.99409,40.6459],[-83.99409,40.6464],[-83.99408,40.64705],[-83.99408,40.64764],[-83.99406,40.64862],[-83.99406,40.64868],[-83.99406,40.64877],[-83.99407,40.65019],[-83.99407,40.65133],[-83.99411,40.65858],[-83.99407,40.66224],[-83.99394,40.67312],[-83.99389,40.68055],[-83.99384,40.68769],[-83.99384,40.68862],[-83.99384,40.68985],[-83.99855,40.68964],[-83.99907,40.6898],[-83.99924,40.68983],[-83.9995,40.68987],[-83.99988,40.68989],[-84.00001,40.68991],[-84.00018,40.68996],[-84.00074,40.69015],[-84.00083,40.69018],[-84.001,40.6902],[-84.00113,40.69021],[-84.00122,40.6902],[-84.0013,40.69019],[-84.00137,40.69016],[-84.00141,40.69013],[-84.00145,40.69007],[-84.00148,40.69004],[-84.00151,40.69002],[-84.00156,40.68999],[-84.00162,40.68996],[-84.00167,40.68993],[-84.00168,40.68991],[-84.00169,40.68988],[-84.00172,40.68973],[-84.00185,40.68929],[-84.00196,40.68899],[-84.00213,40.68868],[-84.00244,40.68826],[-84.00257,40.68804],[-84.00263,40.68794],[-84.00274,40.68783],[-84.0029,40.68771],[-84.01044,40.68765],[-84.01037,40.69502],[-84.00648,40.69499],[-84.00641,40.69875],[-84.00267,40.69877],[-84.00269,40.7022],[-84.00262,40.7022],[-84.00243,40.7022],[-84.00154,40.70219],[-84.00101,40.70219],[-84.00014,40.70218],[-83.99927,40.70216],[-83.99877,40.70214],[-83.99892,40.69895],[-83.99386,40.69895],[-83.99408,40.70164],[-83.99407,40.70198],[-83.99407,40.70226],[-83.99408,40.70304],[-83.99407,40.70328],[-83.99408,40.70389],[-83.99407,40.70487],[-83.99408,40.70567],[-83.99407,40.70578],[-83.99407,40.70617],[-83.99407,40.70644],[-83.99406,40.70696],[-83.99406,40.70865],[-83.99406,40.70906],[-83.99407,40.70949],[-83.99407,40.70979],[-83.99411,40.71126],[-83.99411,40.71188],[-83.99411,40.71297],[-83.99412,40.71377],[-83.99412,40.71433],[-83.99412,40.71486],[-83.99411,40.71576],[-83.99411,40.71605],[-83.99411,40.71625],[-83.99412,40.71665],[-83.99502,40.71667],[-83.99603,40.71669],[-83.99693,40.71671],[-83.99758,40.71673],[-83.9983,40.71673],[-83.99893,40.71674],[-83.99929,40.71675],[-83.99956,40.71677],[-83.9998,40.71678],[-84.00078,40.71686],[-84.00067,40.71914],[-83.99414,40.71906],[-83.99415,40.72131],[-83.99415,40.72156],[-84.00058,40.72155],[-84.00047,40.73112],[-84.00322,40.73112],[-84.00359,40.73112],[-84.00372,40.73112],[-84.01317,40.73112],[-84.01325,40.73113],[-84.02115,40.73112],[-84.02168,40.73112],[-84.02396,40.73112],[-84.02564,40.73113],[-84.02584,40.73114],[-84.02896,40.73113],[-84.0304,40.73113],[-84.03223,40.73112],[-84.03335,40.73112],[-84.03366,40.73112],[-84.03575,40.73109],[-84.03583,40.7311],[-84.03592,40.73109],[-84.03759,40.7311],[-84.03855,40.73108],[-84.03866,40.73108],[-84.03922,40.73107],[-84.04042,40.73106],[-84.04086,40.73105],[-84.04121,40.73104],[-84.0432,40.73102],[-84.04345,40.73101],[-84.04357,40.73101],[-84.04565,40.731],[-84.04589,40.73102],[-84.04629,40.73101],[-84.04655,40.73101],[-84.04682,40.73101],[-84.04747,40.73101],[-84.0502,40.73099],[-84.05061,40.73099],[-84.05147,40.73099],[-84.05165,40.73098],[-84.05169,40.73098],[-84.05417,40.73096],[-84.05471,40.73096],[-84.05741,40.73091],[-84.06082,40.73085],[-84.06169,40.73083],[-84.06364,40.73082],[-84.06384,40.73082],[-84.06503,40.73079],[-84.06504,40.73079],[-84.06558,40.73078],[-84.06694,40.73076],[-84.06841,40.73075],[-84.06962,40.73075],[-84.07073,40.73073],[-84.0708,40.73073],[-84.07089,40.73073],[-84.07203,40.73071],[-84.07331,40.73072],[-84.07443,40.73071],[-84.07525,40.73069],[-84.07525,40.7306],[-84.07536,40.73059],[-84.07541,40.73059],[-84.07564,40.73059],[-84.07607,40.73058],[-84.07639,40.73058],[-84.07643,40.73058],[-84.07687,40.73056],[-84.07695,40.73056],[-84.07852,40.73055],[-84.0788,40.73055],[-84.07896,40.73059],[-84.07913,40.73058],[-84.07952,40.73058],[-84.07972,40.73058],[-84.07981,40.73058],[-84.07975,40.73048],[-84.07973,40.72989],[-84.07969,40.72822],[-84.08264,40.72822],[-84.08286,40.72822],[-84.08395,40.72822],[-84.08395,40.72768],[-84.08395,40.72403],[-84.08508,40.72407],[-84.0857,40.72408],[-84.08617,40.72408],[-84.08616,40.72362],[-84.08614,40.72326],[-84.0861,40.72282],[-84.08606,40.7225],[-84.086,40.7222],[-84.08592,40.72184],[-84.08575,40.72115],[-84.08565,40.72071],[-84.08559,40.72047],[-84.08549,40.72002],[-84.0854,40.71963],[-84.08531,40.71923],[-84.08527,40.71899],[-84.0852,40.71853],[-84.08517,40.71832],[-84.08514,40.71804],[-84.08513,40.71788],[-84.08512,40.71771],[-84.0851,40.71732],[-84.08509,40.71711],[-84.08508,40.71684],[-84.0851,40.71635],[-84.08522,40.71635],[-84.08522,40.71633],[-84.0866,40.71633],[-84.08699,40.71633],[-84.08735,40.71633],[-84.08777,40.71633],[-84.08852,40.71645],[-84.08885,40.71645],[-84.08891,40.71647],[-84.08892,40.71647],[-84.08915,40.71655],[-84.09278,40.71647],[-84.09298,40.71646],[-84.09354,40.71645],[-84.09359,40.71645],[-84.09495,40.71655],[-84.09794,40.71648],[-84.09892,40.71652],[-84.09905,40.71652],[-84.0995,40.71654],[-84.0995,40.71647],[-84.0995,40.71554],[-84.0995,40.71458],[-84.09949,40.71444],[-84.0995,40.71435],[-84.0995,40.71433],[-84.09952,40.71431],[-84.09947,40.71184],[-84.09955,40.70947],[-84.10015,40.70946],[-84.10086,40.70946],[-84.10223,40.70946],[-84.10392,40.70946],[-84.10532,40.70946],[-84.10597,40.70946],[-84.10609,40.70946],[-84.10626,40.70945],[-84.10641,40.70946],[-84.10666,40.70947],[-84.10704,40.70949],[-84.1083,40.7095]]]}},{"type":"Feature","properties":{"GEOID":"3904579","NAME":"Shawnee Local School District","BASENAME":"Shawnee Local School District","POP100":17056,"HU100":7393,"AREALAND":106013049,"CENTLAT":"+40.7003050","CENTLON":"-084.1829254"},"geometry":{"type":"Polygon","coordinates":[[[-84.26339,40.6849],[-84.26336,40.6848],[-84.26336,40.68449],[-84.26337,40.68114],[-84.25972,40.68114],[-84.25971,40.68359],[-84.2555,40.68353],[-84.25554,40.6808],[-84.2491,40.68078],[-84.24247,40.68075],[-84.24197,40.68074],[-84.24198,40.68096],[-84.24198,40.68158],[-84.24199,40.68337],[-84.242,40.68392],[-84.22982,40.68396],[-84.22981,40.681],[-84.23445,40.68102],[-84.2345,40.67134],[-84.23451,40.6694],[-84.23188,40.6694],[-84.23192,40.66133],[-84.23191,40.65694],[-84.22423,40.65696],[-84.22275,40.65695],[-84.21122,40.65696],[-84.20754,40.65705],[-84.20351,40.65705],[-84.20348,40.65705],[-84.18959,40.6571],[-84.18536,40.65712],[-84.18435,40.65712],[-84.16521,40.65714],[-84.15267,40.65729],[-84.15223,40.65729],[-84.15088,40.65731],[-84.15013,40.65733],[-84.14997,40.65733],[-84.14968,40.65733],[-84.14943,40.65734],[-84.14893,40.65734],[-84.14842,40.65735],[-84.14817,40.65735],[-84.14792,40.65735],[-84.14766,40.65735],[-84.14732,40.65736],[-84.14617,40.65737],[-84.14612,40.65737],[-84.14562,40.65737],[-84.14513,40.65738],[-84.14471,40.65738],[-84.14388,40.65739],[-84.14215,40.6574],[-84.14127,40.65741],[-84.14053,40.65744],[-84.13965,40.65748],[-84.13749,40.65751],[-84.13587,40.65754],[-84.13582,40.65754],[-84.13553,40.65755],[-84.13476,40.65755],[-84.13467,40.65755],[-84.13405,40.65753],[-84.13183,40.65763],[-84.13153,40.65764],[-84.13147,40.65764],[-84.13122,40.65764],[-84.1312,40.65764],[-84.13092,40.65764],[-84.12566,40.65765],[-84.12214,40.65765],[-84.10791,40.65794],[-84.10792,40.65961],[-84.10792,40.66014],[-84.10792,40.66096],[-84.10793,40.66109],[-84.10794,40.66181],[-84.10794,40.66217],[-84.10794,40.66325],[-84.10795,40.66488],[-84.10796,40.66573],[-84.10798,40.66709],[-84.10803,40.66944],[-84.10804,40.66997],[-84.10803,40.67065],[-84.10805,40.67096],[-84.10804,40.67139],[-84.10806,40.67224],[-84.10807,40.6727],[-84.10807,40.6731],[-84.10807,40.67326],[-84.10807,40.67371],[-84.10807,40.67398],[-84.10808,40.67421],[-84.10807,40.67442],[-84.10807,40.67463],[-84.10807,40.67469],[-84.10809,40.67509],[-84.1081,40.67595],[-84.1081,40.67607],[-84.10811,40.6765],[-84.10811,40.67707],[-84.10811,40.67743],[-84.10812,40.67755],[-84.10813,40.6784],[-84.10813,40.67877],[-84.10814,40.67913],[-84.10815,40.67944],[-84.10814,40.67978],[-84.10814,40.68012],[-84.10814,40.68026],[-84.10815,40.6804],[-84.10814,40.68056],[-84.10815,40.68098],[-84.10815,40.68122],[-84.10815,40.68146],[-84.10816,40.68189],[-84.10816,40.682],[-84.10816,40.68214],[-84.10816,40.68228],[-84.10815,40.68254],[-84.10814,40.68285],[-84.10814,40.68291],[-84.10814,40.68298],[-84.10814,40.68315],[-84.10814,40.68345],[-84.10814,40.68374],[-84.10815,40.68404],[-84.10815,40.68433],[-84.10816,40.68462],[-84.10816,40.68499],[-84.10817,40.68525],[-84.10817,40.68582],[-84.10817,40.68588],[-84.10817,40.68602],[-84.10817,40.68616],[-84.10817,40.68639],[-84.10817,40.68651],[-84.10818,40.68667],[-84.10817,40.687],[-84.10817,40.68767],[-84.10818,40.68804],[-84.10817,40.68841],[-84.10818,40.68877],[-84.10818,40.68913],[-84.10819,40.68977],[-84.10819,40.68982],[-84.10819,40.69087],[-84.10819,40.69362],[-84.1082,40.69422],[-84.1082,40.69506],[-84.1082,40.69508],[-84.1082,40.69513],[-84.1082,40.69528],[-84.1082,40.69575],[-84.1082,40.69628],[-84.10821,40.69683],[-84.10821,40.69724],[-84.10821,40.69744],[-84.10821,40.69776],[-84.10822,40.6985],[-84.10822,40.69861],[-84.10822,40.69864],[-84.10822,40.69884],[-84.10822,40.70117],[-84.10822,40.70222],[-84.10824,40.70355],[-84.10824,40.70437],[-84.10823,40.70522],[-84.10825,40.70606],[-84.10825,40.70688],[-84.10826,40.70734],[-84.10827,40.70769],[-84.10829,40.70853],[-84.1083,40.7095],[-84.1083,40.71058],[-84.10831,40.71181],[-84.10832,40.71301],[-84.10832,40.71307],[-84.10833,40.7143],[-84.10834,40.71467],[-84.10834,40.71481],[-84.10834,40.71553],[-84.10834,40.71579],[-84.10834,40.71584],[-84.10834,40.71598],[-84.10832,40.71607],[-84.10829,40.71624],[-84.10826,40.71634],[-84.1082,40.71647],[-84.10812,40.71661],[-84.10803,40.71677],[-84.10834,40.71678],[-84.10846,40.71678],[-84.1086,40.71675],[-84.10868,40.71672],[-84.1088,40.71664],[-84.10897,40.71652],[-84.10912,40.71642],[-84.10932,40.71629],[-84.10958,40.71617],[-84.10975,40.71609],[-84.11006,40.71598],[-84.1102,40.71595],[-84.1104,40.7159],[-84.11047,40.71589],[-84.11052,40.71588],[-84.11064,40.71586],[-84.11092,40.71582],[-84.11101,40.71582],[-84.11117,40.71581],[-84.11181,40.7158],[-84.11264,40.7158],[-84.11286,40.7158],[-84.11302,40.7158],[-84.11315,40.7158],[-84.11328,40.7158],[-84.11361,40.7158],[-84.11397,40.7158],[-84.11508,40.71581],[-84.1143,40.7175],[-84.11403,40.71807],[-84.1139,40.71836],[-84.11388,40.71841],[-84.11353,40.71915],[-84.11335,40.71956],[-84.11329,40.71976],[-84.11329,40.71991],[-84.11327,40.72019],[-84.11326,40.72077],[-84.11327,40.7219],[-84.11327,40.7221],[-84.11327,40.72219],[-84.11327,40.72265],[-84.11327,40.72395],[-84.11327,40.72412],[-84.11327,40.72414],[-84.11327,40.72425],[-84.11461,40.72435],[-84.11471,40.72435],[-84.11865,40.7246],[-84.12384,40.72493],[-84.12433,40.72503],[-84.12441,40.72494],[-84.12451,40.72482],[-84.12453,40.72479],[-84.12464,40.72468],[-84.1248,40.72451],[-84.12485,40.72446],[-84.12489,40.72442],[-84.12511,40.72423],[-84.12515,40.72419],[-84.12537,40.72402],[-84.12564,40.72383],[-84.12591,40.72366],[-84.12596,40.72363],[-84.12614,40.72353],[-84.12624,40.72363],[-84.1275,40.72352],[-84.12781,40.72349],[-84.12802,40.72347],[-84.12808,40.72347],[-84.12873,40.72348],[-84.13041,40.72352],[-84.13321,40.72358],[-84.1345,40.7236],[-84.13692,40.72366],[-84.13732,40.72367],[-84.13984,40.72374],[-84.14024,40.72375],[-84.14013,40.72423],[-84.14005,40.72433],[-84.14002,40.72446],[-84.13999,40.72467],[-84.13999,40.725],[-84.13995,40.72553],[-84.13995,40.72569],[-84.13995,40.72582],[-84.13995,40.72602],[-84.13994,40.72611],[-84.13951,40.72607],[-84.13905,40.72603],[-84.1387,40.726],[-84.13846,40.72599],[-84.13712,40.72593],[-84.13106,40.72551],[-84.12798,40.7253],[-84.12599,40.72517],[-84.12584,40.72516],[-84.12584,40.72518],[-84.12583,40.72536],[-84.12582,40.72559],[-84.12576,40.72599],[-84.12573,40.7262],[-84.12568,40.7268],[-84.12563,40.72741],[-84.12556,40.72765],[-84.12546,40.72802],[-84.12538,40.72817],[-84.12502,40.72862],[-84.12465,40.72891],[-84.12405,40.72939],[-84.12288,40.73037],[-84.12309,40.73037],[-84.12385,40.73037],[-84.12462,40.73037],[-84.12753,40.73038],[-84.13087,40.73041],[-84.1325,40.73041],[-84.13406,40.73041],[-84.13564,40.73042],[-84.13615,40.73042],[-84.13712,40.73042],[-84.1378,40.73042],[-84.13852,40.73041],[-84.13858,40.73041],[-84.13866,40.73041],[-84.13938,40.73041],[-84.14011,40.7304],[-84.14047,40.7304],[-84.14096,40.73041],[-84.14239,40.73042],[-84.14275,40.73041],[-84.14291,40.7304],[-84.14296,40.73039],[-84.14324,40.73034],[-84.14324,40.73044],[-84.14325,40.73179],[-84.14321,40.73273],[-84.14321,40.7338],[-84.14445,40.73382],[-84.145,40.73381],[-84.14589,40.73382],[-84.14611,40.73383],[-84.14633,40.73382],[-84.14645,40.73381],[-84.1466,40.7338],[-84.14678,40.73376],[-84.14677,40.73485],[-84.14679,40.73597],[-84.14679,40.73605],[-84.14679,40.73613],[-84.14678,40.73645],[-84.14678,40.7371],[-84.14773,40.73709],[-84.1478,40.73708],[-84.148,40.73708],[-84.14829,40.73708],[-84.14916,40.73707],[-84.14921,40.73707],[-84.14947,40.73707],[-84.15119,40.73706],[-84.15224,40.73706],[-84.15272,40.73706],[-84.15332,40.73706],[-84.15525,40.73706],[-84.15565,40.73705],[-84.15565,40.73721],[-84.15525,40.73721],[-84.15525,40.7379],[-84.15527,40.73885],[-84.15527,40.73951],[-84.15527,40.73962],[-84.15527,40.73995],[-84.15528,40.74005],[-84.15528,40.74063],[-84.15439,40.74065],[-84.15389,40.74065],[-84.15286,40.74066],[-84.15154,40.74067],[-84.15138,40.74067],[-84.15144,40.74368],[-84.15144,40.7442],[-84.15145,40.745],[-84.15146,40.74559],[-84.15147,40.74591],[-84.15349,40.74591],[-84.1552,40.74593],[-84.15525,40.74593],[-84.15624,40.74594],[-84.1564,40.74594],[-84.15661,40.74593],[-84.16023,40.7459],[-84.16046,40.7459],[-84.16151,40.74589],[-84.16153,40.74873],[-84.16424,40.74863],[-84.16447,40.74862],[-84.16497,40.7486],[-84.16497,40.74866],[-84.16505,40.74963],[-84.16507,40.75074],[-84.1663,40.75072],[-84.16977,40.75068],[-84.17027,40.75068],[-84.17021,40.74407],[-84.1788,40.74403],[-84.17902,40.74403],[-84.18082,40.74402],[-84.18097,40.74402],[-84.18335,40.74401],[-84.18364,40.74401],[-84.18726,40.744],[-84.1889,40.74398],[-84.19832,40.74394],[-84.20057,40.74393],[-84.20315,40.74391],[-84.21008,40.74388],[-84.22329,40.74382],[-84.22432,40.74382],[-84.22443,40.74382],[-84.22445,40.74395],[-84.22444,40.74412],[-84.22446,40.74428],[-84.22449,40.74439],[-84.22457,40.7445],[-84.22469,40.74461],[-84.22479,40.74468],[-84.22494,40.74473],[-84.22507,40.74476],[-84.22521,40.74478],[-84.22593,40.74477],[-84.22682,40.74477],[-84.22777,40.74475],[-84.22888,40.74474],[-84.23,40.74474],[-84.23118,40.74474],[-84.23235,40.74473],[-84.23352,40.74473],[-84.23471,40.74472],[-84.23591,40.74471],[-84.23711,40.7447],[-84.23832,40.74469],[-84.23955,40.74468],[-84.24081,40.74468],[-84.24116,40.74469],[-84.24119,40.74468],[-84.2416,40.74469],[-84.24189,40.74469],[-84.2419,40.74892],[-84.24253,40.74892],[-84.24324,40.74892],[-84.24323,40.74383],[-84.24477,40.74384],[-84.2457,40.74383],[-84.24606,40.74386],[-84.24884,40.74384],[-84.25602,40.74385],[-84.25614,40.73973],[-84.25153,40.73969],[-84.25158,40.737],[-84.25599,40.73703],[-84.25604,40.72928],[-84.25606,40.72642],[-84.2561,40.72146],[-84.25614,40.71392],[-84.26128,40.71394],[-84.26128,40.71289],[-84.2613,40.71232],[-84.2613,40.71178],[-84.2613,40.71146],[-84.26129,40.71113],[-84.2598,40.71101],[-84.25978,40.71063],[-84.26023,40.71054],[-84.26056,40.71047],[-84.26091,40.7104],[-84.26128,40.71031],[-84.26127,40.70859],[-84.26127,40.70723],[-84.25687,40.7072],[-84.25689,40.70323],[-84.25559,40.7032],[-84.25581,40.69658],[-84.25582,40.69615],[-84.25587,40.69462],[-84.25618,40.68608],[-84.25636,40.68604],[-84.25655,40.686],[-84.25674,40.68597],[-84.2569,40.68596],[-84.25719,40.68595],[-84.25768,40.68594],[-84.25808,40.68594],[-84.25861,40.68594],[-84.25895,40.68593],[-84.25898,40.68593],[-84.25963,40.68591],[-84.25966,40.68591],[-84.25996,40.68591],[-84.26074,40.6859],[-84.26109,40.6859],[-84.26149,40.68589],[-84.26301,40.68587],[-84.2633,40.68587],[-84.26339,40.6849]]]}},{"type":"Feature","properties":{"GEOID":"3904580","NAME":"Spencerville Local School District","BASENAME":"Spencerville Local School District","POP100":5164,"HU100":2090,"AREALAND":231461043,"CENTLAT":"+40.7116156","CENTLON":"-084.3667179"},"geometry":{"type":"Polygon","coordinates":[[[-84.45643,40.78878],[-84.45643,40.78868],[-84.45643,40.78859],[-84.45641,40.78819],[-84.45641,40.78758],[-84.45638,40.78705],[-84.45639,40.78677],[-84.45639,40.78649],[-84.4564,40.7861],[-84.4564,40.78604],[-84.45641,40.78553],[-84.4564,40.78501],[-84.45641,40.78468],[-84.45641,40.7845],[-84.45641,40.78421],[-84.45641,40.78391],[-84.45641,40.78323],[-84.45639,40.7821],[-84.45638,40.78149],[-84.45638,40.7813],[-84.45638,40.77999],[-84.45637,40.77926],[-84.45637,40.77897],[-84.45638,40.77566],[-84.45639,40.77219],[-84.45638,40.77209],[-84.45637,40.76902],[-84.45636,40.7682],[-84.45635,40.7644],[-84.45632,40.75733],[-84.45632,40.75718],[-84.45631,40.75686],[-84.45632,40.75654],[-84.45632,40.75622],[-84.45632,40.75589],[-84.45632,40.75524],[-84.45632,40.75491],[-84.45631,40.75459],[-84.45631,40.75435],[-84.45632,40.75407],[-84.45631,40.7539],[-84.45631,40.75356],[-84.45631,40.75321],[-84.4563,40.75229],[-84.45631,40.75185],[-84.4563,40.75155],[-84.45628,40.75005],[-84.45628,40.74983],[-84.45627,40.74783],[-84.45626,40.74767],[-84.45626,40.74755],[-84.45623,40.74735],[-84.4562,40.74702],[-84.45619,40.74687],[-84.45619,40.74659],[-84.45618,40.74618],[-84.45618,40.74579],[-84.45618,40.74546],[-84.45617,40.74478],[-84.45617,40.74465],[-84.45617,40.74437],[-84.45617,40.74423],[-84.45616,40.74408],[-84.45614,40.74397],[-84.45613,40.74386],[-84.4561,40.74375],[-84.45606,40.74357],[-84.45598,40.74323],[-84.45592,40.74303],[-84.45589,40.74289],[-84.45587,40.74279],[-84.45586,40.7427],[-84.45586,40.74264],[-84.45586,40.74257],[-84.45587,40.7425],[-84.45589,40.74239],[-84.45598,40.74204],[-84.45609,40.74159],[-84.45612,40.74141],[-84.45613,40.7412],[-84.45617,40.74076],[-84.45617,40.74058],[-84.45619,40.74021],[-84.45621,40.73942],[-84.45621,40.73901],[-84.45622,40.73847],[-84.45623,40.7379],[-84.45621,40.7365],[-84.4562,40.73531],[-84.4562,40.7332],[-84.45617,40.72974],[-84.45617,40.72831],[-84.45617,40.72821],[-84.45617,40.72705],[-84.45617,40.72415],[-84.45617,40.72389],[-84.45616,40.72276],[-84.45617,40.72115],[-84.45617,40.72105],[-84.45617,40.72056],[-84.45616,40.71933],[-84.45615,40.71758],[-84.45615,40.71537],[-84.45615,40.71405],[-84.45616,40.71391],[-84.45616,40.71349],[-84.45615,40.71243],[-84.45615,40.71033],[-84.45615,40.71028],[-84.45615,40.71002],[-84.45614,40.709],[-84.45614,40.70707],[-84.45611,40.70467],[-84.45612,40.70408],[-84.45611,40.70129],[-84.45611,40.6995],[-84.45611,40.69934],[-84.45611,40.6984],[-84.45609,40.69664],[-84.45609,40.69475],[-84.45612,40.69301],[-84.45616,40.69113],[-84.45618,40.68866],[-84.45619,40.68846],[-84.45618,40.68677],[-84.45618,40.68486],[-84.45617,40.6832],[-84.45617,40.6827],[-84.45618,40.68182],[-84.45617,40.68073],[-84.45614,40.67942],[-84.45615,40.67758],[-84.45616,40.67738],[-84.45618,40.67735],[-84.45623,40.67732],[-84.45597,40.66157],[-84.45598,40.65989],[-84.45601,40.65874],[-84.45579,40.65876],[-84.45567,40.65878],[-84.45557,40.65882],[-84.45547,40.65887],[-84.45521,40.6591],[-84.45512,40.65915],[-84.455,40.65917],[-84.45492,40.65917],[-84.45477,40.65915],[-84.45456,40.65908],[-84.45448,40.65905],[-84.45441,40.65902],[-84.45437,40.65899],[-84.45434,40.65896],[-84.4543,40.65888],[-84.45426,40.65878],[-84.45423,40.65867],[-84.45421,40.65859],[-84.45422,40.65854],[-84.45425,40.6585],[-84.45428,40.65846],[-84.45433,40.6584],[-84.45435,40.65834],[-84.45436,40.65815],[-84.45433,40.658],[-84.45424,40.6578],[-84.45418,40.65768],[-84.45404,40.65756],[-84.45395,40.65748],[-84.45378,40.65744],[-84.45357,40.65741],[-84.45341,40.65743],[-84.45325,40.65747],[-84.45301,40.65756],[-84.45262,40.65772],[-84.45251,40.65776],[-84.45243,40.65779],[-84.45236,40.6578],[-84.45229,40.65782],[-84.45185,40.65801],[-84.45166,40.65811],[-84.45154,40.65819],[-84.45149,40.65825],[-84.45144,40.65833],[-84.45144,40.6584],[-84.45143,40.65851],[-84.45144,40.65862],[-84.45145,40.65869],[-84.45147,40.65875],[-84.45152,40.65883],[-84.45195,40.65919],[-84.45207,40.65924],[-84.45216,40.65929],[-84.45222,40.65936],[-84.45228,40.65943],[-84.45231,40.65949],[-84.45236,40.65957],[-84.45238,40.65967],[-84.45235,40.65973],[-84.45219,40.65982],[-84.45206,40.65988],[-84.45197,40.65991],[-84.45187,40.65993],[-84.45178,40.65992],[-84.45157,40.65983],[-84.45136,40.65978],[-84.45121,40.65974],[-84.45101,40.65969],[-84.45084,40.65965],[-84.45063,40.65961],[-84.45045,40.65957],[-84.45033,40.65955],[-84.44995,40.65949],[-84.44986,40.65948],[-84.44981,40.65947],[-84.44977,40.65948],[-84.44969,40.65949],[-84.44961,40.6595],[-84.44954,40.6595],[-84.4495,40.6595],[-84.44943,40.65947],[-84.4494,40.65945],[-84.44935,40.65943],[-84.4493,40.65943],[-84.44926,40.65943],[-84.44918,40.65945],[-84.44913,40.65947],[-84.44909,40.65948],[-84.44904,40.65948],[-84.449,40.65946],[-84.44894,40.65944],[-84.44889,40.65943],[-84.44884,40.65943],[-84.44879,40.65945],[-84.44875,40.65946],[-84.44871,40.65949],[-84.44857,40.65958],[-84.4485,40.65963],[-84.44837,40.65973],[-84.44826,40.65982],[-84.44819,40.65988],[-84.44803,40.66013],[-84.44796,40.66033],[-84.44792,40.66048],[-84.44792,40.66059],[-84.44798,40.66067],[-84.44809,40.66072],[-84.44832,40.66083],[-84.44859,40.66095],[-84.44882,40.6611],[-84.449,40.66119],[-84.44906,40.66127],[-84.4491,40.66136],[-84.44915,40.66148],[-84.44926,40.6616],[-84.4493,40.66172],[-84.44927,40.6619],[-84.44921,40.66207],[-84.44908,40.66217],[-84.44889,40.66226],[-84.44864,40.66233],[-84.44842,40.66237],[-84.44819,40.66242],[-84.448,40.66243],[-84.44786,40.66242],[-84.44772,40.66231],[-84.44758,40.66215],[-84.44745,40.66198],[-84.44732,40.66175],[-84.44723,40.66164],[-84.44711,40.66156],[-84.44699,40.66154],[-84.44674,40.66154],[-84.44651,40.66157],[-84.44614,40.6616],[-84.44595,40.6616],[-84.44572,40.6616],[-84.44537,40.66153],[-84.44518,40.6615],[-84.44483,40.66145],[-84.44463,40.66141],[-84.44446,40.66136],[-84.44423,40.66135],[-84.44404,40.66132],[-84.4439,40.66127],[-84.44385,40.66122],[-84.44382,40.66112],[-84.44384,40.66104],[-84.44389,40.66099],[-84.44405,40.66087],[-84.44412,40.66076],[-84.44414,40.66063],[-84.4441,40.6605],[-84.44406,40.66038],[-84.44397,40.66025],[-84.44375,40.65997],[-84.44356,40.65978],[-84.44345,40.65971],[-84.44338,40.65968],[-84.4432,40.65967],[-84.44299,40.65962],[-84.44285,40.65959],[-84.44271,40.65962],[-84.44264,40.65973],[-84.44254,40.65982],[-84.44234,40.65999],[-84.44211,40.66023],[-84.44183,40.66057],[-84.44165,40.6608],[-84.44157,40.6609],[-84.44139,40.66095],[-84.44119,40.66096],[-84.44113,40.66089],[-84.44112,40.66072],[-84.44114,40.66051],[-84.4411,40.66034],[-84.44098,40.66026],[-84.44083,40.66022],[-84.44066,40.6602],[-84.4404,40.66024],[-84.44016,40.66029],[-84.43978,40.6603],[-84.43946,40.66028],[-84.43929,40.66025],[-84.43906,40.66015],[-84.43886,40.6601],[-84.43864,40.66006],[-84.4383,40.66],[-84.43799,40.65995],[-84.43772,40.65988],[-84.4373,40.65979],[-84.4368,40.65961],[-84.43671,40.65958],[-84.43664,40.65955],[-84.43647,40.65949],[-84.43634,40.6594],[-84.43621,40.65928],[-84.43614,40.6592],[-84.4361,40.65912],[-84.43608,40.65903],[-84.43611,40.65896],[-84.43616,40.65892],[-84.43627,40.65887],[-84.4364,40.65883],[-84.43668,40.65873],[-84.43706,40.65859],[-84.43727,40.65855],[-84.43743,40.65845],[-84.43752,40.65834],[-84.43755,40.65825],[-84.43756,40.65816],[-84.43755,40.65809],[-84.43752,40.65802],[-84.43745,40.65796],[-84.43723,40.65773],[-84.43717,40.65761],[-84.43712,40.65751],[-84.43713,40.65738],[-84.43717,40.65733],[-84.43721,40.65727],[-84.43735,40.65715],[-84.43743,40.65709],[-84.43748,40.65703],[-84.43749,40.65697],[-84.43749,40.65691],[-84.43746,40.65686],[-84.43741,40.65681],[-84.43737,40.65675],[-84.43734,40.65669],[-84.43729,40.65662],[-84.43724,40.65657],[-84.4372,40.65652],[-84.43715,40.65646],[-84.43708,40.65642],[-84.43699,40.6564],[-84.43688,40.65641],[-84.43678,40.65641],[-84.43674,40.65638],[-84.43672,40.65633],[-84.43674,40.65622],[-84.43677,40.65611],[-84.4368,40.656],[-84.43655,40.65599],[-84.43646,40.65602],[-84.43632,40.6561],[-84.43615,40.65623],[-84.436,40.65636],[-84.4359,40.65647],[-84.43577,40.65658],[-84.43543,40.6568],[-84.43521,40.65689],[-84.43508,40.65697],[-84.43497,40.65705],[-84.43491,40.65711],[-84.43484,40.65714],[-84.43477,40.65717],[-84.43466,40.65718],[-84.43453,40.65714],[-84.43441,40.65706],[-84.43433,40.65696],[-84.43428,40.65688],[-84.43419,40.65679],[-84.43405,40.65675],[-84.43396,40.65675],[-84.43384,40.65678],[-84.43373,40.65684],[-84.43366,40.65688],[-84.43348,40.65692],[-84.43329,40.65692],[-84.43317,40.65687],[-84.433,40.65676],[-84.43294,40.65664],[-84.43293,40.65646],[-84.43294,40.65627],[-84.43299,40.65604],[-84.433,40.65585],[-84.43301,40.65565],[-84.43307,40.65543],[-84.43316,40.65527],[-84.4332,40.6551],[-84.43313,40.655],[-84.43296,40.65492],[-84.43285,40.65484],[-84.4328,40.65477],[-84.43274,40.65467],[-84.43265,40.65457],[-84.43256,40.6545],[-84.43239,40.65441],[-84.43213,40.65439],[-84.43169,40.65439],[-84.43143,40.65438],[-84.4311,40.65438],[-84.43086,40.65438],[-84.43072,40.65441],[-84.43053,40.65451],[-84.43037,40.65464],[-84.43029,40.65481],[-84.43022,40.65503],[-84.43028,40.6551],[-84.43064,40.65533],[-84.43071,40.65544],[-84.43078,40.65559],[-84.43085,40.65576],[-84.43095,40.65589],[-84.43115,40.65604],[-84.43124,40.65622],[-84.43125,40.65629],[-84.43122,40.65636],[-84.43116,40.65638],[-84.43095,40.65638],[-84.43073,40.65631],[-84.43056,40.65628],[-84.43032,40.65626],[-84.43007,40.65632],[-84.42992,40.65639],[-84.42981,40.65647],[-84.42965,40.65645],[-84.42938,40.65643],[-84.42903,40.65637],[-84.42875,40.65635],[-84.42855,40.6564],[-84.42838,40.65649],[-84.42823,40.65659],[-84.42561,40.65652],[-84.42558,40.65353],[-84.42569,40.64574],[-84.42567,40.64109],[-84.42566,40.63825],[-84.42566,40.63325],[-84.4196,40.63324],[-84.41585,40.63324],[-84.41578,40.63324],[-84.40058,40.63321],[-84.3968,40.63321],[-84.39647,40.63321],[-84.39516,40.6332],[-84.39293,40.6332],[-84.38859,40.63319],[-84.38242,40.63323],[-84.38239,40.63004],[-84.38238,40.62912],[-84.38239,40.62806],[-84.38239,40.62631],[-84.38152,40.62632],[-84.37812,40.62635],[-84.37713,40.62635],[-84.37711,40.63322],[-84.36803,40.63321],[-84.36805,40.63501],[-84.36805,40.63526],[-84.36805,40.63567],[-84.36805,40.63636],[-84.36805,40.63689],[-84.36804,40.63748],[-84.36804,40.63768],[-84.36804,40.63817],[-84.36806,40.63882],[-84.36804,40.63991],[-84.36805,40.64123],[-84.36652,40.64123],[-84.36328,40.64123],[-84.36334,40.62971],[-84.36131,40.62974],[-84.35859,40.6297],[-84.35859,40.63036],[-84.35859,40.6307],[-84.35858,40.63293],[-84.35858,40.6332],[-84.35041,40.63317],[-84.34921,40.63308],[-84.34629,40.63305],[-84.34626,40.63356],[-84.34626,40.63388],[-84.34629,40.63425],[-84.34633,40.63444],[-84.34639,40.6347],[-84.34649,40.635],[-84.34663,40.63538],[-84.34688,40.63584],[-84.34718,40.63635],[-84.34752,40.63691],[-84.34798,40.63767],[-84.34826,40.63813],[-84.34914,40.63956],[-84.34944,40.64007],[-84.34979,40.64063],[-84.35,40.64083],[-84.34991,40.64083],[-84.33943,40.64083],[-84.33943,40.64087],[-84.33943,40.64135],[-84.33944,40.64245],[-84.33944,40.64341],[-84.33938,40.64678],[-84.33938,40.64737],[-84.33937,40.64814],[-84.33939,40.64842],[-84.33939,40.64871],[-84.33939,40.649],[-84.33938,40.64908],[-84.33937,40.64912],[-84.33934,40.64915],[-84.33932,40.64917],[-84.33929,40.64919],[-84.33925,40.64921],[-84.3392,40.64922],[-84.33851,40.64919],[-84.33802,40.6492],[-84.33489,40.64921],[-84.33489,40.6461],[-84.32771,40.64613],[-84.32766,40.64948],[-84.32282,40.64966],[-84.32276,40.65277],[-84.32121,40.65277],[-84.31804,40.65278],[-84.31805,40.65318],[-84.31805,40.6541],[-84.31805,40.65467],[-84.31805,40.6554],[-84.31806,40.65601],[-84.31805,40.65633],[-84.31815,40.65654],[-84.3154,40.65655],[-84.31265,40.65656],[-84.3126,40.65656],[-84.31261,40.65617],[-84.30852,40.65616],[-84.30531,40.65615],[-84.30531,40.65658],[-84.30157,40.65658],[-84.29909,40.65658],[-84.29841,40.65659],[-84.29802,40.65659],[-84.29734,40.65659],[-84.29663,40.65659],[-84.29413,40.6566],[-84.29375,40.6566],[-84.29116,40.6566],[-84.28975,40.6566],[-84.28718,40.65661],[-84.2872,40.65665],[-84.2872,40.65667],[-84.2872,40.65669],[-84.2872,40.65671],[-84.28721,40.65672],[-84.28724,40.65675],[-84.28726,40.65678],[-84.28727,40.6568],[-84.28728,40.65681],[-84.28729,40.65683],[-84.28733,40.65686],[-84.28735,40.65689],[-84.28744,40.65692],[-84.28795,40.6571],[-84.28831,40.65724],[-84.2884,40.65729],[-84.28845,40.65733],[-84.28849,40.65736],[-84.28853,40.65742],[-84.28859,40.65751],[-84.28865,40.65762],[-84.28876,40.65783],[-84.28879,40.65789],[-84.28883,40.65794],[-84.28885,40.65799],[-84.28888,40.65803],[-84.28892,40.65806],[-84.289,40.65811],[-84.28905,40.65814],[-84.28922,40.65821],[-84.28933,40.65825],[-84.28942,40.65829],[-84.28951,40.65832],[-84.28958,40.65834],[-84.28965,40.65836],[-84.28972,40.65837],[-84.28975,40.6635],[-84.28474,40.66351],[-84.28475,40.66387],[-84.28471,40.67114],[-84.28083,40.67115],[-84.2806,40.67115],[-84.27693,40.67116],[-84.27693,40.67571],[-84.27692,40.68397],[-84.27693,40.68576],[-84.27541,40.68578],[-84.27483,40.68578],[-84.27353,40.68579],[-84.27255,40.6858],[-84.27222,40.6858],[-84.27108,40.68581],[-84.27097,40.68581],[-84.27079,40.68581],[-84.27076,40.68581],[-84.27038,40.6858],[-84.26644,40.68583],[-84.26565,40.68584],[-84.2655,40.68584],[-84.26532,40.68584],[-84.26529,40.68584],[-84.26422,40.68586],[-84.26418,40.68586],[-84.26369,40.68587],[-84.26346,40.68587],[-84.2633,40.68587],[-84.26301,40.68587],[-84.26149,40.68589],[-84.26109,40.6859],[-84.26074,40.6859],[-84.25996,40.68591],[-84.25966,40.68591],[-84.25963,40.68591],[-84.25898,40.68593],[-84.25895,40.68593],[-84.25861,40.68594],[-84.25808,40.68594],[-84.25768,40.68594],[-84.25719,40.68595],[-84.2569,40.68596],[-84.25674,40.68597],[-84.25655,40.686],[-84.25636,40.68604],[-84.25618,40.68608],[-84.25587,40.69462],[-84.25582,40.69615],[-84.25581,40.69658],[-84.25559,40.7032],[-84.25689,40.70323],[-84.25687,40.7072],[-84.26127,40.70723],[-84.26127,40.70859],[-84.26128,40.71031],[-84.26091,40.7104],[-84.26056,40.71047],[-84.26023,40.71054],[-84.25978,40.71063],[-84.2598,40.71101],[-84.26129,40.71113],[-84.2613,40.71146],[-84.2613,40.71178],[-84.2613,40.71232],[-84.26128,40.71289],[-84.26128,40.71394],[-84.25614,40.71392],[-84.2561,40.72146],[-84.25606,40.72642],[-84.25604,40.72928],[-84.25599,40.73703],[-84.25158,40.737],[-84.25153,40.73969],[-84.25614,40.73973],[-84.25602,40.74385],[-84.26159,40.74371],[-84.26158,40.74375],[-84.26158,40.74381],[-84.26158,40.74388],[-84.26157,40.74394],[-84.26157,40.74429],[-84.26156,40.74463],[-84.2616,40.74495],[-84.26162,40.74518],[-84.26162,40.74549],[-84.26164,40.74592],[-84.26398,40.74592],[-84.27101,40.74595],[-84.27113,40.74725],[-84.27294,40.74722],[-84.28084,40.74713],[-84.2809,40.75011],[-84.2809,40.75079],[-84.2847,40.75074],[-84.28466,40.75798],[-84.28815,40.75792],[-84.28819,40.75862],[-84.2883,40.7612],[-84.2883,40.76123],[-84.2883,40.76167],[-84.28825,40.76182],[-84.28704,40.76521],[-84.28716,40.76988],[-84.28719,40.77136],[-84.28781,40.77137],[-84.2878,40.7725],[-84.29471,40.77243],[-84.29476,40.7724],[-84.29483,40.77238],[-84.29491,40.77236],[-84.29656,40.77233],[-84.29862,40.7723],[-84.29949,40.77232],[-84.29973,40.77232],[-84.29981,40.77232],[-84.29985,40.77231],[-84.29989,40.77229],[-84.29993,40.77227],[-84.29996,40.77222],[-84.29996,40.77216],[-84.30006,40.77213],[-84.30315,40.77213],[-84.30336,40.77213],[-84.30947,40.77213],[-84.31538,40.77213],[-84.32409,40.77212],[-84.33409,40.77212],[-84.33633,40.77211],[-84.34,40.77211],[-84.34004,40.77381],[-84.33993,40.77969],[-84.34275,40.77963],[-84.3431,40.77962],[-84.34379,40.77961],[-84.34677,40.77955],[-84.34777,40.77953],[-84.34835,40.77952],[-84.34943,40.7795],[-84.35025,40.77948],[-84.35407,40.7794],[-84.35743,40.77935],[-84.35771,40.77934],[-84.3589,40.77932],[-84.35889,40.77869],[-84.35889,40.77795],[-84.35888,40.77728],[-84.35885,40.77577],[-84.35884,40.77447],[-84.35883,40.77207],[-84.35883,40.7714],[-84.35883,40.76982],[-84.35882,40.76751],[-84.35881,40.76562],[-84.35881,40.76488],[-84.37377,40.76496],[-84.38756,40.76502],[-84.39347,40.76505],[-84.39711,40.76505],[-84.39712,40.76542],[-84.39711,40.76711],[-84.3971,40.76952],[-84.39711,40.77132],[-84.39709,40.77209],[-84.39711,40.77366],[-84.39711,40.7748],[-84.39712,40.77607],[-84.39713,40.77698],[-84.39716,40.77937],[-84.39716,40.78093],[-84.39718,40.78381],[-84.41627,40.78364],[-84.41627,40.78398],[-84.41628,40.78467],[-84.41629,40.78664],[-84.41627,40.78768],[-84.41625,40.79008],[-84.41623,40.79299],[-84.41622,40.79388],[-84.41637,40.79387],[-84.42575,40.79378],[-84.4307,40.79387],[-84.43268,40.79384],[-84.43274,40.79387],[-84.43279,40.79391],[-84.43282,40.79395],[-84.43285,40.79399],[-84.43286,40.79405],[-84.43286,40.79475],[-84.43213,40.79503],[-84.43218,40.80088],[-84.43299,40.80086],[-84.43298,40.8003],[-84.43373,40.80031],[-84.43374,40.79453],[-84.43644,40.79387],[-84.43904,40.7932],[-84.43873,40.79578],[-84.44491,40.79604],[-84.44489,40.79734],[-84.44488,40.80102],[-84.4454,40.80101],[-84.45449,40.80091],[-84.45521,40.80091],[-84.45571,40.80091],[-84.4559,40.80092],[-84.45607,40.80093],[-84.45634,40.80096],[-84.45643,40.78901],[-84.45643,40.78878]]]}},{"type":"Feature","properties":{"GEOID":"3904597","NAME":"Waynesfield-Goshen Local School District","BASENAME":"Waynesfield-Goshen Local School District","POP100":2698,"HU100":1109,"AREALAND":162818267,"CENTLAT":"+40.5904046","CENTLON":"-083.9623286"},"geometry":{"type":"Polygon","coordinates":[[[-84.05849,40.61735],[-84.05846,40.61521],[-84.05832,40.60057],[-84.05823,40.59217],[-84.05815,40.58597],[-84.05813,40.58238],[-84.0581,40.57839],[-84.05805,40.5736],[-84.05803,40.57145],[-84.05803,40.57134],[-84.05755,40.57134],[-84.05708,40.57135],[-84.05662,40.57136],[-84.05577,40.57137],[-84.05517,40.57137],[-84.05388,40.57139],[-84.0522,40.5714],[-84.05174,40.57142],[-84.0516,40.57142],[-84.05061,40.57141],[-84.04918,40.5714],[-84.04812,40.5714],[-84.0474,40.5714],[-84.04689,40.57139],[-84.04561,40.57138],[-84.04505,40.57139],[-84.04141,40.57139],[-84.04097,40.57139],[-84.03999,40.57139],[-84.03938,40.57139],[-84.03876,40.5714],[-84.03646,40.57141],[-84.0359,40.57142],[-84.03533,40.57142],[-84.03305,40.57142],[-84.03247,40.57143],[-84.032,40.57143],[-84.0308,40.57143],[-84.02894,40.57143],[-84.02665,40.57144],[-84.02546,40.57145],[-84.02349,40.57145],[-84.02308,40.57146],[-84.02069,40.57147],[-84.0195,40.57147],[-84.01831,40.57149],[-84.01712,40.57149],[-84.01653,40.5715],[-84.01594,40.5715],[-84.01534,40.57151],[-84.0151,40.57151],[-84.01484,40.57151],[-84.01294,40.57152],[-84.01291,40.56854],[-84.01292,40.56452],[-84.01291,40.56206],[-84.01289,40.56031],[-84.01291,40.55839],[-84.01292,40.55759],[-84.01293,40.55696],[-84.01247,40.55696],[-84.01241,40.54846],[-84.01198,40.54846],[-84.01088,40.54847],[-84.01031,40.54848],[-84.00972,40.54849],[-84.00911,40.54849],[-84.0085,40.5485],[-84.00815,40.54849],[-84.00772,40.5485],[-84.00717,40.5485],[-84.00665,40.54851],[-84.00604,40.54851],[-84.00518,40.54853],[-84.00296,40.54856],[-83.99911,40.54862],[-83.99829,40.54863],[-83.99746,40.54865],[-83.99659,40.54866],[-83.99571,40.54867],[-83.99493,40.54868],[-83.99381,40.5487],[-83.99381,40.54849],[-83.99382,40.54804],[-83.99382,40.54781],[-83.99382,40.54748],[-83.99381,40.54717],[-83.99381,40.54688],[-83.99382,40.54658],[-83.99382,40.54628],[-83.99382,40.54607],[-83.99382,40.54575],[-83.99382,40.54528],[-83.99381,40.54482],[-83.99381,40.54389],[-83.99382,40.54249],[-83.99381,40.54202],[-83.99382,40.5411],[-83.99382,40.54063],[-83.99382,40.5397],[-83.99382,40.53877],[-83.99387,40.53517],[-83.99387,40.53478],[-83.99387,40.53387],[-83.99387,40.53383],[-83.99388,40.52996],[-83.99389,40.52857],[-83.99392,40.52787],[-83.99294,40.52788],[-83.99169,40.52789],[-83.99028,40.52789],[-83.98254,40.52792],[-83.97959,40.52794],[-83.97552,40.52796],[-83.97485,40.52796],[-83.97422,40.52796],[-83.97228,40.52796],[-83.9711,40.52795],[-83.9698,40.52795],[-83.96815,40.52796],[-83.96561,40.52796],[-83.9635,40.52797],[-83.96352,40.52566],[-83.96357,40.52136],[-83.95578,40.52118],[-83.95181,40.52111],[-83.94011,40.52087],[-83.93612,40.52084],[-83.92999,40.52072],[-83.92599,40.5207],[-83.91761,40.52065],[-83.91779,40.52127],[-83.91774,40.52444],[-83.91769,40.52804],[-83.91745,40.53538],[-83.91738,40.53538],[-83.91325,40.53537],[-83.91266,40.53537],[-83.91246,40.53536],[-83.91241,40.53536],[-83.91232,40.53533],[-83.91226,40.53533],[-83.91071,40.53531],[-83.90952,40.53532],[-83.90944,40.53532],[-83.90938,40.53532],[-83.90932,40.53531],[-83.90927,40.53529],[-83.90922,40.53527],[-83.90918,40.53524],[-83.90914,40.53521],[-83.90911,40.53517],[-83.90909,40.53514],[-83.90901,40.53497],[-83.90884,40.53454],[-83.90878,40.53441],[-83.90875,40.53437],[-83.90871,40.53433],[-83.90867,40.5343],[-83.90862,40.53427],[-83.90857,40.53425],[-83.9085,40.53424],[-83.90838,40.53424],[-83.90818,40.53426],[-83.90701,40.53201],[-83.89924,40.53309],[-83.89897,40.53526],[-83.89435,40.53575],[-83.89379,40.53581],[-83.89363,40.53587],[-83.89373,40.5364],[-83.89395,40.53709],[-83.88484,40.53779],[-83.88464,40.53784],[-83.88217,40.53842],[-83.88004,40.53869],[-83.88014,40.55383],[-83.88017,40.56537],[-83.88017,40.5656],[-83.88214,40.5656],[-83.8924,40.56545],[-83.90396,40.56591],[-83.90395,40.57927],[-83.90395,40.59031],[-83.90394,40.59382],[-83.9026,40.59384],[-83.90091,40.59384],[-83.89994,40.59386],[-83.89769,40.59387],[-83.89455,40.59389],[-83.89261,40.59391],[-83.88981,40.59392],[-83.8894,40.59392],[-83.88842,40.59394],[-83.88461,40.59396],[-83.88346,40.59396],[-83.88231,40.59397],[-83.88173,40.59398],[-83.88118,40.59397],[-83.88079,40.59397],[-83.88069,40.59397],[-83.88046,40.59396],[-83.88041,40.59395],[-83.88038,40.59392],[-83.88034,40.59394],[-83.88034,40.59406],[-83.88041,40.60131],[-83.88041,40.60226],[-83.88041,40.60228],[-83.8804,40.60265],[-83.8804,40.60267],[-83.8804,40.60269],[-83.8804,40.60271],[-83.8804,40.60303],[-83.8804,40.60305],[-83.8804,40.60308],[-83.8804,40.60386],[-83.88039,40.60732],[-83.88039,40.60767],[-83.88039,40.60862],[-83.88035,40.61585],[-83.88035,40.61643],[-83.88034,40.61767],[-83.88033,40.62119],[-83.88033,40.62313],[-83.88029,40.62493],[-83.8803,40.62505],[-83.8803,40.62726],[-83.88031,40.63233],[-83.88023,40.63771],[-83.88019,40.64469],[-83.88692,40.64469],[-83.89925,40.64467],[-83.91338,40.64455],[-83.91835,40.64453],[-83.92715,40.6445],[-83.92971,40.64453],[-83.92973,40.64453],[-83.93693,40.64446],[-83.93736,40.64446],[-83.93747,40.64446],[-83.93762,40.64446],[-83.93805,40.64445],[-83.94222,40.64442],[-83.94225,40.64442],[-83.94383,40.6444],[-83.94446,40.6444],[-83.9449,40.64439],[-83.9452,40.64439],[-83.94545,40.64439],[-83.94561,40.6444],[-83.94939,40.64436],[-83.95136,40.64434],[-83.95155,40.64433],[-83.95166,40.64433],[-83.95262,40.64432],[-83.95269,40.64432],[-83.95273,40.64432],[-83.95598,40.64429],[-83.95659,40.64428],[-83.95711,40.64428],[-83.95885,40.64427],[-83.9618,40.64426],[-83.96277,40.64426],[-83.96461,40.64425],[-83.96498,40.64425],[-83.96579,40.64424],[-83.96899,40.64423],[-83.97032,40.64422],[-83.97085,40.64422],[-83.97087,40.64422],[-83.9713,40.64422],[-83.9736,40.64421],[-83.97464,40.6442],[-83.97521,40.6442],[-83.97522,40.64624],[-83.97523,40.64788],[-83.97552,40.64789],[-83.97554,40.64789],[-83.98418,40.64791],[-83.98525,40.64791],[-83.98531,40.65139],[-83.98732,40.65137],[-83.98804,40.65137],[-83.98822,40.65029],[-83.99087,40.65004],[-83.99087,40.64867],[-83.99406,40.64868],[-83.99406,40.64862],[-83.99408,40.64764],[-83.99408,40.64705],[-83.99409,40.6464],[-83.99409,40.6459],[-83.99408,40.64525],[-83.99408,40.64413],[-83.99518,40.64413],[-83.99559,40.64412],[-83.99668,40.64412],[-83.9992,40.64411],[-84.00057,40.6441],[-84.0018,40.6441],[-84.00242,40.6441],[-84.00319,40.64409],[-84.00426,40.64409],[-84.0049,40.64408],[-84.00576,40.64409],[-84.0066,40.64409],[-84.00728,40.64409],[-84.00744,40.64409],[-84.00827,40.64409],[-84.00884,40.64408],[-84.00915,40.64408],[-84.01001,40.64408],[-84.01087,40.64409],[-84.01096,40.64409],[-84.01171,40.64409],[-84.01213,40.64409],[-84.01314,40.64408],[-84.01585,40.64408],[-84.01677,40.64408],[-84.01732,40.64407],[-84.01787,40.64407],[-84.01842,40.64407],[-84.01897,40.64407],[-84.01952,40.64408],[-84.02007,40.64407],[-84.02061,40.64407],[-84.02103,40.64408],[-84.02177,40.64407],[-84.02291,40.64407],[-84.02376,40.64407],[-84.02458,40.64407],[-84.02524,40.64407],[-84.0267,40.64406],[-84.02768,40.64406],[-84.02903,40.64405],[-84.03025,40.64405],[-84.03147,40.64405],[-84.03192,40.64406],[-84.03203,40.64406],[-84.03209,40.64406],[-84.03212,40.64406],[-84.03216,40.64406],[-84.03219,40.64406],[-84.03222,40.64405],[-84.03849,40.64397],[-84.03918,40.64395],[-84.03917,40.64342],[-84.03914,40.62959],[-84.03914,40.62817],[-84.03913,40.62243],[-84.03972,40.62242],[-84.04636,40.62232],[-84.04636,40.62206],[-84.04636,40.62189],[-84.04634,40.6195],[-84.04633,40.61729],[-84.05849,40.61735]]]}},{"type":"Feature","properties":{"GEOID":"3904743","NAME":"Cory-Rawson Local School District","BASENAME":"Cory-Rawson Local School District","POP100":4026,"HU100":1611,"AREALAND":259373468,"CENTLAT":"+40.9228465","CENTLON":"-083.7956576"},"geometry":{"type":"Polygon","coordinates":[[[-83.88071,41.02646],[-83.8807,41.02565],[-83.88067,41.02398],[-83.88066,41.0222],[-83.88065,41.02205],[-83.88062,41.02184],[-83.8806,41.02161],[-83.88059,41.02146],[-83.88058,41.0213],[-83.88056,41.02104],[-83.88056,41.02011],[-83.88057,41.0197],[-83.88062,41.01861],[-83.88063,41.01793],[-83.8806,41.01491],[-83.8806,41.01188],[-83.88059,41.01077],[-83.88058,41.00969],[-83.88058,41.00783],[-83.88057,41.00715],[-83.88057,41.00508],[-83.88057,41.00412],[-83.88059,41.00211],[-83.88061,41.00009],[-83.88061,40.99944],[-83.88059,40.99537],[-83.8806,40.99315],[-83.88061,40.99241],[-83.8806,40.99172],[-83.88061,40.99021],[-83.88061,40.98819],[-83.88061,40.98733],[-83.88061,40.98712],[-83.88061,40.98576],[-83.88064,40.98218],[-83.88063,40.97879],[-83.88062,40.97622],[-83.88061,40.97529],[-83.88061,40.97063],[-83.88059,40.97021],[-83.88059,40.97012],[-83.88058,40.96999],[-83.88059,40.96982],[-83.88059,40.96916],[-83.88058,40.96875],[-83.88058,40.96833],[-83.88059,40.96816],[-83.88056,40.96603],[-83.88054,40.96405],[-83.88052,40.96258],[-83.88053,40.96208],[-83.88052,40.96038],[-83.88052,40.95921],[-83.88052,40.95819],[-83.88051,40.95678],[-83.8805,40.95491],[-83.8805,40.95376],[-83.8805,40.9531],[-83.88049,40.95127],[-83.88048,40.9505],[-83.88048,40.9495],[-83.88048,40.94895],[-83.88047,40.9481],[-83.88048,40.94642],[-83.88047,40.94617],[-83.88047,40.94535],[-83.88048,40.94478],[-83.88048,40.94092],[-83.88049,40.93865],[-83.88047,40.93647],[-83.88046,40.93541],[-83.88047,40.9343],[-83.88047,40.93279],[-83.88046,40.93262],[-83.88046,40.93189],[-83.88047,40.93103],[-83.88046,40.92768],[-83.88045,40.9275],[-83.88046,40.92518],[-83.88044,40.92216],[-83.88042,40.92178],[-83.88043,40.92155],[-83.88042,40.92043],[-83.88042,40.9197],[-83.88042,40.91885],[-83.88042,40.91831],[-83.88042,40.91768],[-83.88041,40.91247],[-83.88041,40.90961],[-83.88041,40.90831],[-83.88041,40.90775],[-83.8804,40.90591],[-83.8804,40.9052],[-83.8804,40.90466],[-83.8804,40.90263],[-83.88039,40.90195],[-83.88039,40.90135],[-83.88039,40.90128],[-83.88039,40.90122],[-83.88039,40.89966],[-83.88038,40.89886],[-83.88038,40.89876],[-83.88038,40.89864],[-83.88037,40.89664],[-83.88037,40.89643],[-83.88037,40.89629],[-83.88037,40.89612],[-83.88037,40.89598],[-83.88037,40.89593],[-83.88037,40.89591],[-83.88037,40.89588],[-83.88037,40.89575],[-83.88037,40.89563],[-83.88036,40.89524],[-83.88035,40.89342],[-83.88033,40.89257],[-83.88034,40.89244],[-83.87725,40.89243],[-83.8773,40.88864],[-83.87728,40.88859],[-83.87726,40.88854],[-83.87718,40.88843],[-83.87716,40.88838],[-83.87715,40.88834],[-83.87714,40.88824],[-83.87714,40.88808],[-83.87394,40.88753],[-83.87365,40.88744],[-83.87337,40.88737],[-83.87238,40.88731],[-83.87223,40.88489],[-83.87805,40.88468],[-83.88014,40.88458],[-83.88031,40.88455],[-83.8803,40.8829],[-83.8803,40.88245],[-83.8803,40.88217],[-83.8803,40.8816],[-83.8803,40.88154],[-83.8803,40.88142],[-83.8803,40.88103],[-83.8803,40.88008],[-83.8803,40.88006],[-83.8803,40.87984],[-83.88029,40.87885],[-83.88029,40.87836],[-83.88028,40.87794],[-83.88028,40.87786],[-83.88028,40.87689],[-83.88029,40.87649],[-83.88029,40.87555],[-83.88028,40.8752],[-83.88028,40.87508],[-83.88028,40.87484],[-83.88028,40.87462],[-83.88028,40.8746],[-83.88028,40.87382],[-83.88029,40.87354],[-83.88029,40.8719],[-83.8803,40.87064],[-83.88027,40.86884],[-83.88027,40.86753],[-83.88026,40.86638],[-83.88026,40.86564],[-83.88026,40.86411],[-83.88026,40.86354],[-83.88026,40.86348],[-83.87849,40.86347],[-83.87618,40.86347],[-83.87327,40.86345],[-83.87192,40.86345],[-83.87173,40.86345],[-83.87113,40.86345],[-83.8711,40.85365],[-83.87109,40.8489],[-83.87106,40.8414],[-83.86209,40.84141],[-83.84517,40.84145],[-83.84278,40.84146],[-83.82381,40.8415],[-83.80884,40.84153],[-83.8047,40.84154],[-83.79501,40.84156],[-83.79495,40.83408],[-83.79312,40.83407],[-83.7917,40.83405],[-83.78595,40.834],[-83.78553,40.834],[-83.785,40.834],[-83.78067,40.83395],[-83.7786,40.83394],[-83.77489,40.8339],[-83.77485,40.82632],[-83.77485,40.82606],[-83.77481,40.81933],[-83.77106,40.8193],[-83.7663,40.81926],[-83.76438,40.81926],[-83.76166,40.81926],[-83.76111,40.81926],[-83.76071,40.81926],[-83.7592,40.81926],[-83.75917,40.81926],[-83.75902,40.81926],[-83.75717,40.81926],[-83.75445,40.81926],[-83.75197,40.81926],[-83.75195,40.81926],[-83.75171,40.81926],[-83.74917,40.81926],[-83.74911,40.81926],[-83.74908,40.81926],[-83.74825,40.81926],[-83.74556,40.81926],[-83.74112,40.81929],[-83.74111,40.81929],[-83.74106,40.81929],[-83.74102,40.81929],[-83.741,40.81929],[-83.74096,40.81929],[-83.74082,40.81929],[-83.74028,40.8193],[-83.74012,40.8193],[-83.74011,40.8193],[-83.73793,40.8193],[-83.73789,40.8193],[-83.73743,40.8193],[-83.73658,40.81931],[-83.73565,40.81931],[-83.733,40.81932],[-83.73041,40.81933],[-83.72849,40.81934],[-83.72846,40.81934],[-83.72844,40.81934],[-83.72842,40.81934],[-83.7284,40.81934],[-83.72838,40.81934],[-83.72836,40.81934],[-83.72833,40.81934],[-83.72831,40.81934],[-83.72806,40.81934],[-83.72803,40.81934],[-83.72787,40.81934],[-83.72787,40.81955],[-83.72784,40.82225],[-83.72784,40.82392],[-83.72783,40.82545],[-83.72783,40.82558],[-83.72783,40.82613],[-83.72783,40.82632],[-83.72782,40.8268],[-83.72782,40.82683],[-83.72782,40.82723],[-83.72782,40.82735],[-83.72781,40.82798],[-83.72775,40.8339],[-83.72776,40.83491],[-83.72775,40.83608],[-83.72775,40.83662],[-83.72773,40.8377],[-83.72774,40.83842],[-83.72773,40.83891],[-83.72772,40.83977],[-83.72772,40.84116],[-83.7277,40.84521],[-83.72769,40.84598],[-83.72767,40.84845],[-83.73397,40.84841],[-83.73658,40.84841],[-83.73731,40.8484],[-83.7373,40.85041],[-83.73724,40.85343],[-83.73713,40.86036],[-83.73709,40.86304],[-83.73703,40.86658],[-83.73703,40.86843],[-83.73681,40.87229],[-83.73677,40.87758],[-83.73691,40.88483],[-83.73689,40.89207],[-83.73444,40.89208],[-83.73064,40.89211],[-83.72972,40.89211],[-83.72874,40.89212],[-83.72713,40.89213],[-83.72713,40.89229],[-83.72711,40.89359],[-83.72711,40.89537],[-83.7271,40.89578],[-83.72709,40.89613],[-83.72709,40.89645],[-83.72676,40.89638],[-83.72585,40.89636],[-83.72517,40.8964],[-83.72462,40.89636],[-83.72438,40.8964],[-83.72209,40.89639],[-83.72176,40.89639],[-83.72089,40.89634],[-83.71848,40.89643],[-83.71848,40.89942],[-83.71846,40.90708],[-83.71846,40.91357],[-83.71847,40.91367],[-83.71857,40.91488],[-83.71743,40.91488],[-83.71731,40.91488],[-83.70814,40.91481],[-83.70816,40.92161],[-83.70756,40.92161],[-83.70483,40.92159],[-83.70371,40.92158],[-83.70371,40.9282],[-83.70165,40.9281],[-83.70167,40.93072],[-83.70221,40.93069],[-83.70299,40.93057],[-83.7038,40.9308],[-83.70386,40.93082],[-83.7039,40.93616],[-83.70234,40.93616],[-83.69992,40.93614],[-83.69864,40.93612],[-83.69865,40.93678],[-83.69865,40.93737],[-83.69865,40.93923],[-83.69164,40.93924],[-83.68968,40.93928],[-83.68974,40.95062],[-83.68977,40.95789],[-83.68992,40.95804],[-83.68985,40.96518],[-83.68985,40.97132],[-83.68998,40.97969],[-83.68998,40.97979],[-83.69005,40.98153],[-83.69003,40.98159],[-83.69,40.98189],[-83.68995,40.98201],[-83.69007,40.9834],[-83.69005,40.99025],[-83.69004,40.99332],[-83.69661,40.99341],[-83.6985,40.99327],[-83.69866,40.99328],[-83.69933,40.99328],[-83.70633,40.9933],[-83.71481,40.99331],[-83.71445,40.99354],[-83.71455,40.99355],[-83.71471,40.99356],[-83.71574,40.99355],[-83.71652,40.99356],[-83.71718,40.99356],[-83.71872,40.99357],[-83.72158,40.99357],[-83.72439,40.99358],[-83.72504,40.99358],[-83.72664,40.99357],[-83.72686,40.99357],[-83.72704,40.99358],[-83.72725,40.99362],[-83.72733,40.99362],[-83.72743,40.99363],[-83.72754,40.99363],[-83.72754,40.99331],[-83.72869,40.99335],[-83.7288,40.99328],[-83.73701,40.99327],[-83.74652,40.99334],[-83.74995,40.99353],[-83.74994,40.99364],[-83.75124,40.99364],[-83.75156,40.99364],[-83.75233,40.99364],[-83.75851,40.99362],[-83.76106,40.99363],[-83.76558,40.99361],[-83.76725,40.9936],[-83.76902,40.99359],[-83.76998,40.99357],[-83.77055,40.99357],[-83.77158,40.99357],[-83.77485,40.99356],[-83.77866,40.99355],[-83.77996,40.99354],[-83.78067,40.99354],[-83.78381,40.99353],[-83.78437,40.99353],[-83.78578,40.99353],[-83.78717,40.99353],[-83.7883,40.99352],[-83.7925,40.9935],[-83.79382,40.99349],[-83.7944,40.99349],[-83.80002,40.99347],[-83.80199,40.99346],[-83.80402,40.99346],[-83.81575,40.99343],[-83.81584,40.99343],[-83.81906,40.99351],[-83.81921,40.99342],[-83.81997,40.99342],[-83.82298,40.99342],[-83.82496,40.99342],[-83.82693,40.99342],[-83.82804,40.99344],[-83.82914,40.99343],[-83.83189,40.99342],[-83.837,40.99337],[-83.83959,40.99335],[-83.84227,40.99333],[-83.84315,40.99333],[-83.84747,40.99331],[-83.84745,40.99984],[-83.85259,40.99988],[-83.85257,41.0033],[-83.85255,41.00777],[-83.85252,41.01856],[-83.85251,41.02026],[-83.85249,41.02944],[-83.85241,41.04019],[-83.85683,41.03947],[-83.85807,41.03901],[-83.86166,41.03631],[-83.86241,41.03594],[-83.86317,41.03583],[-83.86398,41.0361],[-83.8641,41.03633],[-83.86438,41.03756],[-83.86471,41.03793],[-83.8656,41.03799],[-83.86662,41.03756],[-83.86901,41.03571],[-83.87094,41.03468],[-83.87153,41.03343],[-83.87154,41.03284],[-83.8714,41.03261],[-83.87136,41.03171],[-83.87113,41.0313],[-83.87108,41.03067],[-83.87151,41.03002],[-83.87269,41.02927],[-83.87359,41.029],[-83.87499,41.02883],[-83.8764,41.02874],[-83.87814,41.02841],[-83.88006,41.02788],[-83.88029,41.02776],[-83.88067,41.02756],[-83.88069,41.02721],[-83.8807,41.02695],[-83.8807,41.0268],[-83.8807,41.02671],[-83.88071,41.02646]]]}},{"type":"Feature","properties":{"GEOID":"3904752","NAME":"Upper Scioto Valley Local School District","BASENAME":"Upper Scioto Valley Local School District","POP100":4016,"HU100":1778,"AREALAND":256085468,"CENTLAT":"+40.6355883","CENTLON":"-083.8155455"},"geometry":{"type":"Polygon","coordinates":[[[-83.90395,40.57927],[-83.90396,40.56591],[-83.8924,40.56545],[-83.88214,40.5656],[-83.88017,40.5656],[-83.88017,40.56537],[-83.88014,40.55383],[-83.88004,40.53869],[-83.88,40.53189],[-83.87977,40.53188],[-83.85918,40.53065],[-83.85611,40.53045],[-83.856,40.53044],[-83.85591,40.53044],[-83.85593,40.52714],[-83.85595,40.52554],[-83.8561,40.52099],[-83.85619,40.51949],[-83.85624,40.51849],[-83.85348,40.51859],[-83.85351,40.51907],[-83.85288,40.51916],[-83.85294,40.51924],[-83.85205,40.51912],[-83.85151,40.51904],[-83.8513,40.51899],[-83.85079,40.5191],[-83.84996,40.51929],[-83.84816,40.51966],[-83.84699,40.51995],[-83.84307,40.52086],[-83.84239,40.52202],[-83.84123,40.52396],[-83.84045,40.52525],[-83.83801,40.52505],[-83.83731,40.52499],[-83.83475,40.5248],[-83.8284,40.5243],[-83.81698,40.52341],[-83.81462,40.52799],[-83.80727,40.52755],[-83.80602,40.52748],[-83.80547,40.52744],[-83.80446,40.52744],[-83.80238,40.5273],[-83.8002,40.52716],[-83.79567,40.52689],[-83.79585,40.5293],[-83.79622,40.53413],[-83.78854,40.53414],[-83.78924,40.54002],[-83.77995,40.54077],[-83.77887,40.54091],[-83.77695,40.5411],[-83.77372,40.54141],[-83.77365,40.54143],[-83.7736,40.54146],[-83.77356,40.5415],[-83.77353,40.54155],[-83.77353,40.5416],[-83.77365,40.54261],[-83.77361,40.54265],[-83.77355,40.54267],[-83.77351,40.54267],[-83.77342,40.54268],[-83.77622,40.5614],[-83.77726,40.56841],[-83.77883,40.579],[-83.78031,40.58895],[-83.78045,40.58915],[-83.78063,40.59038],[-83.78085,40.59034],[-83.78108,40.5903],[-83.78124,40.59028],[-83.78131,40.59027],[-83.78193,40.5902],[-83.78275,40.59523],[-83.78021,40.59556],[-83.75887,40.59844],[-83.75492,40.59896],[-83.75061,40.59955],[-83.74753,40.59996],[-83.7421,40.60075],[-83.73524,40.60169],[-83.73528,40.60193],[-83.73562,40.60393],[-83.73581,40.60492],[-83.73594,40.60569],[-83.7319,40.60613],[-83.731,40.60623],[-83.73116,40.60717],[-83.73169,40.61025],[-83.73219,40.61313],[-83.73477,40.6129],[-83.73709,40.61269],[-83.73711,40.6128],[-83.73705,40.61288],[-83.73705,40.61293],[-83.73761,40.61634],[-83.73819,40.62015],[-83.73428,40.62062],[-83.73543,40.62789],[-83.73658,40.6351],[-83.73906,40.63489],[-83.74018,40.64177],[-83.7402,40.64188],[-83.73931,40.64197],[-83.73888,40.64201],[-83.73588,40.6423],[-83.73615,40.64424],[-83.73646,40.6465],[-83.73816,40.64639],[-83.73872,40.65008],[-83.73287,40.6507],[-83.7332,40.65363],[-83.72683,40.65435],[-83.72705,40.65727],[-83.72607,40.65737],[-83.72358,40.65765],[-83.72349,40.65774],[-83.72322,40.65847],[-83.72323,40.65875],[-83.7201,40.65902],[-83.71956,40.65906],[-83.72226,40.6619],[-83.72578,40.66555],[-83.72139,40.66568],[-83.71836,40.66573],[-83.72365,40.67046],[-83.72357,40.67371],[-83.72354,40.67453],[-83.72353,40.67475],[-83.72652,40.67573],[-83.72674,40.6758],[-83.72918,40.67659],[-83.72931,40.67737],[-83.72957,40.67902],[-83.73012,40.68251],[-83.73047,40.68449],[-83.73047,40.68453],[-83.73048,40.68458],[-83.73051,40.68476],[-83.73052,40.68488],[-83.73052,40.6849],[-83.73055,40.68515],[-83.73056,40.68538],[-83.73056,40.68572],[-83.73053,40.68718],[-83.73054,40.68793],[-83.73052,40.68891],[-83.73051,40.68941],[-83.73049,40.69011],[-83.73049,40.6908],[-83.73047,40.69147],[-83.73047,40.69202],[-83.73047,40.69238],[-83.73046,40.69375],[-83.73047,40.69452],[-83.73043,40.69609],[-83.73042,40.6978],[-83.7304,40.69855],[-83.73041,40.69927],[-83.7304,40.69995],[-83.73038,40.70083],[-83.73036,40.7018],[-83.73036,40.70232],[-83.73036,40.70269],[-83.73039,40.70288],[-83.73042,40.70322],[-83.73043,40.70332],[-83.73041,40.70334],[-83.7304,40.70339],[-83.7304,40.70352],[-83.73063,40.70361],[-83.73155,40.70392],[-83.73211,40.70411],[-83.7325,40.70384],[-83.73278,40.70387],[-83.73288,40.70388],[-83.73351,40.70389],[-83.73392,40.7039],[-83.73473,40.70392],[-83.73545,40.70393],[-83.73669,40.70393],[-83.73724,40.70393],[-83.73772,40.70393],[-83.73826,40.70393],[-83.7395,40.70396],[-83.73979,40.70396],[-83.74006,40.70396],[-83.7399,40.70681],[-83.74083,40.70714],[-83.74248,40.70771],[-83.74324,40.708],[-83.74327,40.71847],[-83.74396,40.71847],[-83.7443,40.71848],[-83.74601,40.7185],[-83.7465,40.7185],[-83.74808,40.71853],[-83.74884,40.71854],[-83.74883,40.72576],[-83.74907,40.72576],[-83.7495,40.72576],[-83.7499,40.72577],[-83.7503,40.72577],[-83.751,40.72577],[-83.75134,40.72577],[-83.7517,40.72577],[-83.75205,40.72578],[-83.75234,40.7258],[-83.75324,40.7258],[-83.75394,40.7258],[-83.75428,40.72579],[-83.75438,40.72577],[-83.75451,40.72574],[-83.76317,40.7258],[-83.76599,40.72581],[-83.76599,40.72768],[-83.76597,40.73286],[-83.76913,40.73285],[-83.77225,40.73286],[-83.77626,40.73287],[-83.78002,40.73289],[-83.78507,40.73291],[-83.78509,40.73291],[-83.79091,40.73293],[-83.79355,40.73294],[-83.79598,40.73296],[-83.79683,40.73297],[-83.80076,40.733],[-83.80088,40.733],[-83.80309,40.73302],[-83.80417,40.73302],[-83.80599,40.73302],[-83.80704,40.73302],[-83.81079,40.733],[-83.81179,40.733],[-83.81612,40.73296],[-83.82322,40.73289],[-83.82889,40.73284],[-83.83537,40.73278],[-83.84236,40.7327],[-83.84463,40.73268],[-83.84972,40.73264],[-83.85403,40.73261],[-83.85653,40.73259],[-83.86143,40.73255],[-83.86171,40.73255],[-83.86198,40.73255],[-83.86323,40.73254],[-83.86805,40.73252],[-83.87281,40.73249],[-83.87754,40.73247],[-83.87855,40.73246],[-83.87983,40.73244],[-83.87983,40.73242],[-83.87984,40.73174],[-83.87984,40.73173],[-83.87984,40.7317],[-83.87984,40.73147],[-83.87983,40.72904],[-83.87983,40.72883],[-83.87986,40.72313],[-83.87988,40.72119],[-83.87989,40.71966],[-83.87989,40.71924],[-83.87989,40.7191],[-83.87989,40.71857],[-83.87989,40.71852],[-83.87989,40.71784],[-83.87989,40.71738],[-83.87992,40.71536],[-83.87992,40.71343],[-83.87992,40.71311],[-83.87992,40.71304],[-83.87992,40.71303],[-83.87992,40.71301],[-83.87992,40.71299],[-83.87992,40.71297],[-83.87992,40.71294],[-83.87994,40.71093],[-83.87994,40.71077],[-83.87994,40.71073],[-83.87995,40.70697],[-83.87995,40.70685],[-83.87998,40.70387],[-83.87998,40.70384],[-83.87999,40.70329],[-83.87999,40.70326],[-83.87998,40.70124],[-83.87999,40.69968],[-83.88,40.69934],[-83.88,40.69783],[-83.88,40.6978],[-83.88,40.69741],[-83.88,40.69612],[-83.88,40.69607],[-83.88,40.69603],[-83.88,40.69601],[-83.88,40.69599],[-83.88,40.69598],[-83.87999,40.69541],[-83.87999,40.69346],[-83.87999,40.6934],[-83.88,40.69288],[-83.88001,40.69157],[-83.88001,40.69134],[-83.88001,40.68963],[-83.88001,40.68945],[-83.88001,40.68943],[-83.88001,40.68941],[-83.88001,40.6894],[-83.88001,40.68919],[-83.88001,40.68898],[-83.88003,40.68562],[-83.88003,40.68465],[-83.88004,40.68362],[-83.88005,40.68187],[-83.88005,40.68168],[-83.88005,40.68148],[-83.88005,40.68136],[-83.88005,40.68012],[-83.88005,40.67991],[-83.88005,40.67971],[-83.88006,40.67787],[-83.88005,40.6746],[-83.88005,40.67449],[-83.88005,40.6739],[-83.88006,40.67151],[-83.88006,40.66996],[-83.88008,40.6687],[-83.88008,40.66869],[-83.88008,40.66836],[-83.88009,40.66794],[-83.8801,40.66599],[-83.8801,40.66597],[-83.88008,40.66398],[-83.88008,40.66359],[-83.88008,40.66349],[-83.88008,40.66337],[-83.88008,40.66201],[-83.88009,40.66067],[-83.88012,40.65817],[-83.88012,40.65816],[-83.88012,40.65798],[-83.88012,40.65771],[-83.88012,40.65769],[-83.88012,40.65763],[-83.88012,40.65749],[-83.88012,40.6574],[-83.88014,40.65616],[-83.88015,40.65576],[-83.88016,40.65431],[-83.88016,40.65427],[-83.88016,40.65425],[-83.88016,40.65415],[-83.88016,40.65408],[-83.88016,40.65374],[-83.88016,40.65278],[-83.88017,40.65231],[-83.88017,40.65227],[-83.88019,40.64986],[-83.88019,40.64469],[-83.88023,40.63771],[-83.88031,40.63233],[-83.8803,40.62726],[-83.8803,40.62505],[-83.88029,40.62493],[-83.88033,40.62313],[-83.88033,40.62119],[-83.88034,40.61767],[-83.88035,40.61643],[-83.88035,40.61585],[-83.88039,40.60862],[-83.88039,40.60767],[-83.88039,40.60732],[-83.8804,40.60386],[-83.8804,40.60308],[-83.8804,40.60305],[-83.8804,40.60303],[-83.8804,40.60271],[-83.8804,40.60269],[-83.8804,40.60267],[-83.8804,40.60265],[-83.88041,40.60228],[-83.88041,40.60226],[-83.88041,40.60131],[-83.88034,40.59406],[-83.88034,40.59394],[-83.88038,40.59392],[-83.88041,40.59395],[-83.88046,40.59396],[-83.88069,40.59397],[-83.88079,40.59397],[-83.88118,40.59397],[-83.88173,40.59398],[-83.88231,40.59397],[-83.88346,40.59396],[-83.88461,40.59396],[-83.88842,40.59394],[-83.8894,40.59392],[-83.88981,40.59392],[-83.89261,40.59391],[-83.89455,40.59389],[-83.89769,40.59387],[-83.89994,40.59386],[-83.90091,40.59384],[-83.9026,40.59384],[-83.90394,40.59382],[-83.90395,40.59031],[-83.90395,40.57927]]]}},{"type":"Feature","properties":{"GEOID":"3904931","NAME":"Columbus Grove Local School District","BASENAME":"Columbus Grove Local School District","POP100":5120,"HU100":2061,"AREALAND":189424064,"CENTLAT":"+40.9077357","CENTLON":"-084.1130389"},"geometry":{"type":"Polygon","coordinates":[[[-84.27274,40.87386],[-84.27274,40.87164],[-84.27243,40.87164],[-84.26763,40.87158],[-84.26482,40.87154],[-84.26324,40.87152],[-84.26278,40.8714],[-84.26279,40.87098],[-84.26279,40.87049],[-84.26277,40.86984],[-84.26276,40.86926],[-84.25755,40.86926],[-84.25754,40.86695],[-84.25798,40.86694],[-84.25847,40.86694],[-84.25946,40.86694],[-84.26126,40.86693],[-84.26174,40.86693],[-84.26274,40.86693],[-84.26333,40.86693],[-84.26454,40.86692],[-84.26604,40.86692],[-84.26782,40.86692],[-84.26839,40.86692],[-84.27208,40.86691],[-84.27205,40.86347],[-84.26842,40.8635],[-84.26796,40.86352],[-84.26277,40.86358],[-84.26277,40.86463],[-84.26277,40.86522],[-84.26275,40.86556],[-84.2577,40.8655],[-84.25771,40.86356],[-84.25595,40.86356],[-84.25273,40.86355],[-84.25274,40.85976],[-84.24994,40.85977],[-84.2439,40.85978],[-84.24363,40.85975],[-84.24276,40.85977],[-84.23913,40.85984],[-84.23645,40.85989],[-84.23531,40.85991],[-84.23441,40.85992],[-84.23341,40.85997],[-84.23313,40.85998],[-84.23158,40.86004],[-84.23143,40.86004],[-84.22699,40.86009],[-84.22486,40.86011],[-84.22485,40.85967],[-84.22485,40.85931],[-84.22479,40.85931],[-84.20557,40.85954],[-84.1983,40.85971],[-84.19829,40.85971],[-84.19827,40.85971],[-84.19587,40.8597],[-84.19342,40.85966],[-84.19336,40.85966],[-84.19319,40.85966],[-84.19284,40.85967],[-84.19221,40.85968],[-84.18744,40.85963],[-84.16654,40.85992],[-84.13792,40.86013],[-84.13046,40.86018],[-84.13033,40.86019],[-84.12497,40.86034],[-84.11908,40.86052],[-84.1169,40.86063],[-84.11521,40.86072],[-84.10959,40.86099],[-84.10959,40.86133],[-84.10959,40.86201],[-84.10961,40.86263],[-84.10962,40.86307],[-84.10962,40.86349],[-84.10963,40.86392],[-84.10963,40.86434],[-84.10963,40.86478],[-84.10964,40.86508],[-84.10964,40.86515],[-84.10964,40.86519],[-84.10965,40.86556],[-84.10966,40.866],[-84.10966,40.86645],[-84.10966,40.86683],[-84.10967,40.86714],[-84.10968,40.86815],[-84.10872,40.86816],[-84.1074,40.86818],[-84.1067,40.86818],[-84.10504,40.86819],[-84.10316,40.8682],[-84.1015,40.86821],[-84.09983,40.86821],[-84.09822,40.86822],[-84.09659,40.86821],[-84.09634,40.86821],[-84.09496,40.86821],[-84.09333,40.86822],[-84.09167,40.86822],[-84.09078,40.86823],[-84.09045,40.86823],[-84.0879,40.86823],[-84.08772,40.86823],[-84.08069,40.86826],[-84.08068,40.87135],[-84.07894,40.87135],[-84.07473,40.87131],[-84.07361,40.87133],[-84.07123,40.87133],[-84.07121,40.87049],[-84.0712,40.86956],[-84.07118,40.86829],[-84.07121,40.86806],[-84.07114,40.86521],[-84.06885,40.86521],[-84.0672,40.86522],[-84.0671,40.8683],[-84.06708,40.87537],[-84.06239,40.87534],[-84.06241,40.87166],[-84.05397,40.87163],[-84.05188,40.87163],[-84.05185,40.8683],[-84.05182,40.86515],[-84.0518,40.86104],[-84.0512,40.86105],[-84.05041,40.86105],[-84.04852,40.86106],[-84.0465,40.86106],[-84.04586,40.86106],[-84.0457,40.86105],[-84.04393,40.86107],[-84.04386,40.86107],[-84.0407,40.86109],[-84.03962,40.86109],[-84.03942,40.8611],[-84.03749,40.86111],[-84.03653,40.86112],[-84.03323,40.86114],[-84.03289,40.86114],[-84.03285,40.86835],[-84.03287,40.87136],[-84.03284,40.87572],[-84.02804,40.87566],[-84.02298,40.87574],[-84.02295,40.88348],[-84.0189,40.88349],[-84.01829,40.88348],[-84.0183,40.88323],[-84.01833,40.87585],[-84.01638,40.8759],[-84.01369,40.87604],[-84.00796,40.87622],[-84.00637,40.87628],[-84.00381,40.87635],[-84.00248,40.87639],[-84.00177,40.87642],[-83.99502,40.87639],[-83.99502,40.87679],[-83.99494,40.88423],[-83.99494,40.88444],[-84.00195,40.88446],[-84.00264,40.88447],[-84.00431,40.88452],[-84.00431,40.88456],[-84.00433,40.88731],[-84.00434,40.88806],[-84.00436,40.8901],[-84.00436,40.89031],[-84.00436,40.89065],[-84.00626,40.89064],[-84.01059,40.8906],[-84.0106,40.88804],[-84.01061,40.88216],[-84.01364,40.88215],[-84.01364,40.88314],[-84.01365,40.88591],[-84.01365,40.88801],[-84.01364,40.89057],[-84.01607,40.89052],[-84.01667,40.89051],[-84.01775,40.89049],[-84.01815,40.89048],[-84.01855,40.89047],[-84.02201,40.89041],[-84.02198,40.89425],[-84.01985,40.89423],[-84.02036,40.90176],[-84.02036,40.90489],[-84.0203,40.90489],[-84.01694,40.90492],[-84.01369,40.90495],[-84.01195,40.90494],[-84.01191,40.90494],[-84.01058,40.90497],[-84.00939,40.90496],[-84.00944,40.89862],[-84.00439,40.89858],[-84.00442,40.90042],[-84.00033,40.90042],[-83.99723,40.9004],[-83.99722,40.90244],[-83.99696,40.90242],[-83.99515,40.90247],[-83.99517,40.90507],[-83.99518,40.90667],[-83.99519,40.91103],[-83.99519,40.91148],[-83.99524,40.91184],[-83.99529,40.91228],[-83.99523,40.9136],[-83.99523,40.91364],[-83.99521,40.91401],[-83.99521,40.91503],[-83.99521,40.91552],[-83.99521,40.91598],[-83.99521,40.91644],[-83.99521,40.91704],[-83.99521,40.91763],[-83.99522,40.91885],[-83.99523,40.91942],[-83.99523,40.91961],[-83.99523,40.91971],[-83.99523,40.91984],[-83.99524,40.92053],[-83.99525,40.9208],[-83.99525,40.92156],[-83.99525,40.92207],[-83.99525,40.92268],[-83.99526,40.92307],[-83.99526,40.92336],[-83.99527,40.92391],[-83.99527,40.92407],[-83.99527,40.92507],[-83.99528,40.92534],[-83.99528,40.92638],[-83.99529,40.9271],[-83.99529,40.92785],[-83.9953,40.9286],[-83.9953,40.92936],[-83.99531,40.93011],[-83.99533,40.93234],[-83.99535,40.93407],[-83.99535,40.93422],[-83.99536,40.93443],[-83.99536,40.93503],[-83.99536,40.93539],[-83.99537,40.93559],[-83.99537,40.93632],[-83.99538,40.9369],[-83.9954,40.93764],[-83.9954,40.93823],[-83.99541,40.93847],[-83.99542,40.93905],[-83.99543,40.93973],[-83.99544,40.94046],[-83.99544,40.94076],[-83.99544,40.94126],[-83.99544,40.94143],[-83.9954,40.94165],[-83.99551,40.95685],[-84.00042,40.95684],[-84.00883,40.95681],[-84.00879,40.96331],[-84.00916,40.96331],[-84.01057,40.9633],[-84.01127,40.9633],[-84.01197,40.9633],[-84.01268,40.96329],[-84.01338,40.96329],[-84.01383,40.96329],[-84.01438,40.96329],[-84.01441,40.96715],[-84.01577,40.96715],[-84.01955,40.96713],[-84.01977,40.96713],[-84.04343,40.96707],[-84.04981,40.96705],[-84.05316,40.96704],[-84.05366,40.96705],[-84.05371,40.96661],[-84.05374,40.9663],[-84.05379,40.96587],[-84.05385,40.96522],[-84.05402,40.9653],[-84.05421,40.96534],[-84.05858,40.9655],[-84.05847,40.97018],[-84.05928,40.97018],[-84.06021,40.97019],[-84.06186,40.97019],[-84.06251,40.97018],[-84.0627,40.97018],[-84.06285,40.96417],[-84.06285,40.96296],[-84.06467,40.96296],[-84.06687,40.96297],[-84.06711,40.96297],[-84.06856,40.96296],[-84.07234,40.96296],[-84.07234,40.9628],[-84.07234,40.96246],[-84.07233,40.96189],[-84.07231,40.9598],[-84.07231,40.95896],[-84.07769,40.95905],[-84.07784,40.95508],[-84.08193,40.95504],[-84.08194,40.95485],[-84.08193,40.95386],[-84.08192,40.95362],[-84.08192,40.95289],[-84.08191,40.95199],[-84.0819,40.9509],[-84.0819,40.95011],[-84.08189,40.94911],[-84.0819,40.94838],[-84.08202,40.94837],[-84.08232,40.94837],[-84.08475,40.94835],[-84.08558,40.94834],[-84.08642,40.94834],[-84.08942,40.94834],[-84.09051,40.94834],[-84.09127,40.94834],[-84.09129,40.94834],[-84.09131,40.94834],[-84.09133,40.94833],[-84.09135,40.94831],[-84.09137,40.94829],[-84.09139,40.94827],[-84.09139,40.94826],[-84.0914,40.94825],[-84.0914,40.94823],[-84.0914,40.94817],[-84.09636,40.94831],[-84.0963,40.95533],[-84.10112,40.95531],[-84.10113,40.95581],[-84.10113,40.95608],[-84.10114,40.95662],[-84.10114,40.95697],[-84.10115,40.95733],[-84.10116,40.95777],[-84.10116,40.95814],[-84.10119,40.95992],[-84.10119,40.96029],[-84.10121,40.96119],[-84.10123,40.96229],[-84.10125,40.96261],[-84.10125,40.96284],[-84.10202,40.96283],[-84.1027,40.96282],[-84.10348,40.96282],[-84.10425,40.96281],[-84.10505,40.96281],[-84.10592,40.9628],[-84.10651,40.96279],[-84.10728,40.96279],[-84.108,40.96279],[-84.10948,40.96278],[-84.11016,40.96276],[-84.11078,40.96275],[-84.11088,40.96275],[-84.11089,40.96298],[-84.11108,40.96297],[-84.11132,40.96296],[-84.11137,40.96296],[-84.11158,40.96294],[-84.1117,40.96294],[-84.11195,40.96292],[-84.11262,40.96289],[-84.11347,40.96285],[-84.11438,40.9628],[-84.11528,40.96275],[-84.11591,40.96271],[-84.1179,40.96261],[-84.11841,40.96259],[-84.1196,40.96252],[-84.12068,40.96246],[-84.1213,40.96243],[-84.12286,40.96235],[-84.12381,40.9623],[-84.12626,40.96217],[-84.12746,40.9621],[-84.1285,40.96204],[-84.12911,40.962],[-84.12956,40.96196],[-84.12969,40.96195],[-84.12981,40.96194],[-84.12998,40.96194],[-84.13028,40.96195],[-84.132,40.96195],[-84.13416,40.96196],[-84.13604,40.96195],[-84.13732,40.96194],[-84.13836,40.96194],[-84.13958,40.96194],[-84.13956,40.95914],[-84.1396,40.95514],[-84.13965,40.94757],[-84.13966,40.947],[-84.13969,40.93686],[-84.1397,40.93442],[-84.14207,40.93442],[-84.14206,40.93807],[-84.14703,40.93808],[-84.14703,40.94018],[-84.14703,40.94151],[-84.15196,40.9415],[-84.15922,40.9415],[-84.15903,40.94115],[-84.15888,40.94084],[-84.15874,40.94048],[-84.15867,40.94019],[-84.15861,40.93995],[-84.15858,40.93975],[-84.15855,40.93934],[-84.15855,40.93907],[-84.16239,40.93904],[-84.16237,40.93692],[-84.16346,40.93692],[-84.16435,40.93692],[-84.16422,40.93313],[-84.16617,40.93314],[-84.16709,40.93313],[-84.16813,40.93313],[-84.16855,40.93313],[-84.17009,40.93312],[-84.17199,40.93309],[-84.17314,40.93306],[-84.1743,40.93304],[-84.17484,40.93304],[-84.17519,40.93303],[-84.17644,40.93302],[-84.17707,40.933],[-84.178,40.93299],[-84.17802,40.92769],[-84.17802,40.92599],[-84.1819,40.92593],[-84.18544,40.92569],[-84.18549,40.92787],[-84.18553,40.93291],[-84.18757,40.93291],[-84.19384,40.93295],[-84.19642,40.93292],[-84.1995,40.93288],[-84.19974,40.93288],[-84.20008,40.93288],[-84.20039,40.93288],[-84.20055,40.93288],[-84.2017,40.93288],[-84.20254,40.93288],[-84.20334,40.93287],[-84.20411,40.93286],[-84.20478,40.93286],[-84.20571,40.93286],[-84.20639,40.93284],[-84.20658,40.93286],[-84.20654,40.93276],[-84.20655,40.93264],[-84.20654,40.93217],[-84.20653,40.93156],[-84.20651,40.93096],[-84.20649,40.93038],[-84.20648,40.93002],[-84.20646,40.92934],[-84.21125,40.92936],[-84.22058,40.9293],[-84.22052,40.92232],[-84.22558,40.92229],[-84.22558,40.92199],[-84.22558,40.92155],[-84.22558,40.92141],[-84.22557,40.92102],[-84.22556,40.92072],[-84.22555,40.92041],[-84.22554,40.91987],[-84.22555,40.91949],[-84.22554,40.9192],[-84.22554,40.91888],[-84.22553,40.91848],[-84.22552,40.91829],[-84.22492,40.9183],[-84.22484,40.91831],[-84.22416,40.91832],[-84.2238,40.91833],[-84.22337,40.91833],[-84.22293,40.91834],[-84.22204,40.91835],[-84.22159,40.91836],[-84.22114,40.91837],[-84.22035,40.91838],[-84.22023,40.91838],[-84.22015,40.91838],[-84.21796,40.91842],[-84.21633,40.91844],[-84.21591,40.91844],[-84.21582,40.91844],[-84.21611,40.91497],[-84.22496,40.91488],[-84.22547,40.91487],[-84.22546,40.91475],[-84.22542,40.91428],[-84.2254,40.914],[-84.22533,40.9133],[-84.22598,40.91294],[-84.22588,40.91029],[-84.22576,40.90671],[-84.23531,40.90673],[-84.23525,40.90392],[-84.23518,40.89931],[-84.22551,40.8993],[-84.2253,40.89281],[-84.22529,40.89253],[-84.23421,40.89254],[-84.23463,40.89254],[-84.23441,40.88454],[-84.23443,40.88415],[-84.24218,40.88417],[-84.24219,40.88277],[-84.25317,40.88279],[-84.25317,40.88253],[-84.25318,40.88213],[-84.25319,40.88157],[-84.25319,40.88109],[-84.25319,40.88049],[-84.25321,40.88],[-84.25321,40.87945],[-84.25331,40.87945],[-84.25823,40.87946],[-84.25823,40.87925],[-84.25825,40.87517],[-84.26284,40.87521],[-84.26488,40.87523],[-84.26747,40.87525],[-84.27156,40.87528],[-84.27274,40.87529],[-84.27274,40.87386]]]}},{"type":"Feature","properties":{"GEOID":"3904933","NAME":"Jennings Local School District","BASENAME":"Jennings Local School District","POP100":1934,"HU100":756,"AREALAND":69609249,"CENTLAT":"+40.9017533","CENTLON":"-084.2825282"},"geometry":{"type":"Polygon","coordinates":[[[-84.34097,40.9036],[-84.34087,40.89547],[-84.34078,40.88869],[-84.3407,40.88191],[-84.34062,40.87558],[-84.34061,40.87505],[-84.34067,40.87323],[-84.34066,40.87269],[-84.34066,40.87248],[-84.34066,40.8722],[-84.34057,40.86269],[-84.34057,40.86069],[-84.34057,40.85978],[-84.34053,40.8591],[-84.34036,40.8591],[-84.33983,40.85911],[-84.33941,40.85911],[-84.33912,40.85911],[-84.33887,40.85911],[-84.33831,40.85911],[-84.33692,40.85913],[-84.33437,40.85919],[-84.33398,40.8592],[-84.33063,40.85927],[-84.33027,40.85929],[-84.32974,40.85929],[-84.32962,40.8593],[-84.32962,40.85933],[-84.32959,40.85933],[-84.32896,40.85934],[-84.32318,40.85941],[-84.32315,40.85941],[-84.32315,40.8593],[-84.32191,40.85932],[-84.32119,40.85933],[-84.32077,40.85933],[-84.32036,40.85934],[-84.32027,40.85934],[-84.31501,40.8594],[-84.31426,40.85941],[-84.31401,40.85941],[-84.31307,40.85943],[-84.31216,40.85944],[-84.31073,40.85946],[-84.29551,40.85963],[-84.29006,40.85969],[-84.28999,40.85969],[-84.28993,40.85969],[-84.28984,40.85969],[-84.28796,40.85966],[-84.28744,40.85965],[-84.28731,40.85963],[-84.28721,40.85962],[-84.28712,40.85961],[-84.28697,40.85963],[-84.28683,40.85964],[-84.28342,40.85964],[-84.28148,40.85965],[-84.27899,40.85966],[-84.27729,40.85966],[-84.27099,40.85969],[-84.26837,40.8597],[-84.26816,40.8597],[-84.26688,40.85969],[-84.26645,40.85969],[-84.26626,40.85969],[-84.26282,40.85968],[-84.2593,40.85971],[-84.25329,40.85975],[-84.25274,40.85976],[-84.25273,40.86355],[-84.25595,40.86356],[-84.25771,40.86356],[-84.2577,40.8655],[-84.26275,40.86556],[-84.26277,40.86522],[-84.26277,40.86463],[-84.26277,40.86358],[-84.26796,40.86352],[-84.26842,40.8635],[-84.27205,40.86347],[-84.27208,40.86691],[-84.26839,40.86692],[-84.26782,40.86692],[-84.26604,40.86692],[-84.26454,40.86692],[-84.26333,40.86693],[-84.26274,40.86693],[-84.26174,40.86693],[-84.26126,40.86693],[-84.25946,40.86694],[-84.25847,40.86694],[-84.25798,40.86694],[-84.25754,40.86695],[-84.25755,40.86926],[-84.26276,40.86926],[-84.26277,40.86984],[-84.26279,40.87049],[-84.26279,40.87098],[-84.26278,40.8714],[-84.26324,40.87152],[-84.26482,40.87154],[-84.26763,40.87158],[-84.27243,40.87164],[-84.27274,40.87164],[-84.27274,40.87386],[-84.27274,40.87529],[-84.27156,40.87528],[-84.26747,40.87525],[-84.26488,40.87523],[-84.26284,40.87521],[-84.25825,40.87517],[-84.25823,40.87925],[-84.25823,40.87946],[-84.25331,40.87945],[-84.25321,40.87945],[-84.25321,40.88],[-84.25319,40.88049],[-84.25319,40.88109],[-84.25319,40.88157],[-84.25318,40.88213],[-84.25317,40.88253],[-84.25317,40.88279],[-84.24219,40.88277],[-84.24218,40.88417],[-84.23443,40.88415],[-84.23441,40.88454],[-84.23463,40.89254],[-84.23421,40.89254],[-84.22529,40.89253],[-84.2253,40.89281],[-84.22551,40.8993],[-84.23518,40.89931],[-84.23525,40.90392],[-84.23531,40.90673],[-84.22576,40.90671],[-84.22588,40.91029],[-84.22598,40.91294],[-84.22533,40.9133],[-84.2254,40.914],[-84.22542,40.91428],[-84.22546,40.91475],[-84.22547,40.91487],[-84.22496,40.91488],[-84.21611,40.91497],[-84.21582,40.91844],[-84.21591,40.91844],[-84.21633,40.91844],[-84.21796,40.91842],[-84.22015,40.91838],[-84.22023,40.91838],[-84.22035,40.91838],[-84.22114,40.91837],[-84.22159,40.91836],[-84.22204,40.91835],[-84.22293,40.91834],[-84.22337,40.91833],[-84.2238,40.91833],[-84.22416,40.91832],[-84.22484,40.91831],[-84.22492,40.9183],[-84.22552,40.91829],[-84.22553,40.91848],[-84.22554,40.91888],[-84.22554,40.9192],[-84.22555,40.91949],[-84.22554,40.91987],[-84.22555,40.92041],[-84.22556,40.92072],[-84.22557,40.92102],[-84.22558,40.92141],[-84.22558,40.92155],[-84.22558,40.92199],[-84.22558,40.92229],[-84.22052,40.92232],[-84.22058,40.9293],[-84.22568,40.92928],[-84.22569,40.92972],[-84.22569,40.93049],[-84.2257,40.93133],[-84.22572,40.9319],[-84.22573,40.9326],[-84.22573,40.93285],[-84.22573,40.93304],[-84.22574,40.9337],[-84.22576,40.93469],[-84.22576,40.93499],[-84.22576,40.93522],[-84.22576,40.93568],[-84.22576,40.93601],[-84.22576,40.93635],[-84.22576,40.93653],[-84.22576,40.93678],[-84.22689,40.93674],[-84.23544,40.93674],[-84.2354,40.93289],[-84.23544,40.93289],[-84.23578,40.93289],[-84.23658,40.93288],[-84.23662,40.93288],[-84.23688,40.93287],[-84.23747,40.93287],[-84.23783,40.93287],[-84.23871,40.93285],[-84.23952,40.93285],[-84.23993,40.93284],[-84.24034,40.93284],[-84.24072,40.93284],[-84.24113,40.93283],[-84.2415,40.93283],[-84.24229,40.93283],[-84.24305,40.93282],[-84.2437,40.93281],[-84.24398,40.93282],[-84.24438,40.93281],[-84.2453,40.9328],[-84.24588,40.9328],[-84.2465,40.93279],[-84.24837,40.93278],[-84.249,40.93278],[-84.24918,40.93278],[-84.24926,40.94],[-84.25409,40.93997],[-84.25386,40.93275],[-84.25551,40.93275],[-84.25578,40.93275],[-84.25691,40.93274],[-84.25766,40.93274],[-84.25856,40.93273],[-84.25958,40.93273],[-84.26149,40.93271],[-84.26339,40.9327],[-84.26377,40.9327],[-84.26432,40.93271],[-84.26511,40.9327],[-84.26602,40.9327],[-84.26573,40.93311],[-84.26548,40.93353],[-84.26537,40.93372],[-84.26522,40.934],[-84.26512,40.93417],[-84.26508,40.93425],[-84.26504,40.93432],[-84.26485,40.93466],[-84.26452,40.93525],[-84.26444,40.93542],[-84.26429,40.93567],[-84.26407,40.93609],[-84.26359,40.93694],[-84.26337,40.93734],[-84.26333,40.93742],[-84.26287,40.9388],[-84.26323,40.9414],[-84.26324,40.94162],[-84.26325,40.9421],[-84.26334,40.94717],[-84.26335,40.94781],[-84.26338,40.94788],[-84.26339,40.94799],[-84.26339,40.94825],[-84.26338,40.94862],[-84.26337,40.949],[-84.26338,40.94938],[-84.26338,40.94978],[-84.26338,40.94993],[-84.26341,40.95003],[-84.26345,40.95011],[-84.26349,40.95018],[-84.26353,40.95023],[-84.26358,40.9503],[-84.26355,40.9538],[-84.26354,40.9541],[-84.26323,40.95412],[-84.26284,40.95415],[-84.26228,40.95419],[-84.26198,40.95422],[-84.26167,40.95425],[-84.26138,40.95427],[-84.26107,40.9543],[-84.26083,40.95433],[-84.26063,40.95438],[-84.26031,40.95445],[-84.26019,40.95449],[-84.26005,40.95454],[-84.25985,40.95465],[-84.2597,40.95479],[-84.25949,40.95502],[-84.25923,40.95525],[-84.25904,40.95547],[-84.25898,40.95566],[-84.25898,40.95581],[-84.25902,40.95598],[-84.25909,40.9563],[-84.25916,40.95649],[-84.25926,40.95664],[-84.25938,40.9568],[-84.25957,40.95714],[-84.25967,40.95742],[-84.25975,40.95767],[-84.25997,40.95801],[-84.26014,40.95821],[-84.26027,40.95846],[-84.26037,40.95862],[-84.26077,40.95939],[-84.26092,40.95963],[-84.26101,40.95975],[-84.26112,40.9599],[-84.26123,40.96016],[-84.26135,40.96041],[-84.26141,40.96061],[-84.26159,40.9612],[-84.26165,40.96142],[-84.26169,40.96159],[-84.26165,40.96186],[-84.2616,40.96209],[-84.26153,40.96229],[-84.26138,40.9626],[-84.2612,40.96285],[-84.26097,40.96306],[-84.26076,40.9632],[-84.26052,40.96333],[-84.26021,40.96345],[-84.25998,40.96353],[-84.25962,40.96361],[-84.25899,40.96373],[-84.25864,40.96378],[-84.25829,40.96386],[-84.25774,40.96399],[-84.25743,40.96406],[-84.25725,40.96411],[-84.25709,40.96419],[-84.25692,40.9643],[-84.25684,40.96439],[-84.25665,40.96462],[-84.25658,40.96472],[-84.25648,40.96484],[-84.25648,40.96561],[-84.2565,40.9661],[-84.25651,40.96878],[-84.25181,40.96888],[-84.25204,40.96917],[-84.25208,40.96926],[-84.25211,40.96939],[-84.25213,40.96955],[-84.25213,40.96962],[-84.25199,40.97005],[-84.25197,40.97018],[-84.25197,40.97028],[-84.25199,40.97053],[-84.25203,40.97066],[-84.25212,40.97086],[-84.25222,40.97102],[-84.25226,40.97105],[-84.25267,40.97117],[-84.25302,40.97124],[-84.25385,40.97146],[-84.25444,40.97161],[-84.2548,40.97169],[-84.25521,40.97182],[-84.25609,40.9718],[-84.25636,40.9718],[-84.26339,40.97174],[-84.26333,40.96874],[-84.25796,40.96889],[-84.25804,40.96876],[-84.25815,40.96857],[-84.25852,40.96791],[-84.25884,40.96735],[-84.25908,40.96692],[-84.25945,40.96626],[-84.25953,40.96612],[-84.25977,40.96569],[-84.25982,40.9656],[-84.25988,40.96549],[-84.26029,40.96477],[-84.26071,40.964],[-84.26092,40.96362],[-84.26102,40.96345],[-84.26114,40.96326],[-84.26125,40.96313],[-84.26146,40.96287],[-84.26158,40.9627],[-84.26165,40.96258],[-84.26168,40.9625],[-84.26175,40.96231],[-84.26177,40.96217],[-84.2618,40.96203],[-84.26184,40.96181],[-84.26188,40.96159],[-84.26189,40.96148],[-84.26247,40.9615],[-84.26291,40.96151],[-84.26335,40.96152],[-84.26362,40.96152],[-84.26392,40.96152],[-84.26917,40.96161],[-84.27029,40.96164],[-84.27146,40.96164],[-84.2723,40.96165],[-84.27288,40.96166],[-84.27312,40.96166],[-84.27428,40.96165],[-84.27543,40.96164],[-84.27659,40.96163],[-84.2777,40.96161],[-84.27886,40.9616],[-84.28006,40.96159],[-84.28173,40.96156],[-84.28198,40.96156],[-84.28243,40.96156],[-84.28246,40.96118],[-84.28246,40.96066],[-84.28247,40.96013],[-84.28247,40.95961],[-84.28248,40.95888],[-84.28248,40.95816],[-84.28248,40.95779],[-84.28249,40.95743],[-84.28249,40.95706],[-84.28249,40.9567],[-84.28249,40.95634],[-84.28249,40.95597],[-84.2825,40.95569],[-84.2825,40.95561],[-84.2825,40.95551],[-84.2825,40.95524],[-84.28249,40.95488],[-84.2825,40.95452],[-84.28249,40.95379],[-84.28249,40.95343],[-84.28247,40.95307],[-84.28247,40.95293],[-84.28248,40.95273],[-84.28248,40.95234],[-84.28249,40.95198],[-84.28248,40.95162],[-84.28248,40.95125],[-84.28248,40.95089],[-84.28248,40.95053],[-84.28248,40.94943],[-84.28247,40.94877],[-84.28246,40.94836],[-84.28246,40.94763],[-84.28247,40.94708],[-84.28247,40.947],[-84.28248,40.94101],[-84.28253,40.93623],[-84.28925,40.93624],[-84.29206,40.93624],[-84.29206,40.93575],[-84.29206,40.93535],[-84.29206,40.93495],[-84.29205,40.93454],[-84.29206,40.93415],[-84.29206,40.93374],[-84.29205,40.93334],[-84.29207,40.93266],[-84.29272,40.93266],[-84.29351,40.93265],[-84.29429,40.93264],[-84.29507,40.93263],[-84.29586,40.93262],[-84.29663,40.93261],[-84.29778,40.93261],[-84.29856,40.9326],[-84.29935,40.9326],[-84.30014,40.93259],[-84.30096,40.93258],[-84.30167,40.93256],[-84.30178,40.93256],[-84.30177,40.93251],[-84.30211,40.9325],[-84.3021,40.93143],[-84.30209,40.93066],[-84.30209,40.92979],[-84.3021,40.92974],[-84.30212,40.9297],[-84.30213,40.92967],[-84.30216,40.92965],[-84.30239,40.92971],[-84.30239,40.9295],[-84.30236,40.92533],[-84.31066,40.92533],[-84.32049,40.92532],[-84.3205,40.92504],[-84.32052,40.92438],[-84.32052,40.92392],[-84.32053,40.9235],[-84.32055,40.92304],[-84.32055,40.92258],[-84.32057,40.92208],[-84.32057,40.92156],[-84.32058,40.92115],[-84.32044,40.92104],[-84.32055,40.92091],[-84.32064,40.91811],[-84.32071,40.9109],[-84.32071,40.91033],[-84.32071,40.90986],[-84.32072,40.90925],[-84.32073,40.90864],[-84.32074,40.90802],[-84.32075,40.90739],[-84.32076,40.90733],[-84.32076,40.90432],[-84.32078,40.90377],[-84.33035,40.90372],[-84.33556,40.90363],[-84.34097,40.9036]]]}},{"type":"Feature","properties":{"GEOID":"3904939","NAME":"Pandora-Gilboa Local School District","BASENAME":"Pandora-Gilboa Local School District","POP100":3502,"HU100":1362,"AREALAND":175147632,"CENTLAT":"+40.9980579","CENTLON":"-083.9394964"},"geometry":{"type":"Polygon","coordinates":[[[-84.0144,40.97346],[-84.01441,40.96715],[-84.01438,40.96329],[-84.01383,40.96329],[-84.01338,40.96329],[-84.01268,40.96329],[-84.01197,40.9633],[-84.01127,40.9633],[-84.01057,40.9633],[-84.00916,40.96331],[-84.00879,40.96331],[-84.00883,40.95681],[-84.00042,40.95684],[-83.99551,40.95685],[-83.9954,40.94165],[-83.99544,40.94143],[-83.99544,40.94126],[-83.99544,40.94076],[-83.99544,40.94046],[-83.99543,40.93973],[-83.99542,40.93905],[-83.99541,40.93847],[-83.9954,40.93823],[-83.9954,40.93764],[-83.99538,40.9369],[-83.99537,40.93632],[-83.99537,40.93559],[-83.99536,40.93539],[-83.99536,40.93503],[-83.99536,40.93443],[-83.99535,40.93422],[-83.99535,40.93407],[-83.99533,40.93234],[-83.99531,40.93011],[-83.9953,40.92936],[-83.9953,40.9286],[-83.99529,40.92785],[-83.99529,40.9271],[-83.99528,40.92638],[-83.99528,40.92534],[-83.99527,40.92507],[-83.99527,40.92407],[-83.99527,40.92391],[-83.99526,40.92336],[-83.99526,40.92307],[-83.99525,40.92268],[-83.99525,40.92207],[-83.99525,40.92156],[-83.99525,40.9208],[-83.99524,40.92053],[-83.99523,40.91984],[-83.99523,40.91971],[-83.99523,40.91961],[-83.99523,40.91942],[-83.99522,40.91885],[-83.99521,40.91763],[-83.99521,40.91704],[-83.99521,40.91644],[-83.99521,40.91598],[-83.99521,40.91552],[-83.99521,40.91503],[-83.99389,40.91502],[-83.97606,40.91495],[-83.97604,40.91495],[-83.97207,40.91494],[-83.9594,40.91493],[-83.95902,40.91493],[-83.9569,40.91492],[-83.94769,40.91491],[-83.93771,40.91491],[-83.93771,40.9166],[-83.93771,40.9186],[-83.93771,40.91861],[-83.93774,40.91963],[-83.93774,40.92026],[-83.93639,40.92027],[-83.93352,40.92029],[-83.93246,40.9203],[-83.93178,40.9203],[-83.92971,40.9203],[-83.92631,40.9203],[-83.926,40.9203],[-83.9248,40.9203],[-83.92442,40.9203],[-83.92153,40.92029],[-83.92036,40.92029],[-83.92007,40.92029],[-83.91935,40.92029],[-83.91865,40.92029],[-83.91847,40.9203],[-83.91712,40.9203],[-83.91598,40.9203],[-83.91541,40.9203],[-83.91531,40.9203],[-83.915,40.9203],[-83.91455,40.9203],[-83.91453,40.9203],[-83.91443,40.9203],[-83.91441,40.9203],[-83.909,40.92031],[-83.90787,40.92031],[-83.90688,40.92032],[-83.9044,40.92032],[-83.90281,40.92033],[-83.90259,40.92033],[-83.90058,40.92034],[-83.8996,40.92034],[-83.89955,40.92035],[-83.89951,40.92035],[-83.89924,40.92035],[-83.89907,40.92035],[-83.89848,40.92034],[-83.89811,40.92035],[-83.89773,40.92035],[-83.89736,40.92035],[-83.897,40.92036],[-83.89662,40.92036],[-83.89628,40.92036],[-83.89593,40.92037],[-83.89558,40.92036],[-83.89525,40.92037],[-83.89488,40.92037],[-83.89451,40.92037],[-83.89426,40.92037],[-83.89391,40.92038],[-83.89342,40.92038],[-83.89311,40.92038],[-83.89275,40.92038],[-83.89241,40.92039],[-83.89201,40.92039],[-83.89175,40.92039],[-83.89151,40.92039],[-83.89105,40.92039],[-83.89074,40.92039],[-83.89042,40.9204],[-83.88983,40.9204],[-83.88957,40.9204],[-83.88919,40.9204],[-83.88886,40.9204],[-83.88856,40.9204],[-83.8882,40.9204],[-83.88794,40.9204],[-83.88749,40.9204],[-83.88715,40.9204],[-83.88669,40.92041],[-83.88603,40.9204],[-83.88571,40.92041],[-83.88552,40.92041],[-83.88502,40.92041],[-83.88456,40.92041],[-83.88412,40.92041],[-83.88366,40.92041],[-83.88323,40.92042],[-83.88284,40.92042],[-83.88253,40.92042],[-83.88189,40.92042],[-83.88129,40.92042],[-83.88081,40.92043],[-83.88055,40.92043],[-83.88042,40.92043],[-83.88043,40.92155],[-83.88042,40.92178],[-83.88044,40.92216],[-83.88046,40.92518],[-83.88045,40.9275],[-83.88046,40.92768],[-83.88047,40.93103],[-83.88046,40.93189],[-83.88046,40.93262],[-83.88047,40.93279],[-83.88047,40.9343],[-83.88046,40.93541],[-83.88047,40.93647],[-83.88049,40.93865],[-83.88048,40.94092],[-83.88048,40.94478],[-83.88047,40.94535],[-83.88047,40.94617],[-83.88048,40.94642],[-83.88047,40.9481],[-83.88048,40.94895],[-83.88048,40.9495],[-83.88048,40.9505],[-83.88049,40.95127],[-83.8805,40.9531],[-83.8805,40.95376],[-83.8805,40.95491],[-83.88051,40.95678],[-83.88052,40.95819],[-83.88052,40.95921],[-83.88052,40.96038],[-83.88053,40.96208],[-83.88052,40.96258],[-83.88054,40.96405],[-83.88056,40.96603],[-83.88059,40.96816],[-83.88058,40.96833],[-83.88058,40.96875],[-83.88059,40.96916],[-83.88059,40.96982],[-83.88058,40.96999],[-83.88059,40.97012],[-83.88059,40.97021],[-83.88061,40.97063],[-83.88061,40.97529],[-83.88062,40.97622],[-83.88063,40.97879],[-83.88064,40.98218],[-83.88061,40.98576],[-83.88061,40.98712],[-83.88061,40.98733],[-83.88061,40.98819],[-83.88061,40.99021],[-83.8806,40.99172],[-83.88061,40.99241],[-83.8806,40.99315],[-83.88059,40.99537],[-83.88061,40.99944],[-83.88061,41.00009],[-83.88059,41.00211],[-83.88057,41.00412],[-83.88057,41.00508],[-83.88057,41.00715],[-83.88058,41.00783],[-83.88058,41.00969],[-83.88059,41.01077],[-83.8806,41.01188],[-83.8806,41.01491],[-83.88063,41.01793],[-83.88062,41.01861],[-83.88057,41.0197],[-83.88056,41.02011],[-83.88056,41.02104],[-83.88058,41.0213],[-83.88059,41.02146],[-83.8806,41.02161],[-83.88062,41.02184],[-83.88065,41.02205],[-83.88066,41.0222],[-83.88067,41.02398],[-83.8807,41.02565],[-83.88071,41.02646],[-83.8807,41.02671],[-83.8807,41.0268],[-83.8807,41.02695],[-83.88069,41.02721],[-83.88067,41.02756],[-83.88067,41.02769],[-83.88065,41.02811],[-83.88064,41.02885],[-83.88065,41.03013],[-83.88066,41.03088],[-83.88066,41.03172],[-83.88066,41.03202],[-83.88066,41.03293],[-83.88067,41.03335],[-83.88065,41.03436],[-83.88065,41.03502],[-83.88065,41.03596],[-83.88066,41.03673],[-83.88065,41.03778],[-83.88066,41.03891],[-83.88066,41.0401],[-83.88065,41.04196],[-83.88066,41.04378],[-83.88066,41.04404],[-83.88068,41.04635],[-83.88066,41.04743],[-83.88065,41.0489],[-83.88065,41.05001],[-83.88065,41.05044],[-83.88065,41.05119],[-83.88068,41.05291],[-83.8807,41.05415],[-83.88071,41.05434],[-83.88072,41.05744],[-83.88071,41.05935],[-83.88073,41.06145],[-83.88074,41.06346],[-83.88073,41.06376],[-83.8807,41.06423],[-83.88071,41.06547],[-83.88071,41.06571],[-83.8807,41.06753],[-83.88071,41.06988],[-83.88073,41.07288],[-83.88074,41.07451],[-83.88075,41.07632],[-83.88288,41.07633],[-83.89053,41.07636],[-83.89518,41.07637],[-83.89993,41.07639],[-83.89993,41.07749],[-83.89995,41.0788],[-83.89996,41.07982],[-83.89997,41.08029],[-83.90191,41.08029],[-83.90383,41.08031],[-83.90416,41.08026],[-83.90436,41.08024],[-83.90454,41.08024],[-83.90605,41.08023],[-83.90656,41.08023],[-83.90691,41.08023],[-83.90827,41.08023],[-83.90922,41.08023],[-83.91018,41.08023],[-83.91115,41.08023],[-83.91208,41.08022],[-83.91251,41.08022],[-83.91271,41.08022],[-83.91492,41.08023],[-83.91586,41.08023],[-83.91688,41.08023],[-83.91776,41.08024],[-83.91789,41.08024],[-83.91893,41.08024],[-83.91911,41.08024],[-83.91924,41.08023],[-83.92348,41.08023],[-83.92506,41.08022],[-83.92854,41.08022],[-83.9294,41.08021],[-83.93026,41.08021],[-83.93113,41.0802],[-83.93285,41.0802],[-83.93371,41.08019],[-83.93457,41.08019],[-83.93544,41.08018],[-83.93633,41.08017],[-83.93716,41.08017],[-83.93794,41.08016],[-83.93838,41.08016],[-83.93839,41.07817],[-83.93836,41.07807],[-83.93833,41.07796],[-83.93832,41.07779],[-83.94337,41.07781],[-83.94336,41.08013],[-83.94405,41.08013],[-83.94439,41.08013],[-83.94473,41.08015],[-83.94482,41.08016],[-83.94504,41.08021],[-83.94507,41.08022],[-83.95197,41.08019],[-83.95766,41.08016],[-83.95834,41.08009],[-83.96783,41.08002],[-83.97103,41.07998],[-83.97113,41.07997],[-83.97121,41.07997],[-83.97129,41.07996],[-83.97143,41.07996],[-83.97167,41.07997],[-83.9721,41.07997],[-83.9723,41.07997],[-83.9723,41.078],[-83.97372,41.07801],[-83.97372,41.08002],[-83.97962,41.07998],[-83.98426,41.07995],[-83.98431,41.07223],[-83.98646,41.07224],[-83.98649,41.07992],[-83.99626,41.07987],[-83.99626,41.07979],[-83.99626,41.07963],[-83.99626,41.07907],[-83.99625,41.07873],[-83.99623,41.07581],[-83.99623,41.07521],[-83.99622,41.07478],[-83.99621,41.07448],[-83.99621,41.07387],[-83.9962,41.07324],[-83.9962,41.07222],[-83.99618,41.07011],[-83.99617,41.06948],[-83.99616,41.06923],[-83.99616,41.0672],[-83.99616,41.06525],[-83.99616,41.06518],[-83.99616,41.06515],[-83.99614,41.0648],[-83.99614,41.06464],[-83.99614,41.06437],[-83.99613,41.06422],[-83.99614,41.06406],[-83.99614,41.06391],[-83.99615,41.0636],[-83.99615,41.06345],[-83.99615,41.06328],[-83.99615,41.06298],[-83.99615,41.06287],[-83.99615,41.06267],[-83.99615,41.06236],[-83.99614,41.06205],[-83.99613,41.06175],[-83.99612,41.06145],[-83.99611,41.06114],[-83.99611,41.06072],[-83.99611,41.06057],[-83.99556,41.06058],[-83.99555,41.0595],[-83.99554,41.05531],[-83.99554,41.05356],[-83.99607,41.05355],[-83.99603,41.05069],[-83.99604,41.05047],[-83.99603,41.05014],[-83.99602,41.04992],[-83.99602,41.04963],[-83.99601,41.04948],[-83.99601,41.04917],[-83.99602,41.04872],[-83.99601,41.04828],[-83.99602,41.04783],[-83.996,41.04564],[-83.99599,41.04522],[-83.99599,41.04442],[-83.99598,41.04355],[-83.99597,41.04307],[-83.99598,41.0426],[-83.99597,41.04213],[-83.99597,41.0417],[-83.99597,41.04128],[-83.99597,41.04105],[-83.99597,41.03995],[-83.99598,41.03974],[-83.99598,41.03943],[-83.99598,41.0394],[-83.99598,41.03905],[-83.99598,41.03833],[-83.99599,41.03798],[-83.99598,41.0373],[-83.99598,41.03698],[-83.99597,41.03664],[-83.99597,41.0365],[-83.99597,41.03616],[-83.99596,41.03587],[-83.99596,41.03544],[-83.99596,41.03495],[-83.99595,41.03449],[-83.99596,41.03397],[-83.99596,41.03347],[-83.99596,41.03296],[-83.99596,41.03245],[-83.99596,41.03193],[-83.99595,41.03177],[-83.99596,41.03117],[-83.99596,41.02924],[-83.99596,41.02907],[-83.99595,41.02898],[-83.99596,41.02843],[-83.99593,41.02285],[-83.99594,41.02191],[-83.99594,41.02167],[-83.99593,41.0214],[-83.99593,41.0212],[-83.99593,41.02084],[-83.99593,41.01985],[-83.99593,41.01943],[-83.99592,41.0183],[-83.99592,41.01781],[-83.99592,41.01593],[-83.99592,41.01546],[-83.99592,41.01503],[-83.99591,41.01476],[-83.99593,41.01465],[-83.99578,41.0146],[-83.99582,41.01174],[-83.99584,41.01155],[-83.99584,41.01077],[-83.99584,41.01011],[-83.99584,41.00328],[-83.99564,41.00214],[-83.99567,41.00025],[-83.99573,41.00005],[-83.99575,40.99992],[-83.99441,40.99993],[-83.99323,40.99994],[-83.99236,40.99994],[-83.99152,40.99995],[-83.99054,40.99996],[-83.98965,40.99997],[-83.9896,40.99997],[-83.98862,40.99997],[-83.98788,40.99996],[-83.98712,40.99996],[-83.98641,40.99997],[-83.98619,40.99998],[-83.98621,40.99875],[-83.99573,40.99885],[-83.99574,40.99513],[-83.99575,40.99296],[-83.99574,40.99285],[-83.99574,40.99273],[-83.99574,40.99265],[-83.99576,40.98066],[-83.99572,40.97505],[-83.99786,40.97494],[-83.99793,40.97278],[-84.00079,40.97299],[-84.00068,40.9671],[-84.00632,40.96712],[-84.00986,40.96713],[-84.01,40.97344],[-84.0144,40.97346]]]}}]}
