{"type":"FeatureCollection","features":[{"type":"Feature","properties":{"GEOID":"39003002AAA","NAME":"DELPHOS 1A","BASENAME":"DELPHOS 1A","VTD":"002AAA","POP100":1198,"HU100":538,"AREALAND":"928725","CENTLAT":"+40.8505376","CENTLON":"-084.3360467"},"geometry":{"type":"Polygon","coordinates":[[[-84.34053,40.8591],[-84.34048,40.85703],[-84.34048,40.85629],[-84.34048,40.85616],[-84.34047,40.85496],[-84.34047,40.85464],[-84.34045,40.85206],[-84.34045,40.85111],[-84.34043,40.84995],[-84.34042,40.84967],[-84.34042,40.84962],[-84.34042,40.84914],[-84.34044,40.84814],[-84.34044,40.84762],[-84.34044,40.8476],[-84.34044,40.84712],[-84.34041,40.84585],[-84.34038,40.84504],[-84.34029,40.84504],[-84.34011,40.84503],[-84.33973,40.84502],[-84.33909,40.84503],[-84.33843,40.84503],[-84.33775,40.84503],[-84.3371,40.84504],[-84.33646,40.84504],[-84.3358,40.84505],[-84.33515,40.84505],[-84.33459,40.84506],[-84.33447,40.84506],[-84.33406,40.84506],[-84.33348,40.84507],[-84.33271,40.84507],[-84.3321,40.84507],[-84.33149,40.84507],[-84.33106,40.84528],[-84.33088,40.84535],[-84.32945,40.84581],[-84.32866,40.84607],[-84.32751,40.8465],[-84.32767,40.84652],[-84.32805,40.84655],[-84.32809,40.84679],[-84.32809,40.84696],[-84.32807,40.84703],[-84.32794,40.84726],[-84.32786,40.84739],[-84.32785,40.84751],[-84.32786,40.84848],[-84.32788,40.84921],[-84.32948,40.84919],[-84.33081,40.84918],[-84.33105,40.84918],[-84.33119,40.84918],[-84.33161,40.84917],[-84.33211,40.84917],[-84.33321,40.84916],[-84.3332,40.84974],[-84.33322,40.85016],[-84.3332,40.85118],[-84.33319,40.85174],[-84.33319,40.85206],[-84.33473,40.85204],[-84.33512,40.85203],[-84.3354,40.85203],[-84.33586,40.85202],[-84.33719,40.852],[-84.33719,40.85209],[-84.33719,40.85219],[-84.3372,40.8526],[-84.3372,40.85307],[-84.33721,40.85384],[-84.33721,40.85387],[-84.33716,40.85482],[-84.3374,40.85482],[-84.33781,40.85481],[-84.33781,40.85491],[-84.33781,40.85506],[-84.33781,40.85514],[-84.33781,40.85567],[-84.33782,40.85575],[-84.33651,40.85577],[-84.33512,40.85579],[-84.33515,40.85803],[-84.33516,40.85906],[-84.33437,40.85908],[-84.33437,40.85919],[-84.33692,40.85913],[-84.33831,40.85911],[-84.33887,40.85911],[-84.33912,40.85911],[-84.33941,40.85911],[-84.33983,40.85911],[-84.34036,40.8591],[-84.34053,40.8591]]]}},{"type":"Feature","properties":{"GEOID":"39003002AAC","NAME":"DELPHOS 1B","BASENAME":"DELPHOS 1B","VTD":"002AAC","POP100":863,"HU100":338,"AREALAND":"1990391","CENTLAT":"+40.8526799","CENTLON":"-084.3214400"},"geometry":{"type":"Polygon","coordinates":[[[-84.33322,40.85016],[-84.3332,40.84974],[-84.33321,40.84916],[-84.33211,40.84917],[-84.33161,40.84917],[-84.33119,40.84918],[-84.33105,40.84918],[-84.33081,40.84918],[-84.32948,40.84919],[-84.32788,40.84921],[-84.32786,40.84848],[-84.32785,40.84751],[-84.32786,40.84739],[-84.32794,40.84726],[-84.32807,40.84703],[-84.32809,40.84696],[-84.32809,40.84679],[-84.32805,40.84655],[-84.32767,40.84652],[-84.32751,40.8465],[-84.32646,40.84639],[-84.32636,40.84638],[-84.32591,40.84636],[-84.32559,40.84636],[-84.32512,40.84639],[-84.32447,40.84648],[-84.32383,40.84656],[-84.32363,40.84659],[-84.32288,40.84666],[-84.32245,40.8467],[-84.32182,40.84673],[-84.32143,40.84674],[-84.32041,40.84676],[-84.32,40.84676],[-84.31943,40.84678],[-84.31875,40.84679],[-84.31852,40.84679],[-84.31759,40.84682],[-84.31599,40.84684],[-84.31568,40.84684],[-84.3155,40.84684],[-84.31484,40.84685],[-84.31405,40.84686],[-84.31397,40.84686],[-84.31332,40.84687],[-84.31276,40.84688],[-84.31218,40.84688],[-84.31219,40.84732],[-84.3106,40.84735],[-84.30989,40.84738],[-84.31001,40.84797],[-84.31025,40.84842],[-84.31051,40.8487],[-84.31129,40.84956],[-84.31185,40.85009],[-84.31323,40.85141],[-84.31413,40.85227],[-84.31371,40.85227],[-84.31358,40.85227],[-84.31317,40.85228],[-84.31256,40.85227],[-84.31292,40.85259],[-84.31301,40.8526],[-84.31302,40.85389],[-84.31303,40.85576],[-84.31405,40.85577],[-84.31415,40.85577],[-84.31416,40.85628],[-84.31302,40.85628],[-84.31307,40.85943],[-84.31401,40.85941],[-84.31426,40.85941],[-84.31501,40.8594],[-84.32027,40.85934],[-84.31875,40.85793],[-84.3179,40.85714],[-84.3174,40.85667],[-84.3179,40.85667],[-84.31806,40.85667],[-84.31832,40.85666],[-84.31877,40.85666],[-84.31936,40.85717],[-84.31956,40.85734],[-84.31975,40.85751],[-84.32076,40.85751],[-84.32171,40.85751],[-84.32172,40.85767],[-84.32173,40.85823],[-84.32175,40.85921],[-84.32317,40.85922],[-84.32318,40.85941],[-84.32896,40.85934],[-84.32959,40.85933],[-84.32962,40.85933],[-84.32962,40.8593],[-84.3296,40.85907],[-84.32869,40.85908],[-84.32868,40.85883],[-84.32866,40.85811],[-84.32865,40.85798],[-84.32958,40.85797],[-84.32958,40.8577],[-84.32866,40.85771],[-84.32865,40.85716],[-84.32879,40.85716],[-84.32956,40.85717],[-84.32957,40.85724],[-84.33053,40.85722],[-84.33051,40.85717],[-84.33047,40.85711],[-84.33044,40.85707],[-84.33035,40.85692],[-84.32956,40.85695],[-84.32956,40.85684],[-84.32956,40.85674],[-84.32952,40.85531],[-84.32953,40.85425],[-84.32972,40.85404],[-84.3307,40.85291],[-84.33136,40.85215],[-84.33141,40.85197],[-84.33145,40.85189],[-84.33166,40.85122],[-84.3317,40.85106],[-84.3317,40.85104],[-84.33197,40.85104],[-84.33198,40.85122],[-84.33198,40.85208],[-84.33221,40.85208],[-84.33241,40.85207],[-84.33319,40.85206],[-84.33319,40.85174],[-84.3332,40.85118],[-84.33322,40.85016]]]}},{"type":"Feature","properties":{"GEOID":"39003002AAE","NAME":"DELPHOS 2A","BASENAME":"DELPHOS 2A","VTD":"002AAE","POP100":1211,"HU100":556,"AREALAND":"1623738","CENTLAT":"+40.8400334","CENTLON":"-084.3325363"},"geometry":{"type":"Polygon","coordinates":[[[-84.3404,40.84172],[-84.3404,40.84166],[-84.34037,40.8408],[-84.34037,40.84073],[-84.34036,40.8403],[-84.34036,40.83972],[-84.3403,40.83382],[-84.34031,40.83283],[-84.34031,40.83274],[-84.3403,40.83269],[-84.3403,40.83235],[-84.34029,40.83187],[-84.34028,40.83124],[-84.34027,40.83047],[-84.34027,40.83003],[-84.34026,40.8296],[-84.34025,40.82895],[-84.34025,40.82885],[-84.34025,40.82875],[-84.34025,40.82838],[-84.33504,40.82842],[-84.33503,40.82884],[-84.33504,40.82967],[-84.33504,40.83032],[-84.33505,40.83048],[-84.33504,40.8311],[-84.33505,40.83132],[-84.33505,40.83187],[-84.33505,40.83203],[-84.33505,40.83242],[-84.33505,40.83251],[-84.33505,40.83256],[-84.33505,40.83269],[-84.33505,40.83283],[-84.33505,40.83299],[-84.33504,40.83345],[-84.33504,40.8339],[-84.33505,40.83488],[-84.33505,40.83503],[-84.33505,40.83575],[-84.33505,40.83625],[-84.33505,40.8367],[-84.33569,40.83669],[-84.3357,40.8376],[-84.33571,40.83808],[-84.33572,40.8385],[-84.33508,40.83851],[-84.33384,40.83853],[-84.33259,40.83853],[-84.3313,40.83851],[-84.33132,40.83766],[-84.33014,40.83766],[-84.33013,40.83787],[-84.33013,40.83835],[-84.33011,40.83843],[-84.32964,40.83842],[-84.32954,40.8385],[-84.32954,40.83901],[-84.32953,40.8396],[-84.32901,40.83959],[-84.32899,40.84079],[-84.32922,40.84079],[-84.32952,40.84079],[-84.32951,40.84116],[-84.32954,40.84162],[-84.32955,40.84166],[-84.32955,40.84177],[-84.32828,40.84161],[-84.32789,40.84155],[-84.32743,40.84148],[-84.32707,40.8414],[-84.32673,40.84133],[-84.32604,40.84118],[-84.32499,40.84096],[-84.32498,40.84116],[-84.32498,40.8414],[-84.32401,40.84094],[-84.32401,40.84098],[-84.32401,40.8411],[-84.32401,40.84111],[-84.32406,40.84227],[-84.32406,40.84228],[-84.32389,40.84227],[-84.32385,40.8429],[-84.32387,40.84346],[-84.32386,40.84417],[-84.32386,40.84426],[-84.32386,40.84441],[-84.32219,40.84442],[-84.32219,40.84486],[-84.32219,40.84497],[-84.32209,40.84497],[-84.32154,40.84498],[-84.32116,40.84499],[-84.32,40.845],[-84.32,40.84456],[-84.32,40.84423],[-84.31564,40.84427],[-84.31564,40.84503],[-84.31482,40.84504],[-84.31483,40.84532],[-84.31483,40.84586],[-84.31484,40.84685],[-84.3155,40.84684],[-84.31568,40.84684],[-84.31599,40.84684],[-84.31759,40.84682],[-84.31852,40.84679],[-84.31875,40.84679],[-84.31943,40.84678],[-84.32,40.84676],[-84.32041,40.84676],[-84.32143,40.84674],[-84.32182,40.84673],[-84.32245,40.8467],[-84.32288,40.84666],[-84.32363,40.84659],[-84.32383,40.84656],[-84.32447,40.84648],[-84.32512,40.84639],[-84.32559,40.84636],[-84.32591,40.84636],[-84.32636,40.84638],[-84.32646,40.84639],[-84.32751,40.8465],[-84.32866,40.84607],[-84.32945,40.84581],[-84.33088,40.84535],[-84.33106,40.84528],[-84.33149,40.84507],[-84.3321,40.84507],[-84.33271,40.84507],[-84.33348,40.84507],[-84.33406,40.84506],[-84.33447,40.84506],[-84.33459,40.84506],[-84.33515,40.84505],[-84.3358,40.84505],[-84.33646,40.84504],[-84.3371,40.84504],[-84.33775,40.84503],[-84.33843,40.84503],[-84.33909,40.84503],[-84.33973,40.84502],[-84.34011,40.84503],[-84.34029,40.84504],[-84.34038,40.84504],[-84.34038,40.8447],[-84.34039,40.84426],[-84.34039,40.84371],[-84.34039,40.84272],[-84.3404,40.84203],[-84.3404,40.84172]]]}},{"type":"Feature","properties":{"GEOID":"39003002AAG","NAME":"DELPHOS 2B","BASENAME":"DELPHOS 2B","VTD":"002AAG","POP100":663,"HU100":349,"AREALAND":"555982","CENTLAT":"+40.8347049","CENTLON":"-084.3307286"},"geometry":{"type":"Polygon","coordinates":[[[-84.33572,40.8385],[-84.33571,40.83808],[-84.3357,40.8376],[-84.33569,40.83669],[-84.33505,40.8367],[-84.33505,40.83625],[-84.33505,40.83575],[-84.33505,40.83503],[-84.33505,40.83488],[-84.33504,40.8339],[-84.33504,40.83345],[-84.33505,40.83299],[-84.33505,40.83283],[-84.33505,40.83269],[-84.33505,40.83256],[-84.33505,40.83251],[-84.33505,40.83242],[-84.33505,40.83203],[-84.33505,40.83187],[-84.33505,40.83132],[-84.33504,40.8311],[-84.33505,40.83048],[-84.33504,40.83032],[-84.33504,40.82967],[-84.33313,40.82969],[-84.33313,40.83045],[-84.33313,40.83062],[-84.33314,40.83107],[-84.33311,40.83206],[-84.3331,40.83367],[-84.32998,40.83364],[-84.32959,40.83364],[-84.32958,40.83063],[-84.32859,40.83062],[-84.32607,40.8306],[-84.32606,40.83085],[-84.32605,40.83286],[-84.32603,40.83456],[-84.32602,40.83519],[-84.326,40.8377],[-84.32671,40.8377],[-84.32955,40.83769],[-84.32954,40.83834],[-84.32954,40.8385],[-84.32964,40.83842],[-84.33011,40.83843],[-84.33013,40.83835],[-84.33013,40.83787],[-84.33014,40.83766],[-84.33132,40.83766],[-84.3313,40.83851],[-84.33259,40.83853],[-84.33384,40.83853],[-84.33508,40.83851],[-84.33572,40.8385]]]}},{"type":"Feature","properties":{"GEOID":"39003002AAH","NAME":"LIMA 1A","BASENAME":"LIMA 1A","VTD":"002AAH","POP100":3240,"HU100":756,"AREALAND":"4008165","CENTLAT":"+40.7784796","CENTLON":"-084.1034281"},"geometry":{"type":"Polygon","coordinates":[[[-84.11602,40.76992],[-84.11601,40.76912],[-84.11601,40.76869],[-84.11599,40.7679],[-84.11598,40.76787],[-84.11576,40.76737],[-84.11464,40.76613],[-84.11455,40.76603],[-84.11441,40.76586],[-84.11427,40.7656],[-84.11408,40.76515],[-84.11381,40.76456],[-84.11365,40.7642],[-84.11358,40.76403],[-84.11354,40.76384],[-84.11352,40.76364],[-84.11352,40.76286],[-84.11351,40.76233],[-84.1135,40.76196],[-84.11349,40.76103],[-84.11195,40.76104],[-84.1105,40.76107],[-84.11037,40.7611],[-84.10861,40.76114],[-84.10859,40.76056],[-84.10859,40.76016],[-84.10859,40.76003],[-84.10859,40.75907],[-84.10768,40.75908],[-84.10678,40.7591],[-84.10672,40.7591],[-84.10593,40.75912],[-84.10568,40.75912],[-84.10501,40.75913],[-84.10434,40.75915],[-84.1032,40.75918],[-84.10222,40.75922],[-84.10203,40.75923],[-84.10094,40.75928],[-84.10043,40.75932],[-84.10032,40.75976],[-84.10012,40.76064],[-84.09993,40.76064],[-84.09992,40.76073],[-84.0999,40.76089],[-84.09985,40.76125],[-84.09991,40.76165],[-84.09994,40.76179],[-84.09997,40.76208],[-84.10002,40.7624],[-84.10012,40.76271],[-84.10026,40.76304],[-84.10034,40.7632],[-84.10046,40.76338],[-84.10053,40.7635],[-84.1007,40.76372],[-84.10087,40.76391],[-84.10096,40.764],[-84.10147,40.76446],[-84.10156,40.76453],[-84.10166,40.76462],[-84.10201,40.76493],[-84.10261,40.76491],[-84.10324,40.76491],[-84.10504,40.76489],[-84.1069,40.76486],[-84.1086,40.76482],[-84.10866,40.76482],[-84.10868,40.76651],[-84.10869,40.7674],[-84.10868,40.76778],[-84.10868,40.76828],[-84.10869,40.76882],[-84.10869,40.76904],[-84.10861,40.76904],[-84.10861,40.76907],[-84.10861,40.76921],[-84.10862,40.77],[-84.10863,40.77053],[-84.10864,40.77145],[-84.10864,40.77179],[-84.10787,40.7718],[-84.10581,40.77182],[-84.10411,40.77183],[-84.10411,40.77156],[-84.10408,40.77016],[-84.10407,40.76924],[-84.10407,40.76916],[-84.10407,40.76907],[-84.10382,40.76907],[-84.103,40.76908],[-84.10172,40.76908],[-84.1001,40.76911],[-84.10001,40.76912],[-84.09991,40.76914],[-84.09975,40.76918],[-84.09957,40.76926],[-84.09893,40.76969],[-84.09821,40.77027],[-84.09778,40.77075],[-84.09742,40.77123],[-84.09709,40.77178],[-84.09684,40.77236],[-84.09668,40.77297],[-84.09645,40.77385],[-84.09642,40.7739],[-84.09641,40.77391],[-84.09636,40.77412],[-84.09627,40.77438],[-84.09615,40.77481],[-84.09612,40.77489],[-84.09604,40.77504],[-84.09601,40.77516],[-84.09601,40.77525],[-84.096,40.77532],[-84.09598,40.7754],[-84.09594,40.77552],[-84.09589,40.77564],[-84.09585,40.77575],[-84.09583,40.77583],[-84.09581,40.77592],[-84.0958,40.77602],[-84.09579,40.77612],[-84.09574,40.77628],[-84.09566,40.77659],[-84.09563,40.77671],[-84.09556,40.77698],[-84.09552,40.77711],[-84.09546,40.77739],[-84.09543,40.7775],[-84.09542,40.77762],[-84.09542,40.77775],[-84.09539,40.77795],[-84.09532,40.7782],[-84.0953,40.77832],[-84.09524,40.77849],[-84.09514,40.77885],[-84.09268,40.78728],[-84.0924,40.78843],[-84.09198,40.78998],[-84.09248,40.79001],[-84.0924,40.79025],[-84.09291,40.79026],[-84.09426,40.79023],[-84.09426,40.79012],[-84.09427,40.78999],[-84.09427,40.78992],[-84.09428,40.78969],[-84.09429,40.78939],[-84.09429,40.7892],[-84.0943,40.78867],[-84.0943,40.78845],[-84.09471,40.78844],[-84.09522,40.78844],[-84.0957,40.78844],[-84.09659,40.78843],[-84.09737,40.78843],[-84.09764,40.78842],[-84.09965,40.78841],[-84.10006,40.7884],[-84.1005,40.7884],[-84.10053,40.78934],[-84.10052,40.78951],[-84.10002,40.78952],[-84.09909,40.78954],[-84.09909,40.78977],[-84.09909,40.79008],[-84.09908,40.79171],[-84.09907,40.79381],[-84.09853,40.79381],[-84.09639,40.79382],[-84.0944,40.79383],[-84.09428,40.79384],[-84.09428,40.79435],[-84.09425,40.79511],[-84.09424,40.79565],[-84.0943,40.79565],[-84.09514,40.79564],[-84.09863,40.7956],[-84.10268,40.79554],[-84.10886,40.79548],[-84.10885,40.79494],[-84.10884,40.79324],[-84.10883,40.79119],[-84.10881,40.78827],[-84.1088,40.7865],[-84.10877,40.78464],[-84.10875,40.78365],[-84.10875,40.78328],[-84.10875,40.78248],[-84.10874,40.78192],[-84.10874,40.78189],[-84.10874,40.78176],[-84.10874,40.78168],[-84.10874,40.78161],[-84.10873,40.78137],[-84.10873,40.78117],[-84.10872,40.78027],[-84.10872,40.77988],[-84.10872,40.77975],[-84.10872,40.77966],[-84.10872,40.77869],[-84.10872,40.7786],[-84.10872,40.77834],[-84.10871,40.77762],[-84.10871,40.77716],[-84.1087,40.77571],[-84.10869,40.77552],[-84.1087,40.7749],[-84.10873,40.77483],[-84.10873,40.77448],[-84.10873,40.77364],[-84.10872,40.77294],[-84.10872,40.77272],[-84.10872,40.77253],[-84.10872,40.77179],[-84.10871,40.77088],[-84.10871,40.77014],[-84.10961,40.7701],[-84.10972,40.7701],[-84.10974,40.7701],[-84.10975,40.77033],[-84.10975,40.77057],[-84.10976,40.77201],[-84.11004,40.77201],[-84.11033,40.77201],[-84.11049,40.772],[-84.11048,40.77007],[-84.11057,40.77007],[-84.11128,40.77005],[-84.11175,40.77003],[-84.1125,40.77001],[-84.11329,40.76999],[-84.11414,40.76996],[-84.11602,40.76992]],[[-84.09995,40.79437],[-84.09995,40.79492],[-84.09985,40.79493],[-84.09911,40.79493],[-84.09911,40.79451],[-84.09911,40.79438],[-84.09995,40.79437]]]}},{"type":"Feature","properties":{"GEOID":"39003002AAJ","NAME":"LIMA 1B","BASENAME":"LIMA 1B","VTD":"002AAJ","POP100":1540,"HU100":696,"AREALAND":"940874","CENTLAT":"+40.7564535","CENTLON":"-084.1067899"},"geometry":{"type":"Polygon","coordinates":[[[-84.11349,40.76103],[-84.11348,40.76055],[-84.11348,40.76052],[-84.11347,40.76003],[-84.11346,40.75911],[-84.11344,40.75839],[-84.11342,40.75721],[-84.11341,40.75675],[-84.11343,40.75634],[-84.11343,40.75551],[-84.11345,40.75421],[-84.11344,40.75291],[-84.11192,40.75296],[-84.11034,40.75298],[-84.10936,40.75299],[-84.10853,40.753],[-84.10852,40.75242],[-84.10851,40.75144],[-84.1085,40.75093],[-84.10681,40.75095],[-84.10591,40.75094],[-84.1059,40.75146],[-84.10589,40.75185],[-84.10588,40.75214],[-84.10587,40.75242],[-84.10586,40.75308],[-84.10495,40.75308],[-84.10407,40.7531],[-84.10292,40.75313],[-84.10208,40.75314],[-84.10175,40.75314],[-84.10165,40.75314],[-84.10159,40.75313],[-84.10158,40.75312],[-84.10118,40.75314],[-84.10106,40.75437],[-84.10105,40.75445],[-84.10076,40.75605],[-84.1004,40.75742],[-84.09901,40.75745],[-84.09875,40.75745],[-84.09836,40.75746],[-84.09789,40.75746],[-84.09712,40.75748],[-84.09683,40.75749],[-84.09657,40.75751],[-84.09644,40.75754],[-84.09634,40.75758],[-84.09627,40.75765],[-84.09621,40.75778],[-84.09616,40.75799],[-84.09613,40.75818],[-84.0961,40.75843],[-84.09608,40.75853],[-84.09605,40.75879],[-84.09603,40.75898],[-84.096,40.75904],[-84.09599,40.75913],[-84.09598,40.75931],[-84.09617,40.75931],[-84.09713,40.75929],[-84.09736,40.75928],[-84.09904,40.75924],[-84.09985,40.75924],[-84.10045,40.75924],[-84.10043,40.75932],[-84.10094,40.75928],[-84.10203,40.75923],[-84.10222,40.75922],[-84.1032,40.75918],[-84.10434,40.75915],[-84.10501,40.75913],[-84.10568,40.75912],[-84.10593,40.75912],[-84.10672,40.7591],[-84.10678,40.7591],[-84.10768,40.75908],[-84.10859,40.75907],[-84.10859,40.76003],[-84.10859,40.76016],[-84.10859,40.76056],[-84.10861,40.76114],[-84.11037,40.7611],[-84.1105,40.76107],[-84.11195,40.76104],[-84.11349,40.76103]]]}},{"type":"Feature","properties":{"GEOID":"39003002AAK","NAME":"LIMA 1C","BASENAME":"LIMA 1C","VTD":"002AAK","POP100":1511,"HU100":660,"AREALAND":"591212","CENTLAT":"+40.7487794","CENTLON":"-084.1113370"},"geometry":{"type":"Polygon","coordinates":[[[-84.11984,40.7484],[-84.11983,40.74829],[-84.11869,40.74777],[-84.1186,40.74773],[-84.11665,40.74686],[-84.11573,40.7465],[-84.11516,40.74629],[-84.11476,40.74617],[-84.11431,40.74603],[-84.11338,40.74578],[-84.11224,40.74551],[-84.11219,40.7455],[-84.11037,40.74517],[-84.10984,40.74511],[-84.10942,40.74505],[-84.10849,40.74498],[-84.10848,40.74583],[-84.1085,40.7465],[-84.10766,40.7465],[-84.10679,40.74649],[-84.10615,40.74649],[-84.1059,40.74649],[-84.1059,40.74721],[-84.10591,40.74796],[-84.10591,40.74826],[-84.10591,40.74856],[-84.1059,40.74957],[-84.1059,40.74972],[-84.1059,40.75014],[-84.10589,40.75082],[-84.10589,40.75087],[-84.10591,40.75094],[-84.10681,40.75095],[-84.1085,40.75093],[-84.10851,40.75144],[-84.10852,40.75242],[-84.10853,40.753],[-84.10936,40.75299],[-84.11034,40.75298],[-84.11192,40.75296],[-84.11344,40.75291],[-84.11342,40.75234],[-84.11341,40.75096],[-84.11341,40.75088],[-84.11342,40.75005],[-84.1134,40.74916],[-84.11553,40.74911],[-84.11668,40.74907],[-84.11983,40.749],[-84.11984,40.7484]]]}},{"type":"Feature","properties":{"GEOID":"39003002AAO","NAME":"LIMA 2A","BASENAME":"LIMA 2A","VTD":"002AAO","POP100":1938,"HU100":859,"AREALAND":"1560141","CENTLAT":"+40.7711469","CENTLON":"-084.1279933"},"geometry":{"type":"Polygon","coordinates":[[[-84.1378,40.78031],[-84.13774,40.77484],[-84.13745,40.77485],[-84.13689,40.77485],[-84.13471,40.77488],[-84.13146,40.77491],[-84.12964,40.77491],[-84.12874,40.77492],[-84.12875,40.77613],[-84.12876,40.77727],[-84.12876,40.77782],[-84.12852,40.77781],[-84.128,40.77782],[-84.12797,40.77647],[-84.12796,40.77631],[-84.12796,40.77629],[-84.12796,40.77612],[-84.12797,40.77562],[-84.12795,40.77484],[-84.12796,40.77475],[-84.12795,40.77441],[-84.12796,40.77426],[-84.12795,40.77397],[-84.12794,40.77374],[-84.12794,40.77312],[-84.12793,40.77246],[-84.12793,40.77212],[-84.12793,40.77187],[-84.12792,40.77145],[-84.12792,40.77098],[-84.12792,40.77075],[-84.12792,40.77072],[-84.12793,40.77019],[-84.12793,40.76959],[-84.12793,40.7695],[-84.12839,40.76949],[-84.12838,40.76958],[-84.1287,40.76957],[-84.12891,40.76934],[-84.12891,40.76882],[-84.12874,40.76882],[-84.12793,40.76882],[-84.12793,40.76876],[-84.12792,40.76865],[-84.12792,40.76851],[-84.12792,40.76761],[-84.12792,40.76723],[-84.12792,40.76637],[-84.12792,40.76578],[-84.12792,40.76538],[-84.12792,40.76475],[-84.12792,40.76463],[-84.12792,40.76458],[-84.12792,40.76403],[-84.12872,40.76403],[-84.12974,40.76402],[-84.13057,40.76403],[-84.13064,40.76402],[-84.13064,40.76378],[-84.13064,40.76362],[-84.13064,40.76296],[-84.13053,40.76259],[-84.13027,40.76241],[-84.13026,40.76236],[-84.12792,40.76238],[-84.12791,40.76217],[-84.12791,40.76182],[-84.12791,40.76176],[-84.12791,40.76174],[-84.13138,40.7617],[-84.13139,40.76236],[-84.13231,40.76235],[-84.13276,40.76235],[-84.13276,40.76009],[-84.13225,40.7601],[-84.12958,40.76011],[-84.12788,40.76011],[-84.1215,40.76031],[-84.12152,40.76161],[-84.12072,40.76165],[-84.12092,40.76227],[-84.12101,40.7642],[-84.12103,40.76447],[-84.12318,40.76452],[-84.12329,40.76612],[-84.12351,40.76612],[-84.12368,40.76926],[-84.12189,40.76932],[-84.1219,40.76975],[-84.12193,40.77067],[-84.12196,40.77182],[-84.12193,40.77346],[-84.12318,40.77341],[-84.12329,40.77895],[-84.12365,40.77895],[-84.12731,40.77896],[-84.12802,40.77895],[-84.12802,40.77933],[-84.12801,40.77942],[-84.12802,40.78039],[-84.1296,40.78038],[-84.12976,40.78037],[-84.13217,40.78036],[-84.13522,40.78034],[-84.13684,40.78032],[-84.13756,40.78031],[-84.1378,40.78031]]]}},{"type":"Feature","properties":{"GEOID":"39003002AAP","NAME":"LIMA 2B","BASENAME":"LIMA 2B","VTD":"002AAP","POP100":1689,"HU100":859,"AREALAND":"1106602","CENTLAT":"+40.7626276","CENTLON":"-084.1187167"},"geometry":{"type":"Polygon","coordinates":[[[-84.12788,40.75934],[-84.1279,40.75877],[-84.12707,40.75879],[-84.12652,40.75881],[-84.1259,40.75882],[-84.12562,40.75883],[-84.12306,40.75889],[-84.12305,40.75838],[-84.12304,40.75702],[-84.12283,40.75702],[-84.12242,40.75703],[-84.12138,40.75705],[-84.12121,40.75706],[-84.12119,40.75621],[-84.11948,40.75623],[-84.11824,40.75626],[-84.11762,40.75627],[-84.11675,40.75629],[-84.11343,40.75634],[-84.11341,40.75675],[-84.11342,40.75721],[-84.11344,40.75839],[-84.11346,40.75911],[-84.11347,40.76003],[-84.11348,40.76052],[-84.11348,40.76055],[-84.11349,40.76103],[-84.1135,40.76196],[-84.11351,40.76233],[-84.11352,40.76286],[-84.11352,40.76364],[-84.11354,40.76384],[-84.11358,40.76403],[-84.11365,40.7642],[-84.11381,40.76456],[-84.11408,40.76515],[-84.11427,40.7656],[-84.11441,40.76586],[-84.11455,40.76603],[-84.11464,40.76613],[-84.11576,40.76737],[-84.11598,40.76787],[-84.11599,40.7679],[-84.11601,40.76869],[-84.11601,40.76912],[-84.11602,40.76992],[-84.11672,40.7699],[-84.11769,40.76987],[-84.12065,40.76979],[-84.1215,40.76977],[-84.1219,40.76975],[-84.12189,40.76932],[-84.12368,40.76926],[-84.12351,40.76612],[-84.12329,40.76612],[-84.12318,40.76452],[-84.12103,40.76447],[-84.12101,40.7642],[-84.12092,40.76227],[-84.12072,40.76165],[-84.12152,40.76161],[-84.1215,40.76031],[-84.12788,40.76011],[-84.12788,40.75992],[-84.12788,40.75934]]]}},{"type":"Feature","properties":{"GEOID":"39003002AAQ","NAME":"LIMA 2C","BASENAME":"LIMA 2C","VTD":"002AAQ","POP100":1698,"HU100":707,"AREALAND":"702638","CENTLAT":"+40.7526248","CENTLON":"-084.1186099"},"geometry":{"type":"Polygon","coordinates":[[[-84.1266,40.75165],[-84.12664,40.75161],[-84.12571,40.75118],[-84.12427,40.75049],[-84.12414,40.75043],[-84.12412,40.75028],[-84.1241,40.75005],[-84.12286,40.74949],[-84.12225,40.74922],[-84.12056,40.74843],[-84.11984,40.74811],[-84.11983,40.74829],[-84.11984,40.7484],[-84.11983,40.749],[-84.11668,40.74907],[-84.11553,40.74911],[-84.1134,40.74916],[-84.11342,40.75005],[-84.11341,40.75088],[-84.11341,40.75096],[-84.11342,40.75234],[-84.11344,40.75291],[-84.11345,40.75421],[-84.11343,40.75551],[-84.11343,40.75634],[-84.11675,40.75629],[-84.11762,40.75627],[-84.11824,40.75626],[-84.11948,40.75623],[-84.12119,40.75621],[-84.12121,40.75706],[-84.12138,40.75705],[-84.12242,40.75703],[-84.12283,40.75702],[-84.12304,40.75702],[-84.12304,40.75581],[-84.12305,40.75499],[-84.12305,40.75416],[-84.12301,40.7533],[-84.12301,40.75306],[-84.123,40.75285],[-84.12298,40.75243],[-84.12299,40.75217],[-84.12298,40.75171],[-84.12298,40.75163],[-84.1238,40.75162],[-84.12437,40.75161],[-84.12474,40.7516],[-84.12486,40.7516],[-84.12542,40.75158],[-84.1257,40.75158],[-84.12582,40.75157],[-84.12583,40.75196],[-84.12636,40.75196],[-84.1266,40.75165]]]}},{"type":"Feature","properties":{"GEOID":"39003002AAW","NAME":"LIMA 3A","BASENAME":"LIMA 3A","VTD":"002AAW","POP100":1695,"HU100":717,"AREALAND":"854823","CENTLAT":"+40.7419524","CENTLON":"-084.1191612"},"geometry":{"type":"Polygon","coordinates":[[[-84.12452,40.74001],[-84.12452,40.73937],[-84.12452,40.73868],[-84.12451,40.73798],[-84.12451,40.73796],[-84.1245,40.73725],[-84.12403,40.73726],[-84.12364,40.73726],[-84.12326,40.73727],[-84.12267,40.73727],[-84.12232,40.73728],[-84.12155,40.73729],[-84.12085,40.7373],[-84.12086,40.736],[-84.11992,40.73601],[-84.11913,40.73601],[-84.11836,40.73602],[-84.1166,40.73604],[-84.11661,40.73734],[-84.11661,40.73797],[-84.1166,40.73863],[-84.11659,40.73935],[-84.11658,40.73957],[-84.11657,40.74],[-84.11657,40.74135],[-84.11547,40.74135],[-84.11475,40.74136],[-84.11333,40.74136],[-84.11336,40.74267],[-84.11336,40.74273],[-84.11338,40.74402],[-84.11338,40.74461],[-84.11338,40.7451],[-84.11338,40.74578],[-84.11431,40.74603],[-84.11476,40.74617],[-84.11516,40.74629],[-84.11573,40.7465],[-84.11665,40.74686],[-84.1186,40.74773],[-84.11869,40.74777],[-84.11983,40.74829],[-84.11984,40.74811],[-84.12056,40.74843],[-84.12056,40.74818],[-84.12056,40.74746],[-84.12057,40.74715],[-84.12058,40.74613],[-84.12153,40.74614],[-84.12186,40.74613],[-84.12281,40.74613],[-84.1228,40.74507],[-84.12279,40.74422],[-84.12278,40.7441],[-84.12276,40.74404],[-84.12277,40.74319],[-84.12276,40.74278],[-84.12275,40.74237],[-84.12327,40.74235],[-84.12339,40.74235],[-84.12347,40.74234],[-84.12362,40.74237],[-84.12449,40.74261],[-84.1245,40.74219],[-84.12451,40.74177],[-84.12451,40.74146],[-84.12452,40.74143],[-84.12452,40.7414],[-84.12452,40.74074],[-84.12452,40.74008],[-84.12452,40.74001]]]}},{"type":"Feature","properties":{"GEOID":"39003002AAX","NAME":"LIMA 3B","BASENAME":"LIMA 3B","VTD":"002AAX","POP100":1402,"HU100":898,"AREALAND":"1308122","CENTLAT":"+40.7419420","CENTLON":"-084.1084200"},"geometry":{"type":"Polygon","coordinates":[[[-84.11661,40.73797],[-84.11661,40.73734],[-84.1166,40.73604],[-84.11542,40.73605],[-84.11495,40.73606],[-84.11419,40.73606],[-84.1134,40.73606],[-84.11187,40.73608],[-84.11114,40.73608],[-84.11038,40.73609],[-84.11037,40.73481],[-84.10992,40.73513],[-84.10968,40.7353],[-84.10941,40.73547],[-84.10896,40.73566],[-84.10871,40.73575],[-84.10852,40.73581],[-84.10819,40.7359],[-84.1078,40.73598],[-84.10751,40.73598],[-84.1072,40.73599],[-84.10683,40.73601],[-84.10682,40.7357],[-84.10658,40.73577],[-84.10655,40.73578],[-84.10649,40.73578],[-84.10641,40.73579],[-84.10635,40.73581],[-84.10626,40.73582],[-84.10622,40.73583],[-84.10614,40.73588],[-84.10596,40.73595],[-84.10588,40.73598],[-84.10585,40.736],[-84.10582,40.73604],[-84.10579,40.73606],[-84.10573,40.73608],[-84.1057,40.73609],[-84.10565,40.73608],[-84.10563,40.73608],[-84.10561,40.73608],[-84.10558,40.73611],[-84.10554,40.73612],[-84.10548,40.73613],[-84.10538,40.73617],[-84.10534,40.7362],[-84.1053,40.73621],[-84.10525,40.73624],[-84.10521,40.73627],[-84.10516,40.7363],[-84.105,40.73637],[-84.10486,40.73636],[-84.10474,40.73635],[-84.1046,40.73636],[-84.10455,40.73637],[-84.10441,40.73638],[-84.10426,40.73637],[-84.10413,40.73636],[-84.10408,40.73635],[-84.10402,40.73632],[-84.10396,40.73631],[-84.10391,40.7363],[-84.10384,40.7363],[-84.10378,40.73629],[-84.10375,40.73628],[-84.10372,40.73628],[-84.10364,40.73629],[-84.1036,40.73629],[-84.10357,40.73628],[-84.10346,40.73629],[-84.10339,40.73627],[-84.10332,40.73627],[-84.10328,40.73628],[-84.10323,40.73629],[-84.10311,40.73629],[-84.10305,40.73629],[-84.10299,40.73631],[-84.10293,40.73634],[-84.10289,40.73634],[-84.10283,40.73634],[-84.10276,40.73634],[-84.10268,40.73636],[-84.1026,40.73638],[-84.10251,40.73641],[-84.10245,40.73642],[-84.10241,40.73642],[-84.10238,40.73643],[-84.10236,40.73646],[-84.10231,40.7365],[-84.10228,40.73653],[-84.10224,40.73656],[-84.10218,40.73657],[-84.10219,40.73728],[-84.10317,40.73728],[-84.10317,40.73826],[-84.10318,40.73862],[-84.10315,40.73993],[-84.10315,40.74002],[-84.10315,40.7406],[-84.10315,40.74077],[-84.10316,40.74136],[-84.10315,40.74202],[-84.10314,40.74265],[-84.10314,40.74272],[-84.10316,40.74402],[-84.10317,40.74495],[-84.10317,40.74501],[-84.10315,40.74574],[-84.10315,40.74611],[-84.10316,40.74648],[-84.10317,40.74749],[-84.10316,40.74814],[-84.10316,40.74877],[-84.10316,40.74886],[-84.10315,40.74959],[-84.10316,40.75029],[-84.10316,40.7507],[-84.10316,40.75094],[-84.10319,40.75141],[-84.10318,40.75161],[-84.10318,40.75169],[-84.10318,40.75184],[-84.10317,40.75194],[-84.10315,40.75202],[-84.10309,40.75206],[-84.103,40.75208],[-84.10233,40.75208],[-84.1015,40.7521],[-84.1015,40.753],[-84.10153,40.75306],[-84.10154,40.7531],[-84.10156,40.75311],[-84.10158,40.75312],[-84.10159,40.75313],[-84.10165,40.75314],[-84.10175,40.75314],[-84.10208,40.75314],[-84.10292,40.75313],[-84.10407,40.7531],[-84.10495,40.75308],[-84.10586,40.75308],[-84.10587,40.75242],[-84.10588,40.75214],[-84.10589,40.75185],[-84.1059,40.75146],[-84.10591,40.75094],[-84.10589,40.75087],[-84.10589,40.75082],[-84.1059,40.75014],[-84.1059,40.74972],[-84.1059,40.74957],[-84.10591,40.74856],[-84.10591,40.74826],[-84.10591,40.74796],[-84.1059,40.74721],[-84.1059,40.74649],[-84.10615,40.74649],[-84.10679,40.74649],[-84.10766,40.7465],[-84.1085,40.7465],[-84.10848,40.74583],[-84.10849,40.74498],[-84.10942,40.74505],[-84.10984,40.74511],[-84.11037,40.74517],[-84.11219,40.7455],[-84.11224,40.74551],[-84.11338,40.74578],[-84.11338,40.7451],[-84.11338,40.74461],[-84.11338,40.74402],[-84.11336,40.74273],[-84.11336,40.74267],[-84.11333,40.74136],[-84.11475,40.74136],[-84.11547,40.74135],[-84.11657,40.74135],[-84.11657,40.74],[-84.11658,40.73957],[-84.11659,40.73935],[-84.1166,40.73863],[-84.11661,40.73797]]]}},{"type":"Feature","properties":{"GEOID":"39003002AAY","NAME":"LIMA 3C","BASENAME":"LIMA 3C","VTD":"002AAY","POP100":1511,"HU100":710,"AREALAND":"3008516","CENTLAT":"+40.7457150","CENTLON":"-084.0929176"},"geometry":{"type":"Polygon","coordinates":[[[-84.10318,40.75161],[-84.10319,40.75141],[-84.10316,40.75094],[-84.10316,40.7507],[-84.10316,40.75029],[-84.10315,40.74959],[-84.10316,40.74886],[-84.10316,40.74877],[-84.10316,40.74814],[-84.10317,40.74749],[-84.10316,40.74648],[-84.10315,40.74611],[-84.10315,40.74574],[-84.10317,40.74501],[-84.10317,40.74495],[-84.10316,40.74402],[-84.10314,40.74272],[-84.10314,40.74265],[-84.10315,40.74202],[-84.10316,40.74136],[-84.10315,40.74077],[-84.10315,40.7406],[-84.10315,40.74002],[-84.10315,40.73993],[-84.10318,40.73862],[-84.10317,40.73826],[-84.10317,40.73728],[-84.10219,40.73728],[-84.10103,40.73728],[-84.10018,40.73728],[-84.0999,40.73729],[-84.09937,40.73728],[-84.09903,40.73728],[-84.09887,40.73728],[-84.09872,40.7373],[-84.09847,40.73734],[-84.09819,40.73741],[-84.09776,40.7375],[-84.09738,40.73758],[-84.09708,40.73764],[-84.09691,40.73766],[-84.09676,40.73767],[-84.09664,40.73767],[-84.0964,40.73767],[-84.0958,40.73769],[-84.09491,40.73769],[-84.09467,40.73769],[-84.09405,40.73767],[-84.09338,40.73768],[-84.09269,40.73767],[-84.09201,40.73768],[-84.09107,40.7377],[-84.09096,40.7377],[-84.09071,40.7377],[-84.09006,40.73771],[-84.08949,40.73773],[-84.08898,40.73775],[-84.08771,40.73777],[-84.08767,40.73777],[-84.08699,40.73776],[-84.08616,40.73776],[-84.08547,40.73777],[-84.08467,40.73778],[-84.083,40.73783],[-84.08223,40.73785],[-84.08145,40.73786],[-84.08021,40.73789],[-84.07988,40.7379],[-84.07991,40.74027],[-84.0799,40.74152],[-84.0799,40.74165],[-84.07989,40.74231],[-84.0798,40.74466],[-84.07979,40.7449],[-84.07979,40.74509],[-84.0785,40.74512],[-84.07849,40.74491],[-84.07849,40.74483],[-84.07849,40.74463],[-84.07846,40.7432],[-84.0781,40.74312],[-84.07804,40.74308],[-84.07795,40.74299],[-84.07795,40.74265],[-84.07794,40.74238],[-84.07793,40.74238],[-84.07787,40.74238],[-84.07785,40.74238],[-84.07786,40.74287],[-84.07766,40.74288],[-84.07766,40.74312],[-84.07766,40.74515],[-84.07755,40.74515],[-84.07626,40.7452],[-84.07598,40.74521],[-84.07597,40.74564],[-84.07596,40.74636],[-84.07641,40.74633],[-84.07656,40.74631],[-84.07972,40.74613],[-84.07991,40.74612],[-84.07991,40.74623],[-84.07991,40.74634],[-84.08116,40.7463],[-84.0815,40.7463],[-84.08249,40.74622],[-84.08358,40.74614],[-84.08447,40.74608],[-84.08461,40.74811],[-84.08465,40.74879],[-84.08467,40.74909],[-84.08472,40.74909],[-84.08505,40.74908],[-84.0856,40.74907],[-84.08624,40.74906],[-84.08636,40.74907],[-84.08727,40.7491],[-84.08754,40.74911],[-84.08851,40.74915],[-84.08852,40.75091],[-84.08853,40.75351],[-84.08925,40.7534],[-84.08946,40.75339],[-84.0907,40.7532],[-84.09189,40.75302],[-84.09309,40.75284],[-84.09425,40.7527],[-84.09426,40.7529],[-84.09427,40.75317],[-84.09425,40.75397],[-84.09425,40.75452],[-84.09424,40.75547],[-84.09424,40.75584],[-84.09425,40.75629],[-84.09426,40.75664],[-84.09426,40.75666],[-84.09426,40.75726],[-84.09424,40.75756],[-84.09421,40.75799],[-84.0943,40.75843],[-84.09427,40.75914],[-84.09429,40.75928],[-84.09429,40.75932],[-84.09429,40.75935],[-84.09277,40.75939],[-84.09206,40.75941],[-84.09183,40.75941],[-84.09177,40.75944],[-84.09168,40.75949],[-84.09145,40.75961],[-84.09136,40.75965],[-84.09131,40.75968],[-84.09095,40.75986],[-84.09059,40.76004],[-84.09018,40.76025],[-84.08978,40.76046],[-84.08952,40.76059],[-84.08952,40.7606],[-84.08952,40.76065],[-84.08954,40.76109],[-84.09235,40.75995],[-84.09305,40.75971],[-84.09319,40.75965],[-84.09342,40.75957],[-84.09355,40.75952],[-84.09367,40.75949],[-84.09375,40.75946],[-84.09384,40.75943],[-84.09423,40.75942],[-84.0943,40.75942],[-84.09432,40.75942],[-84.09432,40.75935],[-84.0944,40.75935],[-84.0945,40.75935],[-84.09466,40.75935],[-84.09562,40.75932],[-84.09583,40.75931],[-84.09598,40.75931],[-84.09599,40.75913],[-84.096,40.75904],[-84.09603,40.75898],[-84.09605,40.75879],[-84.09608,40.75853],[-84.0961,40.75843],[-84.09613,40.75818],[-84.09616,40.75799],[-84.09621,40.75778],[-84.09627,40.75765],[-84.09634,40.75758],[-84.09644,40.75754],[-84.09657,40.75751],[-84.09683,40.75749],[-84.09712,40.75748],[-84.09789,40.75746],[-84.09836,40.75746],[-84.09875,40.75745],[-84.09901,40.75745],[-84.1004,40.75742],[-84.10076,40.75605],[-84.10105,40.75445],[-84.10106,40.75437],[-84.10118,40.75314],[-84.10158,40.75312],[-84.10156,40.75311],[-84.10154,40.7531],[-84.10153,40.75306],[-84.1015,40.753],[-84.1015,40.7521],[-84.10233,40.75208],[-84.103,40.75208],[-84.10309,40.75206],[-84.10315,40.75202],[-84.10317,40.75194],[-84.10318,40.75184],[-84.10318,40.75169],[-84.10318,40.75161]]]}},{"type":"Feature","properties":{"GEOID":"39003002ABE","NAME":"LIMA 4A","BASENAME":"LIMA 4A","VTD":"002ABE","POP100":1157,"HU100":540,"AREALAND":"843371","CENTLAT":"+40.7392893","CENTLON":"-084.1446204"},"geometry":{"type":"Polygon","coordinates":[[[-84.15653,40.73994],[-84.15653,40.73938],[-84.15653,40.73917],[-84.15581,40.73917],[-84.15581,40.73953],[-84.15542,40.73954],[-84.15527,40.73951],[-84.15527,40.73885],[-84.15525,40.7379],[-84.15525,40.73721],[-84.15525,40.73706],[-84.15332,40.73706],[-84.15272,40.73706],[-84.15224,40.73706],[-84.15119,40.73706],[-84.14947,40.73707],[-84.14921,40.73707],[-84.14916,40.73707],[-84.14829,40.73708],[-84.148,40.73708],[-84.1478,40.73708],[-84.14773,40.73709],[-84.14678,40.7371],[-84.14588,40.7371],[-84.14576,40.7371],[-84.14443,40.73711],[-84.14444,40.73698],[-84.14445,40.73602],[-84.14445,40.73597],[-84.14411,40.73597],[-84.14322,40.73599],[-84.14291,40.73599],[-84.14197,40.73599],[-84.13889,40.73601],[-84.1372,40.73602],[-84.13721,40.73673],[-84.13721,40.73714],[-84.13727,40.73869],[-84.13726,40.73936],[-84.13724,40.74001],[-84.13724,40.74012],[-84.13723,40.74131],[-84.13723,40.74153],[-84.13725,40.74265],[-84.13734,40.74272],[-84.13741,40.74279],[-84.13748,40.74285],[-84.13758,40.74288],[-84.13769,40.7429],[-84.13899,40.74289],[-84.13913,40.74288],[-84.13932,40.74288],[-84.13958,40.74289],[-84.14052,40.74294],[-84.14241,40.74278],[-84.14255,40.74235],[-84.14273,40.74271],[-84.14299,40.74295],[-84.14324,40.74293],[-84.14408,40.74296],[-84.14418,40.74296],[-84.14484,40.74295],[-84.14534,40.74295],[-84.14542,40.74295],[-84.1455,40.74296],[-84.14559,40.74299],[-84.14584,40.74312],[-84.14601,40.74304],[-84.14607,40.743],[-84.14618,40.74297],[-84.14624,40.74295],[-84.14633,40.74293],[-84.14643,40.74292],[-84.14651,40.74292],[-84.14656,40.74292],[-84.14666,40.74293],[-84.14672,40.74295],[-84.14686,40.74297],[-84.14685,40.74258],[-84.14685,40.74198],[-84.14685,40.74132],[-84.14685,40.74104],[-84.14685,40.74072],[-84.14685,40.74012],[-84.14778,40.74013],[-84.14818,40.74013],[-84.14872,40.74012],[-84.15087,40.74009],[-84.15286,40.74008],[-84.15311,40.74008],[-84.15459,40.74006],[-84.15485,40.74006],[-84.15528,40.74005],[-84.15527,40.73995],[-84.15621,40.73994],[-84.15653,40.73994]]]}},{"type":"Feature","properties":{"GEOID":"39003002ABF","NAME":"LIMA 4B","BASENAME":"LIMA 4B","VTD":"002ABF","POP100":1360,"HU100":683,"AREALAND":"718833","CENTLAT":"+40.7397580","CENTLON":"-084.1311134"},"geometry":{"type":"Polygon","coordinates":[[[-84.13726,40.73936],[-84.13727,40.73869],[-84.13721,40.73714],[-84.13721,40.73673],[-84.1372,40.73602],[-84.13565,40.73603],[-84.13408,40.73603],[-84.13246,40.73603],[-84.13251,40.73719],[-84.1309,40.73719],[-84.12927,40.7372],[-84.12758,40.73722],[-84.12603,40.73723],[-84.1245,40.73725],[-84.12451,40.73796],[-84.12451,40.73798],[-84.12452,40.73868],[-84.12452,40.73937],[-84.12452,40.74001],[-84.12452,40.74008],[-84.12452,40.74074],[-84.12452,40.7414],[-84.12452,40.74143],[-84.12451,40.74146],[-84.12451,40.74177],[-84.1245,40.74219],[-84.12449,40.74261],[-84.12516,40.74277],[-84.1252,40.74278],[-84.12591,40.74295],[-84.12644,40.74309],[-84.12769,40.74341],[-84.12768,40.7429],[-84.12768,40.74275],[-84.12849,40.74275],[-84.12932,40.74275],[-84.13097,40.74275],[-84.13261,40.74276],[-84.13574,40.74265],[-84.13725,40.74265],[-84.13723,40.74153],[-84.13723,40.74131],[-84.13724,40.74012],[-84.13724,40.74001],[-84.13726,40.73936]]]}},{"type":"Feature","properties":{"GEOID":"39003002ABH","NAME":"LIMA 4C","BASENAME":"LIMA 4C","VTD":"002ABH","POP100":1117,"HU100":522,"AREALAND":"940662","CENTLAT":"+40.7302980","CENTLON":"-084.1514901"},"geometry":{"type":"Polygon","coordinates":[[[-84.16117,40.73015],[-84.16117,40.72601],[-84.16035,40.72603],[-84.1523,40.72629],[-84.15106,40.72634],[-84.15107,40.7272],[-84.15108,40.7276],[-84.14887,40.72763],[-84.14886,40.72773],[-84.14885,40.72796],[-84.14883,40.72817],[-84.14813,40.72812],[-84.14744,40.72807],[-84.14708,40.72805],[-84.14688,40.72807],[-84.14674,40.72798],[-84.14622,40.72838],[-84.14596,40.72859],[-84.14574,40.72875],[-84.14513,40.72921],[-84.14423,40.72989],[-84.14407,40.72999],[-84.14401,40.73002],[-84.14392,40.73008],[-84.14367,40.7302],[-84.14342,40.73029],[-84.14324,40.73034],[-84.14296,40.73039],[-84.14296,40.73137],[-84.14297,40.7316],[-84.14298,40.73208],[-84.14299,40.73273],[-84.143,40.73379],[-84.14321,40.7338],[-84.14445,40.73382],[-84.14445,40.73488],[-84.14445,40.73597],[-84.14445,40.73602],[-84.14444,40.73698],[-84.14443,40.73711],[-84.14576,40.7371],[-84.14588,40.7371],[-84.14678,40.7371],[-84.14678,40.73645],[-84.14679,40.73613],[-84.14679,40.73605],[-84.14679,40.73597],[-84.14677,40.73485],[-84.14678,40.73376],[-84.14678,40.73279],[-84.14971,40.73275],[-84.1497,40.73374],[-84.15021,40.73374],[-84.15123,40.73372],[-84.15219,40.73372],[-84.15229,40.73373],[-84.15228,40.73271],[-84.15272,40.7327],[-84.15306,40.7327],[-84.15306,40.73333],[-84.15306,40.73373],[-84.15326,40.73373],[-84.15371,40.73372],[-84.15435,40.73371],[-84.15434,40.73343],[-84.15438,40.73278],[-84.15439,40.73267],[-84.15555,40.73266],[-84.15573,40.73265],[-84.15571,40.73025],[-84.15532,40.73025],[-84.15503,40.73025],[-84.15503,40.73013],[-84.15503,40.72953],[-84.15503,40.72952],[-84.15476,40.72951],[-84.15475,40.72913],[-84.15622,40.72911],[-84.15622,40.72925],[-84.15623,40.72975],[-84.15623,40.72989],[-84.15623,40.73017],[-84.15623,40.73025],[-84.15625,40.73025],[-84.15641,40.73023],[-84.15652,40.73022],[-84.15715,40.73015],[-84.16101,40.73015],[-84.16117,40.73015]]]}},{"type":"Feature","properties":{"GEOID":"39003002ABI","NAME":"LIMA 4D","BASENAME":"LIMA 4D","VTD":"002ABI","POP100":1441,"HU100":614,"AREALAND":"902675","CENTLAT":"+40.7334072","CENTLON":"-084.1353255"},"geometry":{"type":"Polygon","coordinates":[[[-84.14445,40.73488],[-84.14445,40.73382],[-84.14321,40.7338],[-84.143,40.73379],[-84.14299,40.73273],[-84.14298,40.73208],[-84.14297,40.7316],[-84.14296,40.73137],[-84.14296,40.73039],[-84.14291,40.7304],[-84.14275,40.73041],[-84.14239,40.73042],[-84.14096,40.73041],[-84.14091,40.72981],[-84.1413,40.72978],[-84.1413,40.7297],[-84.14217,40.7297],[-84.14216,40.72919],[-84.14207,40.7292],[-84.14139,40.72919],[-84.14051,40.72918],[-84.14023,40.72918],[-84.14011,40.72918],[-84.1401,40.72996],[-84.14011,40.7304],[-84.13938,40.73041],[-84.13866,40.73041],[-84.13858,40.73041],[-84.13852,40.73041],[-84.1378,40.73042],[-84.13712,40.73042],[-84.13615,40.73042],[-84.13564,40.73042],[-84.13406,40.73041],[-84.1325,40.73041],[-84.13087,40.73041],[-84.12753,40.73038],[-84.12752,40.73172],[-84.12752,40.73184],[-84.1275,40.73205],[-84.1275,40.73218],[-84.12751,40.73225],[-84.12753,40.73236],[-84.12759,40.73251],[-84.1277,40.73258],[-84.12778,40.73272],[-84.12777,40.73283],[-84.12774,40.73288],[-84.12771,40.73293],[-84.12766,40.73301],[-84.12763,40.73308],[-84.12759,40.73316],[-84.12757,40.73323],[-84.12755,40.73388],[-84.12758,40.73553],[-84.12758,40.73722],[-84.12927,40.7372],[-84.1309,40.73719],[-84.13251,40.73719],[-84.13246,40.73603],[-84.13408,40.73603],[-84.13565,40.73603],[-84.1372,40.73602],[-84.13889,40.73601],[-84.14197,40.73599],[-84.14291,40.73599],[-84.14322,40.73599],[-84.14411,40.73597],[-84.14445,40.73597],[-84.14445,40.73488]]]}},{"type":"Feature","properties":{"GEOID":"39003002ABP","NAME":"LIMA 5A","BASENAME":"LIMA 5A","VTD":"002ABP","POP100":1113,"HU100":510,"AREALAND":"628800","CENTLAT":"+40.7339304","CENTLON":"-084.0973934"},"geometry":{"type":"Polygon","coordinates":[[[-84.1022,40.73151],[-84.10221,40.73029],[-84.10137,40.73031],[-84.10101,40.73032],[-84.10046,40.73033],[-84.09899,40.73035],[-84.09815,40.73035],[-84.09731,40.73036],[-84.09705,40.73036],[-84.09652,40.73037],[-84.09585,40.73038],[-84.09495,40.73039],[-84.09405,40.73041],[-84.09336,40.73043],[-84.09269,40.73045],[-84.09269,40.73103],[-84.09269,40.73275],[-84.09269,40.73499],[-84.0927,40.73636],[-84.0927,40.73709],[-84.09269,40.73767],[-84.09338,40.73768],[-84.09405,40.73767],[-84.09467,40.73769],[-84.09491,40.73769],[-84.0958,40.73769],[-84.0964,40.73767],[-84.09664,40.73767],[-84.09676,40.73767],[-84.09691,40.73766],[-84.09708,40.73764],[-84.09738,40.73758],[-84.09776,40.7375],[-84.09819,40.73741],[-84.09847,40.73734],[-84.09872,40.7373],[-84.09887,40.73728],[-84.09903,40.73728],[-84.09937,40.73728],[-84.0999,40.73729],[-84.10018,40.73728],[-84.10103,40.73728],[-84.10219,40.73728],[-84.10218,40.73657],[-84.10218,40.73624],[-84.1022,40.73549],[-84.10219,40.73532],[-84.10219,40.73484],[-84.10219,40.73428],[-84.10219,40.73395],[-84.1022,40.7331],[-84.1022,40.73151]]]}},{"type":"Feature","properties":{"GEOID":"39003002ABQ","NAME":"LIMA 5B","BASENAME":"LIMA 5B","VTD":"002ABQ","POP100":1145,"HU100":504,"AREALAND":"781579","CENTLAT":"+40.7259960","CENTLON":"-084.0973753"},"geometry":{"type":"Polygon","coordinates":[[[-84.10226,40.72316],[-84.10227,40.72173],[-84.10156,40.72174],[-84.10087,40.72174],[-84.10018,40.72175],[-84.09948,40.72175],[-84.09879,40.72176],[-84.09716,40.72178],[-84.09645,40.72177],[-84.09638,40.72176],[-84.09495,40.72176],[-84.09376,40.72175],[-84.09352,40.72175],[-84.09209,40.72177],[-84.09209,40.72227],[-84.09208,40.72268],[-84.09208,40.72314],[-84.09209,40.72342],[-84.09206,40.72407],[-84.09232,40.72407],[-84.09274,40.72407],[-84.09274,40.72483],[-84.09273,40.72555],[-84.09274,40.72654],[-84.09274,40.72736],[-84.09269,40.72835],[-84.0927,40.72887],[-84.09271,40.72938],[-84.0927,40.72991],[-84.09269,40.73045],[-84.09336,40.73043],[-84.09405,40.73041],[-84.09495,40.73039],[-84.09585,40.73038],[-84.09652,40.73037],[-84.09705,40.73036],[-84.09731,40.73036],[-84.09815,40.73035],[-84.09899,40.73035],[-84.10046,40.73033],[-84.10101,40.73032],[-84.10137,40.73031],[-84.10221,40.73029],[-84.10222,40.72985],[-84.10222,40.72978],[-84.10223,40.72957],[-84.10223,40.72946],[-84.10222,40.72937],[-84.10221,40.72932],[-84.10219,40.72928],[-84.10191,40.72888],[-84.10224,40.72817],[-84.10226,40.72643],[-84.10226,40.72522],[-84.10226,40.72476],[-84.10226,40.72413],[-84.10226,40.72403],[-84.10226,40.72316]]]}},{"type":"Feature","properties":{"GEOID":"39003002ABR","NAME":"LIMA 5C","BASENAME":"LIMA 5C","VTD":"002ABR","POP100":1090,"HU100":537,"AREALAND":"812054","CENTLAT":"+40.7199767","CENTLON":"-084.0920396"},"geometry":{"type":"Polygon","coordinates":[[[-84.10227,40.72125],[-84.10228,40.71877],[-84.10159,40.71877],[-84.10089,40.71877],[-84.09949,40.71877],[-84.09796,40.71878],[-84.09586,40.71879],[-84.09516,40.71879],[-84.09448,40.7178],[-84.09383,40.7168],[-84.09359,40.71645],[-84.09355,40.71639],[-84.09346,40.71625],[-84.09293,40.71626],[-84.09097,40.71627],[-84.09049,40.71627],[-84.08951,40.71628],[-84.08951,40.71631],[-84.08933,40.71631],[-84.0891,40.71631],[-84.08892,40.71632],[-84.08777,40.71633],[-84.08735,40.71633],[-84.08699,40.71633],[-84.0866,40.71633],[-84.08522,40.71633],[-84.08522,40.71635],[-84.0851,40.71635],[-84.08508,40.71684],[-84.08509,40.71711],[-84.0851,40.71732],[-84.08512,40.71771],[-84.08513,40.71788],[-84.08514,40.71804],[-84.08517,40.71832],[-84.0852,40.71853],[-84.08527,40.71899],[-84.08531,40.71923],[-84.0854,40.71963],[-84.08549,40.72002],[-84.08559,40.72047],[-84.08565,40.72071],[-84.08575,40.72115],[-84.08592,40.72184],[-84.086,40.7222],[-84.08606,40.7225],[-84.0861,40.72282],[-84.08614,40.72326],[-84.08616,40.72362],[-84.08617,40.72408],[-84.0876,40.72408],[-84.08988,40.72409],[-84.09206,40.72407],[-84.09209,40.72342],[-84.09208,40.72314],[-84.09208,40.72268],[-84.09209,40.72227],[-84.09209,40.72177],[-84.09352,40.72175],[-84.09376,40.72175],[-84.09495,40.72176],[-84.09638,40.72176],[-84.09645,40.72177],[-84.09716,40.72178],[-84.09879,40.72176],[-84.09948,40.72175],[-84.10018,40.72175],[-84.10087,40.72174],[-84.10156,40.72174],[-84.10227,40.72173],[-84.10227,40.72125]]]}},{"type":"Feature","properties":{"GEOID":"39003002ABT","NAME":"LIMA 5D","BASENAME":"LIMA 5D","VTD":"002ABT","POP100":1334,"HU100":585,"AREALAND":"2841835","CENTLAT":"+40.7278034","CENTLON":"-084.0828054"},"geometry":{"type":"Polygon","coordinates":[[[-84.09274,40.72736],[-84.09274,40.72654],[-84.09273,40.72555],[-84.09274,40.72483],[-84.09274,40.72407],[-84.09232,40.72407],[-84.09206,40.72407],[-84.08988,40.72409],[-84.0876,40.72408],[-84.08617,40.72408],[-84.08616,40.72362],[-84.08614,40.72326],[-84.0861,40.72282],[-84.08606,40.7225],[-84.086,40.7222],[-84.08592,40.72184],[-84.08575,40.72115],[-84.08565,40.72071],[-84.08559,40.72047],[-84.08549,40.72002],[-84.0854,40.71963],[-84.08531,40.71923],[-84.08527,40.71899],[-84.0852,40.71853],[-84.08517,40.71832],[-84.08514,40.71804],[-84.08513,40.71788],[-84.08512,40.71771],[-84.0851,40.71732],[-84.08509,40.71711],[-84.08508,40.71684],[-84.08499,40.71684],[-84.08498,40.71673],[-84.08447,40.71676],[-84.08241,40.71676],[-84.0823,40.71676],[-84.08207,40.71676],[-84.08213,40.71686],[-84.08223,40.71705],[-84.08233,40.71728],[-84.08242,40.71752],[-84.08248,40.71768],[-84.08271,40.71884],[-84.0827,40.7189],[-84.08273,40.71916],[-84.08273,40.71942],[-84.08273,40.71991],[-84.08274,40.72099],[-84.08254,40.721],[-84.08121,40.72102],[-84.08091,40.72102],[-84.08064,40.72103],[-84.08038,40.72104],[-84.08038,40.72085],[-84.08039,40.72055],[-84.08039,40.72039],[-84.08039,40.72024],[-84.08039,40.72009],[-84.08039,40.71994],[-84.08039,40.71965],[-84.08039,40.71935],[-84.08039,40.71921],[-84.0804,40.71906],[-84.0804,40.71891],[-84.0804,40.71877],[-84.0804,40.71862],[-84.0804,40.71848],[-84.0804,40.71832],[-84.0804,40.71818],[-84.0804,40.71804],[-84.0804,40.71789],[-84.0804,40.71775],[-84.0804,40.71746],[-84.08041,40.71732],[-84.08041,40.71718],[-84.08041,40.71685],[-84.07946,40.71685],[-84.07911,40.71685],[-84.07892,40.71686],[-84.07885,40.71686],[-84.07858,40.71687],[-84.07858,40.71707],[-84.07862,40.7188],[-84.07864,40.72029],[-84.07863,40.72045],[-84.07799,40.72046],[-84.07742,40.72048],[-84.07739,40.71865],[-84.07738,40.71818],[-84.07737,40.71734],[-84.07729,40.71733],[-84.07722,40.71732],[-84.07718,40.71732],[-84.07714,40.71732],[-84.07705,40.71732],[-84.07655,40.71732],[-84.07546,40.71733],[-84.07543,40.71733],[-84.07539,40.71733],[-84.07533,40.71733],[-84.07528,40.71733],[-84.07525,40.71733],[-84.07512,40.71733],[-84.07506,40.71733],[-84.07504,40.71733],[-84.07497,40.71733],[-84.07478,40.71733],[-84.07327,40.71714],[-84.07322,40.71714],[-84.07244,40.71704],[-84.07209,40.71702],[-84.07207,40.71701],[-84.0715,40.71696],[-84.07134,40.71694],[-84.07087,40.71695],[-84.07087,40.71711],[-84.07091,40.7171],[-84.07092,40.7175],[-84.07093,40.71797],[-84.07093,40.71805],[-84.07091,40.7185],[-84.0709,40.71897],[-84.07091,40.72001],[-84.07091,40.72032],[-84.07089,40.72108],[-84.07091,40.72112],[-84.07095,40.72115],[-84.07104,40.72118],[-84.07114,40.72121],[-84.07094,40.72121],[-84.07092,40.72182],[-84.07089,40.72258],[-84.07495,40.72292],[-84.07496,40.72301],[-84.07496,40.72322],[-84.07506,40.72661],[-84.07506,40.72715],[-84.07506,40.7272],[-84.07507,40.72821],[-84.07508,40.72859],[-84.07507,40.72866],[-84.07507,40.72871],[-84.07509,40.7306],[-84.07525,40.7306],[-84.07536,40.73059],[-84.07541,40.73059],[-84.07564,40.73059],[-84.07607,40.73058],[-84.07639,40.73058],[-84.07643,40.73058],[-84.07687,40.73056],[-84.07695,40.73056],[-84.07852,40.73055],[-84.0788,40.73055],[-84.07896,40.73059],[-84.07913,40.73058],[-84.07952,40.73058],[-84.07972,40.73058],[-84.07972,40.73072],[-84.07972,40.7308],[-84.07991,40.73086],[-84.07991,40.731],[-84.07972,40.73094],[-84.07897,40.73071],[-84.07889,40.73068],[-84.0788,40.73063],[-84.07863,40.73064],[-84.07715,40.73066],[-84.07714,40.73175],[-84.07731,40.73175],[-84.07734,40.73175],[-84.0776,40.73174],[-84.07773,40.73174],[-84.07779,40.73174],[-84.07779,40.73241],[-84.07851,40.73241],[-84.07859,40.73241],[-84.07859,40.73237],[-84.0786,40.73171],[-84.07991,40.73168],[-84.07989,40.73289],[-84.07928,40.73289],[-84.07929,40.73275],[-84.07855,40.73273],[-84.07852,40.73287],[-84.07851,40.73303],[-84.07716,40.73302],[-84.07717,40.7332],[-84.07715,40.7335],[-84.07655,40.7335],[-84.07656,40.7327],[-84.07607,40.7327],[-84.07606,40.73304],[-84.07597,40.73304],[-84.07591,40.73305],[-84.07591,40.7335],[-84.0759,40.73413],[-84.0759,40.73418],[-84.0759,40.73419],[-84.07653,40.73419],[-84.07653,40.73457],[-84.07602,40.73457],[-84.07596,40.73456],[-84.07595,40.73667],[-84.07644,40.73667],[-84.07709,40.73666],[-84.07707,40.73565],[-84.07744,40.73565],[-84.07744,40.73556],[-84.07806,40.73556],[-84.07805,40.73564],[-84.07847,40.73563],[-84.07847,40.73555],[-84.07847,40.73543],[-84.07837,40.73543],[-84.07786,40.73543],[-84.07786,40.7352],[-84.07795,40.7352],[-84.07836,40.7352],[-84.07846,40.7352],[-84.07846,40.73507],[-84.07786,40.73508],[-84.07786,40.73498],[-84.07797,40.73498],[-84.07832,40.73498],[-84.07846,40.73498],[-84.07846,40.73485],[-84.07846,40.73483],[-84.07845,40.73456],[-84.0792,40.73456],[-84.07987,40.73455],[-84.07987,40.73485],[-84.07985,40.73563],[-84.07987,40.73669],[-84.07988,40.73717],[-84.07988,40.73734],[-84.07988,40.7379],[-84.08021,40.73789],[-84.08145,40.73786],[-84.08223,40.73785],[-84.083,40.73783],[-84.08467,40.73778],[-84.08547,40.73777],[-84.08616,40.73776],[-84.08699,40.73776],[-84.08767,40.73777],[-84.08771,40.73777],[-84.08898,40.73775],[-84.08949,40.73773],[-84.09006,40.73771],[-84.09071,40.7377],[-84.09096,40.7377],[-84.09107,40.7377],[-84.09201,40.73768],[-84.09269,40.73767],[-84.0927,40.73709],[-84.0927,40.73636],[-84.09269,40.73499],[-84.09269,40.73275],[-84.09269,40.73103],[-84.09269,40.73045],[-84.0927,40.72991],[-84.09271,40.72938],[-84.0927,40.72887],[-84.09269,40.72835],[-84.09274,40.72736]]]}},{"type":"Feature","properties":{"GEOID":"39003002ABW","NAME":"LIMA 6A","BASENAME":"LIMA 6A","VTD":"002ABW","POP100":1508,"HU100":661,"AREALAND":"2033670","CENTLAT":"+40.7289111","CENTLON":"-084.1244335"},"geometry":{"type":"Polygon","coordinates":[[[-84.1453,40.72153],[-84.14535,40.72144],[-84.14467,40.72145],[-84.14461,40.72145],[-84.14461,40.71946],[-84.1446,40.7193],[-84.13964,40.71937],[-84.13972,40.7218],[-84.13976,40.72303],[-84.13659,40.72304],[-84.13593,40.72304],[-84.13495,40.72305],[-84.13392,40.72305],[-84.13351,40.72305],[-84.13335,40.72305],[-84.13301,40.72305],[-84.13157,40.72306],[-84.13134,40.72306],[-84.12968,40.72307],[-84.12718,40.72308],[-84.12689,40.72319],[-84.12669,40.72327],[-84.12634,40.72342],[-84.12623,40.72348],[-84.12614,40.72353],[-84.12596,40.72363],[-84.12591,40.72366],[-84.12564,40.72383],[-84.12537,40.72402],[-84.12515,40.72419],[-84.12511,40.72423],[-84.12489,40.72442],[-84.12485,40.72446],[-84.1248,40.72451],[-84.12464,40.72468],[-84.12453,40.72479],[-84.12367,40.72474],[-84.12297,40.7247],[-84.1215,40.72461],[-84.12018,40.72453],[-84.12001,40.72452],[-84.11817,40.72441],[-84.11778,40.72439],[-84.11703,40.72435],[-84.11664,40.72433],[-84.11619,40.7243],[-84.11579,40.72427],[-84.11442,40.72419],[-84.11411,40.72417],[-84.11393,40.72416],[-84.11327,40.72412],[-84.11327,40.72414],[-84.11327,40.72425],[-84.1133,40.7263],[-84.11331,40.72666],[-84.11331,40.72714],[-84.11332,40.72836],[-84.11335,40.73004],[-84.11335,40.73016],[-84.11335,40.73038],[-84.11335,40.73069],[-84.11334,40.731],[-84.11334,40.73121],[-84.11333,40.73202],[-84.11333,40.73225],[-84.11334,40.73298],[-84.11335,40.73321],[-84.11336,40.73342],[-84.11335,40.7337],[-84.11336,40.73384],[-84.11273,40.73389],[-84.11261,40.7339],[-84.11188,40.73397],[-84.11155,40.73408],[-84.11133,40.73417],[-84.11121,40.73423],[-84.11112,40.73429],[-84.11088,40.73446],[-84.11061,40.73465],[-84.11037,40.73481],[-84.11038,40.73609],[-84.11114,40.73608],[-84.11187,40.73608],[-84.1134,40.73606],[-84.11419,40.73606],[-84.11495,40.73606],[-84.11542,40.73605],[-84.1166,40.73604],[-84.11836,40.73602],[-84.11913,40.73601],[-84.11992,40.73601],[-84.12086,40.736],[-84.12085,40.7373],[-84.12155,40.73729],[-84.12232,40.73728],[-84.12267,40.73727],[-84.12326,40.73727],[-84.12364,40.73726],[-84.12403,40.73726],[-84.1245,40.73725],[-84.12603,40.73723],[-84.12758,40.73722],[-84.12758,40.73553],[-84.12755,40.73388],[-84.12757,40.73323],[-84.12759,40.73316],[-84.12763,40.73308],[-84.12766,40.73301],[-84.12771,40.73293],[-84.12774,40.73288],[-84.12777,40.73283],[-84.12778,40.73272],[-84.1277,40.73258],[-84.12759,40.73251],[-84.12753,40.73236],[-84.12751,40.73225],[-84.1275,40.73218],[-84.1275,40.73205],[-84.12752,40.73184],[-84.12752,40.73172],[-84.12753,40.73038],[-84.12462,40.73037],[-84.12385,40.73037],[-84.12309,40.73037],[-84.12288,40.73037],[-84.12405,40.72939],[-84.12465,40.72891],[-84.12502,40.72862],[-84.12538,40.72817],[-84.12546,40.72802],[-84.12556,40.72765],[-84.12563,40.72741],[-84.12568,40.7268],[-84.12573,40.7262],[-84.12576,40.72599],[-84.12582,40.72559],[-84.12583,40.72536],[-84.12584,40.72518],[-84.12584,40.72516],[-84.12582,40.72486],[-84.12603,40.72488],[-84.12605,40.72488],[-84.12607,40.72481],[-84.1263,40.72482],[-84.12694,40.72487],[-84.12732,40.7249],[-84.12846,40.72498],[-84.12962,40.72505],[-84.13087,40.72513],[-84.131,40.72514],[-84.13111,40.72514],[-84.13123,40.72515],[-84.13129,40.72515],[-84.13142,40.72516],[-84.13153,40.72517],[-84.13172,40.72518],[-84.13175,40.72518],[-84.13221,40.72521],[-84.13262,40.72524],[-84.13264,40.72524],[-84.1329,40.72526],[-84.13292,40.7253],[-84.13295,40.7253],[-84.13313,40.72531],[-84.13356,40.72533],[-84.13379,40.72535],[-84.13422,40.72537],[-84.13462,40.7254],[-84.13462,40.72542],[-84.13593,40.72549],[-84.13725,40.72557],[-84.1376,40.72559],[-84.13761,40.72565],[-84.13843,40.72569],[-84.13955,40.72576],[-84.13956,40.72567],[-84.13957,40.7255],[-84.13995,40.72553],[-84.14204,40.72577],[-84.14228,40.7252],[-84.14239,40.72503],[-84.14252,40.7249],[-84.14281,40.72476],[-84.14301,40.72491],[-84.14303,40.72489],[-84.14317,40.72477],[-84.14386,40.72445],[-84.14393,40.72441],[-84.14401,40.72438],[-84.14388,40.72425],[-84.14383,40.7242],[-84.14333,40.72371],[-84.14352,40.72363],[-84.14382,40.72348],[-84.14416,40.72333],[-84.14432,40.72325],[-84.14438,40.72359],[-84.14448,40.7238],[-84.14452,40.72397],[-84.14456,40.72411],[-84.14458,40.7241],[-84.14463,40.72408],[-84.14463,40.72392],[-84.14462,40.72174],[-84.14519,40.72174],[-84.14521,40.72155],[-84.1453,40.72153]]]}},{"type":"Feature","properties":{"GEOID":"39003002ABX","NAME":"LIMA 6B","BASENAME":"LIMA 6B","VTD":"002ABX","POP100":1377,"HU100":766,"AREALAND":"926332","CENTLAT":"+40.7309633","CENTLON":"-084.1074821"},"geometry":{"type":"Polygon","coordinates":[[[-84.11336,40.73384],[-84.11335,40.7337],[-84.11336,40.73342],[-84.11335,40.73321],[-84.11334,40.73298],[-84.11333,40.73225],[-84.11333,40.73202],[-84.11334,40.73121],[-84.11334,40.731],[-84.11335,40.73069],[-84.11335,40.73038],[-84.11335,40.73016],[-84.11335,40.73004],[-84.11332,40.72836],[-84.11331,40.72714],[-84.11331,40.72666],[-84.1133,40.7263],[-84.11255,40.7263],[-84.11181,40.72631],[-84.11107,40.72632],[-84.11024,40.72633],[-84.1093,40.72633],[-84.10843,40.72634],[-84.1076,40.72635],[-84.10676,40.72636],[-84.10591,40.72637],[-84.10503,40.72639],[-84.10419,40.7264],[-84.10335,40.72641],[-84.10306,40.72642],[-84.10226,40.72643],[-84.10224,40.72817],[-84.10191,40.72888],[-84.10219,40.72928],[-84.10221,40.72932],[-84.10222,40.72937],[-84.10223,40.72946],[-84.10223,40.72957],[-84.10222,40.72978],[-84.10222,40.72985],[-84.10221,40.73029],[-84.1022,40.73151],[-84.1022,40.7331],[-84.10219,40.73395],[-84.10219,40.73428],[-84.10219,40.73484],[-84.10219,40.73532],[-84.1022,40.73549],[-84.10218,40.73624],[-84.10218,40.73657],[-84.10224,40.73656],[-84.10228,40.73653],[-84.10231,40.7365],[-84.10236,40.73646],[-84.10238,40.73643],[-84.10241,40.73642],[-84.10245,40.73642],[-84.10251,40.73641],[-84.1026,40.73638],[-84.10268,40.73636],[-84.10276,40.73634],[-84.10283,40.73634],[-84.10289,40.73634],[-84.10293,40.73634],[-84.10299,40.73631],[-84.10305,40.73629],[-84.10311,40.73629],[-84.10323,40.73629],[-84.10328,40.73628],[-84.10332,40.73627],[-84.10339,40.73627],[-84.10346,40.73629],[-84.10357,40.73628],[-84.1036,40.73629],[-84.10364,40.73629],[-84.10372,40.73628],[-84.10375,40.73628],[-84.10378,40.73629],[-84.10384,40.7363],[-84.10391,40.7363],[-84.10396,40.73631],[-84.10402,40.73632],[-84.10408,40.73635],[-84.10413,40.73636],[-84.10426,40.73637],[-84.10441,40.73638],[-84.10455,40.73637],[-84.1046,40.73636],[-84.10474,40.73635],[-84.10486,40.73636],[-84.105,40.73637],[-84.10516,40.7363],[-84.10521,40.73627],[-84.10525,40.73624],[-84.1053,40.73621],[-84.10534,40.7362],[-84.10538,40.73617],[-84.10548,40.73613],[-84.10554,40.73612],[-84.10558,40.73611],[-84.10561,40.73608],[-84.10563,40.73608],[-84.10565,40.73608],[-84.1057,40.73609],[-84.10573,40.73608],[-84.10579,40.73606],[-84.10582,40.73604],[-84.10585,40.736],[-84.10588,40.73598],[-84.10596,40.73595],[-84.10614,40.73588],[-84.10622,40.73583],[-84.10626,40.73582],[-84.10635,40.73581],[-84.10641,40.73579],[-84.10649,40.73578],[-84.10655,40.73578],[-84.10658,40.73577],[-84.10682,40.7357],[-84.10683,40.73601],[-84.1072,40.73599],[-84.10751,40.73598],[-84.1078,40.73598],[-84.10819,40.7359],[-84.10852,40.73581],[-84.10871,40.73575],[-84.10896,40.73566],[-84.10941,40.73547],[-84.10968,40.7353],[-84.10992,40.73513],[-84.11037,40.73481],[-84.11061,40.73465],[-84.11088,40.73446],[-84.11112,40.73429],[-84.11121,40.73423],[-84.11133,40.73417],[-84.11155,40.73408],[-84.11188,40.73397],[-84.11261,40.7339],[-84.11273,40.73389],[-84.11336,40.73384]]]}},{"type":"Feature","properties":{"GEOID":"39003002ABZ","NAME":"LIMA 6C","BASENAME":"LIMA 6C","VTD":"002ABZ","POP100":1684,"HU100":842,"AREALAND":"5371970","CENTLAT":"+40.7071500","CENTLON":"-084.0984037"},"geometry":{"type":"Polygon","coordinates":[[[-84.1185,40.70855],[-84.11838,40.70857],[-84.11825,40.70858],[-84.11806,40.70858],[-84.11772,40.70857],[-84.11718,40.70856],[-84.1168,40.70855],[-84.1158,40.71067],[-84.11571,40.71067],[-84.11551,40.71067],[-84.11473,40.71126],[-84.11472,40.71207],[-84.11454,40.71208],[-84.11363,40.71204],[-84.11232,40.71107],[-84.11232,40.71146],[-84.11235,40.71148],[-84.11333,40.7122],[-84.11348,40.71231],[-84.11325,40.71231],[-84.11299,40.7123],[-84.11299,40.71235],[-84.11299,40.71272],[-84.11299,40.71307],[-84.113,40.71345],[-84.113,40.71399],[-84.11301,40.71555],[-84.11301,40.71567],[-84.11302,40.7158],[-84.11302,40.71585],[-84.11245,40.71586],[-84.1111,40.71586],[-84.11052,40.71588],[-84.1101,40.71588],[-84.11007,40.71589],[-84.10985,40.71596],[-84.10979,40.71598],[-84.10966,40.71598],[-84.10925,40.71598],[-84.10879,40.71599],[-84.10857,40.71599],[-84.10835,40.71641],[-84.10834,40.71598],[-84.10834,40.71584],[-84.10834,40.71579],[-84.10834,40.71553],[-84.10834,40.71481],[-84.10834,40.71467],[-84.10833,40.7143],[-84.10832,40.71307],[-84.10832,40.71301],[-84.10831,40.71181],[-84.1083,40.71058],[-84.1083,40.7095],[-84.10704,40.70949],[-84.10666,40.70947],[-84.10641,40.70946],[-84.10626,40.70945],[-84.10609,40.70946],[-84.10597,40.70946],[-84.10532,40.70946],[-84.10392,40.70946],[-84.10223,40.70946],[-84.10086,40.70946],[-84.10015,40.70946],[-84.09955,40.70947],[-84.09948,40.70947],[-84.09947,40.70694],[-84.09946,40.70454],[-84.09945,40.70282],[-84.09945,40.70221],[-84.09912,40.70221],[-84.09911,40.70073],[-84.09912,40.69929],[-84.09911,40.69914],[-84.09851,40.69915],[-84.09827,40.69915],[-84.09599,40.69916],[-84.0946,40.69916],[-84.0946,40.69909],[-84.0946,40.69905],[-84.09459,40.69885],[-84.0946,40.69882],[-84.0946,40.69871],[-84.0946,40.69855],[-84.09507,40.69855],[-84.09641,40.69854],[-84.09764,40.69854],[-84.09944,40.69853],[-84.09999,40.69853],[-84.10071,40.69853],[-84.10106,40.69853],[-84.1018,40.69852],[-84.10347,40.69852],[-84.10431,40.69852],[-84.1059,40.69842],[-84.10637,40.69839],[-84.10739,40.69814],[-84.10812,40.69795],[-84.10812,40.69744],[-84.10821,40.69744],[-84.10821,40.69724],[-84.10821,40.69683],[-84.1082,40.69628],[-84.1082,40.69575],[-84.1082,40.69528],[-84.1082,40.69513],[-84.10794,40.6951],[-84.10746,40.6951],[-84.10695,40.69508],[-84.10581,40.69507],[-84.10483,40.69507],[-84.10412,40.69507],[-84.10392,40.69507],[-84.10226,40.69509],[-84.10226,40.69495],[-84.10227,40.69332],[-84.10226,40.6891],[-84.10226,40.68902],[-84.10226,40.68895],[-84.10226,40.6887],[-84.101,40.68871],[-84.10079,40.6887],[-84.10074,40.68811],[-84.10069,40.68767],[-84.10033,40.68767],[-84.09972,40.68768],[-84.09874,40.68768],[-84.09775,40.68769],[-84.09675,40.6877],[-84.09618,40.6877],[-84.09574,40.6877],[-84.095,40.6877],[-84.09387,40.68772],[-84.09328,40.68772],[-84.09254,40.68772],[-84.09175,40.68771],[-84.09084,40.68772],[-84.09084,40.68827],[-84.08981,40.68838],[-84.08981,40.6884],[-84.08981,40.68842],[-84.08982,40.68879],[-84.08982,40.68922],[-84.08982,40.68931],[-84.08981,40.68939],[-84.0898,40.68967],[-84.08981,40.69],[-84.08982,40.69018],[-84.08982,40.69046],[-84.08982,40.69074],[-84.08982,40.69109],[-84.08982,40.6913],[-84.08983,40.6916],[-84.08983,40.69189],[-84.08983,40.69245],[-84.08983,40.69254],[-84.08983,40.69271],[-84.08983,40.69299],[-84.08983,40.69324],[-84.08984,40.69347],[-84.08984,40.69357],[-84.08984,40.69419],[-84.08984,40.69462],[-84.08984,40.69478],[-84.08984,40.69494],[-84.08984,40.69509],[-84.08984,40.69545],[-84.08984,40.69577],[-84.08984,40.69616],[-84.08984,40.69635],[-84.08984,40.69666],[-84.08984,40.69672],[-84.08985,40.69698],[-84.08984,40.69728],[-84.08985,40.69733],[-84.08985,40.6974],[-84.08985,40.69764],[-84.08985,40.69808],[-84.08986,40.69825],[-84.08986,40.6984],[-84.08986,40.69845],[-84.08986,40.69885],[-84.08986,40.69888],[-84.08987,40.69905],[-84.08987,40.69908],[-84.08986,40.69956],[-84.08986,40.69977],[-84.08986,40.70065],[-84.08986,40.70088],[-84.08975,40.70088],[-84.08975,40.70076],[-84.08975,40.70074],[-84.08974,40.70068],[-84.08971,40.70058],[-84.08967,40.70049],[-84.08966,40.70046],[-84.08956,40.69967],[-84.08932,40.69959],[-84.0878,40.6994],[-84.08679,40.69941],[-84.08645,40.69941],[-84.08569,40.69941],[-84.08532,40.69942],[-84.08512,40.69942],[-84.08499,40.69942],[-84.08499,40.69965],[-84.08501,40.7008],[-84.08502,40.702],[-84.08503,40.70225],[-84.08493,40.70225],[-84.08465,40.70225],[-84.08456,40.70225],[-84.08405,40.70225],[-84.08406,40.70367],[-84.08388,40.70367],[-84.08306,40.70367],[-84.08306,40.70394],[-84.08307,40.70452],[-84.08307,40.70561],[-84.08308,40.70586],[-84.08293,40.70586],[-84.08032,40.70587],[-84.0803,40.70226],[-84.0802,40.70226],[-84.0798,40.70226],[-84.07951,40.70226],[-84.07872,40.70226],[-84.07843,40.70226],[-84.07833,40.70226],[-84.07734,40.70227],[-84.07616,40.70226],[-84.07598,40.70251],[-84.07592,40.70265],[-84.07579,40.70298],[-84.07567,40.70345],[-84.0756,40.70393],[-84.07559,40.70438],[-84.0756,40.70468],[-84.0756,40.70594],[-84.0756,40.70954],[-84.07739,40.70953],[-84.07856,40.70952],[-84.0851,40.70952],[-84.08523,40.70951],[-84.08525,40.70585],[-84.08535,40.70586],[-84.08534,40.70225],[-84.08541,40.70225],[-84.08588,40.70225],[-84.08656,40.70223],[-84.08695,40.70222],[-84.08862,40.70221],[-84.08897,40.70221],[-84.08987,40.70221],[-84.08987,40.70237],[-84.08987,40.70306],[-84.08988,40.7032],[-84.08987,40.70347],[-84.08987,40.70399],[-84.08987,40.70458],[-84.08987,40.70476],[-84.08987,40.7053],[-84.08986,40.70564],[-84.08987,40.70575],[-84.08987,40.70604],[-84.08988,40.70661],[-84.08989,40.7071],[-84.08991,40.70737],[-84.08991,40.7075],[-84.08995,40.7078],[-84.08996,40.70793],[-84.08999,40.70818],[-84.09004,40.70849],[-84.0901,40.70882],[-84.09013,40.70895],[-84.09026,40.70953],[-84.09113,40.70952],[-84.09206,40.70947],[-84.09232,40.70947],[-84.09274,40.70948],[-84.09286,40.7095],[-84.09465,40.70945],[-84.0947,40.71083],[-84.09472,40.7121],[-84.09472,40.71254],[-84.09471,40.71399],[-84.0947,40.71545],[-84.0947,40.71624],[-84.09396,40.71625],[-84.09346,40.71625],[-84.09355,40.71639],[-84.09359,40.71645],[-84.09383,40.7168],[-84.09448,40.7178],[-84.09516,40.71879],[-84.09586,40.71879],[-84.09796,40.71878],[-84.09949,40.71877],[-84.10089,40.71877],[-84.10159,40.71877],[-84.10228,40.71877],[-84.10227,40.72125],[-84.10227,40.72173],[-84.10226,40.72316],[-84.10226,40.72403],[-84.10226,40.72413],[-84.10226,40.72476],[-84.10226,40.72522],[-84.10226,40.72643],[-84.10306,40.72642],[-84.10335,40.72641],[-84.10419,40.7264],[-84.10503,40.72639],[-84.10591,40.72637],[-84.10676,40.72636],[-84.1076,40.72635],[-84.10843,40.72634],[-84.1093,40.72633],[-84.11024,40.72633],[-84.11107,40.72632],[-84.11181,40.72631],[-84.11255,40.7263],[-84.1133,40.7263],[-84.11327,40.72425],[-84.11327,40.72414],[-84.11327,40.72412],[-84.11327,40.72395],[-84.11327,40.72265],[-84.11327,40.72219],[-84.11327,40.7221],[-84.11327,40.7219],[-84.11326,40.72077],[-84.11327,40.72019],[-84.11329,40.71991],[-84.11329,40.71976],[-84.11335,40.71956],[-84.11353,40.71915],[-84.11388,40.71841],[-84.1139,40.71836],[-84.11403,40.71807],[-84.1143,40.7175],[-84.11508,40.71581],[-84.11517,40.71566],[-84.11522,40.71555],[-84.11552,40.71555],[-84.11563,40.71555],[-84.11575,40.71555],[-84.11605,40.71553],[-84.11619,40.71551],[-84.11634,40.71549],[-84.11649,40.71547],[-84.11663,40.71544],[-84.11678,40.71541],[-84.11692,40.71537],[-84.11697,40.71524],[-84.11701,40.71515],[-84.11706,40.71506],[-84.11719,40.71486],[-84.11762,40.71418],[-84.11834,40.71303],[-84.11811,40.71303],[-84.11809,40.71303],[-84.11746,40.71304],[-84.1164,40.71303],[-84.1166,40.7126],[-84.11674,40.71231],[-84.11679,40.71221],[-84.11693,40.71191],[-84.11709,40.71156],[-84.11729,40.71113],[-84.11748,40.71072],[-84.11756,40.71056],[-84.11813,40.70933],[-84.11831,40.70893],[-84.1185,40.70855]]]}},{"type":"Feature","properties":{"GEOID":"39003002ACD","NAME":"LIMA 7A","BASENAME":"LIMA 7A","VTD":"002ACD","POP100":1776,"HU100":1010,"AREALAND":"2272493","CENTLAT":"+40.7525913","CENTLON":"-084.1495464"},"geometry":{"type":"Polygon","coordinates":[[[-84.16511,40.75475],[-84.16512,40.75421],[-84.16393,40.75399],[-84.16342,40.7539],[-84.16293,40.75382],[-84.16253,40.75376],[-84.16252,40.75322],[-84.16251,40.75247],[-84.16239,40.75244],[-84.16183,40.7523],[-84.16125,40.75215],[-84.16079,40.75203],[-84.16074,40.75202],[-84.16055,40.75197],[-84.16052,40.75008],[-84.16013,40.75009],[-84.16011,40.74925],[-84.16051,40.74924],[-84.16047,40.74668],[-84.16046,40.7459],[-84.16043,40.74416],[-84.16035,40.74416],[-84.16035,40.74396],[-84.16035,40.74282],[-84.16035,40.74115],[-84.15999,40.74115],[-84.15998,40.74061],[-84.15966,40.74061],[-84.15903,40.74062],[-84.15869,40.74063],[-84.15807,40.74063],[-84.15811,40.74263],[-84.15815,40.74418],[-84.15522,40.7442],[-84.15523,40.74473],[-84.15525,40.74593],[-84.15526,40.74679],[-84.15349,40.74681],[-84.15349,40.74691],[-84.1535,40.74743],[-84.1535,40.7477],[-84.1535,40.7478],[-84.15528,40.74778],[-84.15529,40.74792],[-84.15593,40.74791],[-84.15593,40.74856],[-84.15594,40.74901],[-84.15594,40.74912],[-84.15583,40.74912],[-84.15583,40.74928],[-84.15583,40.74933],[-84.15747,40.74932],[-84.15749,40.74944],[-84.15753,40.74976],[-84.15753,40.74981],[-84.1575,40.75014],[-84.15742,40.75039],[-84.15736,40.75062],[-84.1572,40.75109],[-84.15631,40.75086],[-84.15606,40.75079],[-84.15611,40.75139],[-84.15613,40.75157],[-84.15504,40.75129],[-84.15532,40.7506],[-84.1552,40.75057],[-84.15516,40.75055],[-84.15439,40.75036],[-84.15376,40.75019],[-84.15353,40.75013],[-84.15193,40.74972],[-84.15182,40.74969],[-84.15158,40.74963],[-84.15151,40.7498],[-84.15119,40.75059],[-84.15117,40.75064],[-84.15104,40.75096],[-84.15093,40.75119],[-84.15086,40.75133],[-84.15079,40.75149],[-84.14894,40.75149],[-84.14844,40.7515],[-84.14845,40.752],[-84.14716,40.75198],[-84.14711,40.75198],[-84.14706,40.75198],[-84.147,40.75198],[-84.14699,40.7518],[-84.147,40.75151],[-84.14701,40.75131],[-84.14704,40.75113],[-84.14703,40.75083],[-84.14703,40.75062],[-84.14703,40.75035],[-84.14703,40.75019],[-84.14703,40.7501],[-84.14703,40.74991],[-84.14703,40.74979],[-84.14703,40.7497],[-84.14703,40.74927],[-84.14701,40.74848],[-84.14638,40.74831],[-84.14606,40.74823],[-84.14581,40.74816],[-84.14552,40.74808],[-84.14506,40.74796],[-84.14387,40.74764],[-84.14264,40.74734],[-84.14234,40.74725],[-84.14215,40.74719],[-84.14211,40.74718],[-84.14187,40.74712],[-84.14158,40.74704],[-84.14132,40.74698],[-84.14035,40.74672],[-84.13985,40.7466],[-84.13906,40.7464],[-84.13889,40.74666],[-84.13885,40.74675],[-84.13882,40.74682],[-84.1388,40.7469],[-84.13878,40.74707],[-84.13877,40.74717],[-84.13878,40.74735],[-84.13882,40.74826],[-84.13884,40.74839],[-84.13886,40.74847],[-84.13888,40.74851],[-84.1389,40.74856],[-84.13896,40.74866],[-84.13905,40.74878],[-84.13922,40.74897],[-84.13904,40.74914],[-84.13896,40.74922],[-84.13892,40.74928],[-84.13888,40.74933],[-84.13886,40.74939],[-84.13883,40.74949],[-84.13882,40.74959],[-84.13881,40.75005],[-84.13878,40.75007],[-84.13875,40.75008],[-84.13869,40.75009],[-84.1384,40.7501],[-84.1382,40.7501],[-84.13798,40.7501],[-84.13742,40.7501],[-84.13734,40.75041],[-84.13674,40.75084],[-84.13569,40.75173],[-84.13478,40.75435],[-84.13466,40.75469],[-84.13504,40.75486],[-84.13731,40.7559],[-84.13755,40.75601],[-84.14024,40.75727],[-84.14117,40.75771],[-84.14117,40.75757],[-84.14116,40.75733],[-84.14115,40.75683],[-84.14115,40.75677],[-84.14185,40.75667],[-84.14228,40.75671],[-84.14227,40.75782],[-84.14226,40.75837],[-84.14325,40.75883],[-84.14342,40.75889],[-84.14364,40.75897],[-84.14459,40.75941],[-84.14451,40.75951],[-84.14388,40.76034],[-84.14393,40.76036],[-84.14395,40.76037],[-84.1445,40.76063],[-84.14461,40.76069],[-84.14493,40.76083],[-84.14528,40.76099],[-84.1454,40.76105],[-84.14548,40.76109],[-84.14573,40.76121],[-84.14578,40.76123],[-84.14637,40.7615],[-84.14706,40.76181],[-84.14711,40.76184],[-84.14717,40.76187],[-84.14716,40.76117],[-84.14716,40.76097],[-84.14716,40.76081],[-84.14716,40.76073],[-84.14716,40.7607],[-84.14716,40.76065],[-84.1472,40.76064],[-84.14719,40.76044],[-84.14719,40.76039],[-84.14836,40.76039],[-84.14876,40.76039],[-84.14892,40.76039],[-84.14992,40.76038],[-84.15066,40.76037],[-84.15415,40.76032],[-84.1557,40.7603],[-84.15613,40.7603],[-84.15613,40.75981],[-84.15612,40.75947],[-84.15612,40.75944],[-84.15599,40.75947],[-84.15563,40.75952],[-84.1554,40.75956],[-84.15514,40.75959],[-84.15499,40.75959],[-84.15453,40.75962],[-84.1542,40.75963],[-84.15376,40.75956],[-84.15346,40.75952],[-84.15343,40.75952],[-84.15329,40.7595],[-84.15322,40.75948],[-84.1531,40.75945],[-84.15303,40.75944],[-84.15279,40.75938],[-84.15255,40.75932],[-84.15228,40.75925],[-84.15201,40.7592],[-84.15178,40.75915],[-84.15175,40.75915],[-84.15143,40.75912],[-84.1513,40.75911],[-84.15146,40.75888],[-84.15119,40.75874],[-84.15111,40.75866],[-84.15102,40.75858],[-84.15079,40.75838],[-84.15077,40.75836],[-84.1507,40.75831],[-84.15069,40.75766],[-84.15069,40.7576],[-84.1508,40.75759],[-84.15112,40.75759],[-84.15112,40.75749],[-84.15112,40.75744],[-84.15112,40.75741],[-84.1511,40.75735],[-84.15095,40.75735],[-84.15079,40.75747],[-84.15059,40.75748],[-84.15031,40.7575],[-84.14959,40.75752],[-84.1496,40.75714],[-84.14944,40.75714],[-84.14931,40.75714],[-84.14929,40.75743],[-84.14928,40.75747],[-84.14918,40.75747],[-84.14895,40.75748],[-84.1485,40.75748],[-84.14849,40.75696],[-84.14848,40.75672],[-84.14764,40.75673],[-84.14747,40.75673],[-84.14717,40.75674],[-84.14712,40.75674],[-84.14711,40.75633],[-84.14711,40.75604],[-84.14711,40.75585],[-84.1471,40.75554],[-84.1471,40.75511],[-84.14715,40.75511],[-84.1476,40.7551],[-84.14931,40.75508],[-84.15035,40.75507],[-84.15089,40.75506],[-84.15138,40.75505],[-84.15165,40.75505],[-84.15298,40.75503],[-84.15362,40.75502],[-84.15428,40.75501],[-84.15493,40.75501],[-84.15516,40.755],[-84.15529,40.755],[-84.15594,40.75499],[-84.1566,40.75498],[-84.15725,40.75497],[-84.15787,40.75497],[-84.15849,40.75496],[-84.15906,40.75495],[-84.15955,40.75495],[-84.1605,40.75493],[-84.16051,40.75686],[-84.16052,40.7571],[-84.16508,40.75707],[-84.16508,40.75698],[-84.16507,40.75606],[-84.16511,40.75475]]]}},{"type":"Feature","properties":{"GEOID":"39003002ACE","NAME":"LIMA 7B","BASENAME":"LIMA 7B","VTD":"002ACE","POP100":1695,"HU100":679,"AREALAND":"970545","CENTLAT":"+40.7485760","CENTLON":"-084.1306277"},"geometry":{"type":"Polygon","coordinates":[[[-84.13922,40.74897],[-84.13905,40.74878],[-84.13896,40.74866],[-84.1389,40.74856],[-84.13888,40.74851],[-84.13886,40.74847],[-84.13884,40.74839],[-84.13882,40.74826],[-84.13878,40.74735],[-84.13877,40.74717],[-84.13878,40.74707],[-84.1388,40.7469],[-84.13882,40.74682],[-84.13885,40.74675],[-84.13889,40.74666],[-84.13906,40.7464],[-84.13816,40.74616],[-84.13786,40.74609],[-84.13735,40.74595],[-84.13576,40.74555],[-84.13462,40.74526],[-84.13385,40.74506],[-84.13261,40.74474],[-84.1323,40.74467],[-84.13223,40.74465],[-84.13215,40.74463],[-84.13213,40.74463],[-84.13099,40.7443],[-84.131,40.74507],[-84.13092,40.74505],[-84.13084,40.74504],[-84.1307,40.74504],[-84.13054,40.74504],[-84.13027,40.74504],[-84.12935,40.74505],[-84.12891,40.74505],[-84.12854,40.74505],[-84.12769,40.74505],[-84.12769,40.74562],[-84.12768,40.74566],[-84.12768,40.74616],[-84.12725,40.74614],[-84.12688,40.74614],[-84.12615,40.74614],[-84.1245,40.74613],[-84.12281,40.74613],[-84.12186,40.74613],[-84.12153,40.74614],[-84.12058,40.74613],[-84.12057,40.74715],[-84.12056,40.74746],[-84.12056,40.74818],[-84.12056,40.74843],[-84.12225,40.74922],[-84.12286,40.74949],[-84.1241,40.75005],[-84.12412,40.75028],[-84.12414,40.75043],[-84.12427,40.75049],[-84.12571,40.75118],[-84.12664,40.75161],[-84.12669,40.7516],[-84.12694,40.75156],[-84.12697,40.75155],[-84.12776,40.75155],[-84.12958,40.75159],[-84.13235,40.75157],[-84.13237,40.75284],[-84.13237,40.75332],[-84.13478,40.75435],[-84.13569,40.75173],[-84.13674,40.75084],[-84.13734,40.75041],[-84.13742,40.7501],[-84.13798,40.7501],[-84.1382,40.7501],[-84.1384,40.7501],[-84.13869,40.75009],[-84.13875,40.75008],[-84.13878,40.75007],[-84.13881,40.75005],[-84.13882,40.74959],[-84.13883,40.74949],[-84.13886,40.74939],[-84.13888,40.74933],[-84.13892,40.74928],[-84.13896,40.74922],[-84.13904,40.74914],[-84.13922,40.74897]]]}},{"type":"Feature","properties":{"GEOID":"39003002ACG","NAME":"LIMA 7C","BASENAME":"LIMA 7C","VTD":"002ACG","POP100":1558,"HU100":713,"AREALAND":"1143173","CENTLAT":"+40.7445047","CENTLON":"-084.1406963"},"geometry":{"type":"Polygon","coordinates":[[[-84.15528,40.74063],[-84.15528,40.74005],[-84.15485,40.74006],[-84.15459,40.74006],[-84.15311,40.74008],[-84.15286,40.74008],[-84.15087,40.74009],[-84.14872,40.74012],[-84.14818,40.74013],[-84.14778,40.74013],[-84.14685,40.74012],[-84.14685,40.74072],[-84.14685,40.74104],[-84.14685,40.74132],[-84.14685,40.74198],[-84.14685,40.74258],[-84.14686,40.74297],[-84.14672,40.74295],[-84.14666,40.74293],[-84.14656,40.74292],[-84.14651,40.74292],[-84.14643,40.74292],[-84.14633,40.74293],[-84.14624,40.74295],[-84.14618,40.74297],[-84.14607,40.743],[-84.14601,40.74304],[-84.14584,40.74312],[-84.14559,40.74299],[-84.1455,40.74296],[-84.14542,40.74295],[-84.14534,40.74295],[-84.14484,40.74295],[-84.14418,40.74296],[-84.14408,40.74296],[-84.14324,40.74293],[-84.14299,40.74295],[-84.14273,40.74271],[-84.14255,40.74235],[-84.14241,40.74278],[-84.14052,40.74294],[-84.13958,40.74289],[-84.13932,40.74288],[-84.13913,40.74288],[-84.13899,40.74289],[-84.13769,40.7429],[-84.13758,40.74288],[-84.13748,40.74285],[-84.13741,40.74279],[-84.13734,40.74272],[-84.13725,40.74265],[-84.13574,40.74265],[-84.13261,40.74276],[-84.13097,40.74275],[-84.12932,40.74275],[-84.12849,40.74275],[-84.12768,40.74275],[-84.12768,40.7429],[-84.12769,40.74341],[-84.12644,40.74309],[-84.12591,40.74295],[-84.1252,40.74278],[-84.12516,40.74277],[-84.12449,40.74261],[-84.12362,40.74237],[-84.12347,40.74234],[-84.12339,40.74235],[-84.12327,40.74235],[-84.12275,40.74237],[-84.12276,40.74278],[-84.12277,40.74319],[-84.12276,40.74404],[-84.12278,40.7441],[-84.12279,40.74422],[-84.1228,40.74507],[-84.12281,40.74613],[-84.1245,40.74613],[-84.12615,40.74614],[-84.12688,40.74614],[-84.12725,40.74614],[-84.12768,40.74616],[-84.12768,40.74566],[-84.12769,40.74562],[-84.12769,40.74505],[-84.12854,40.74505],[-84.12891,40.74505],[-84.12935,40.74505],[-84.13027,40.74504],[-84.13054,40.74504],[-84.1307,40.74504],[-84.13084,40.74504],[-84.13092,40.74505],[-84.131,40.74507],[-84.13099,40.7443],[-84.13213,40.74463],[-84.13215,40.74463],[-84.13223,40.74465],[-84.1323,40.74467],[-84.13261,40.74474],[-84.13385,40.74506],[-84.13462,40.74526],[-84.13576,40.74555],[-84.13735,40.74595],[-84.13786,40.74609],[-84.13816,40.74616],[-84.13906,40.7464],[-84.13985,40.7466],[-84.14035,40.74672],[-84.14132,40.74698],[-84.14158,40.74704],[-84.14187,40.74712],[-84.14211,40.74718],[-84.14215,40.74719],[-84.14234,40.74725],[-84.14264,40.74734],[-84.14387,40.74764],[-84.14506,40.74796],[-84.14552,40.74808],[-84.14581,40.74816],[-84.14606,40.74823],[-84.14638,40.74831],[-84.14701,40.74848],[-84.14762,40.74863],[-84.14807,40.74874],[-84.14816,40.74876],[-84.14867,40.74889],[-84.14871,40.7489],[-84.14904,40.74898],[-84.14984,40.74919],[-84.1501,40.74925],[-84.15037,40.74932],[-84.15043,40.74933],[-84.15109,40.74951],[-84.15106,40.74745],[-84.15106,40.74739],[-84.15112,40.74739],[-84.15112,40.74725],[-84.15112,40.74706],[-84.1511,40.74602],[-84.1511,40.74592],[-84.15121,40.74592],[-84.15147,40.74591],[-84.15146,40.74559],[-84.15145,40.745],[-84.15144,40.7442],[-84.15144,40.74368],[-84.15138,40.74067],[-84.15154,40.74067],[-84.15286,40.74066],[-84.15389,40.74065],[-84.15439,40.74065],[-84.15528,40.74063]]]}},{"type":"Feature","properties":{"GEOID":"39003002ACT","NAME":"AMANDA E","BASENAME":"AMANDA E","VTD":"002ACT","POP100":1329,"HU100":500,"AREALAND":"43251859","CENTLAT":"+40.7095573","CENTLON":"-084.2769011"},"geometry":{"type":"Polygon","coordinates":[[[-84.3398,40.73502],[-84.33981,40.73491],[-84.33976,40.73307],[-84.33953,40.72221],[-84.33952,40.71928],[-84.33954,40.71454],[-84.3383,40.71454],[-84.33655,40.71454],[-84.3365,40.71454],[-84.33629,40.71454],[-84.32164,40.71464],[-84.32025,40.71465],[-84.31851,40.71466],[-84.31851,40.71411],[-84.3185,40.71344],[-84.3185,40.71275],[-84.3185,40.71209],[-84.31849,40.71055],[-84.31848,40.71011],[-84.31848,40.70951],[-84.3185,40.70843],[-84.31849,40.70744],[-84.31848,40.70585],[-84.31844,40.70358],[-84.3184,40.70242],[-84.31839,40.70141],[-84.31838,40.70079],[-84.31838,40.7002],[-84.31837,40.69963],[-84.31837,40.6989],[-84.31836,40.6983],[-84.31834,40.69756],[-84.31832,40.69607],[-84.31831,40.69549],[-84.31831,40.69514],[-84.3183,40.69427],[-84.31829,40.69385],[-84.31829,40.69293],[-84.31828,40.6914],[-84.31826,40.69006],[-84.31825,40.68931],[-84.31825,40.68851],[-84.31824,40.68773],[-84.31821,40.68566],[-84.31779,40.68566],[-84.31694,40.68566],[-84.31273,40.68568],[-84.31206,40.68568],[-84.31109,40.68567],[-84.31005,40.68567],[-84.30916,40.68567],[-84.30805,40.68568],[-84.3076,40.68568],[-84.30672,40.68568],[-84.30566,40.68568],[-84.30393,40.68569],[-84.30251,40.68569],[-84.3025,40.68569],[-84.30201,40.68569],[-84.30196,40.68569],[-84.30179,40.68569],[-84.30013,40.68572],[-84.29947,40.68572],[-84.29927,40.68572],[-84.29915,40.68572],[-84.29791,40.68573],[-84.29694,40.68574],[-84.29573,40.68575],[-84.29448,40.68574],[-84.29333,40.68574],[-84.29288,40.68574],[-84.29202,40.68575],[-84.29007,40.68575],[-84.28949,40.68575],[-84.2886,40.68575],[-84.28853,40.68575],[-84.28769,40.68575],[-84.28751,40.68575],[-84.28724,40.68575],[-84.28675,40.68576],[-84.28564,40.68576],[-84.285,40.68576],[-84.28423,40.68575],[-84.28422,40.68575],[-84.28371,40.68575],[-84.28321,40.68574],[-84.28214,40.68575],[-84.28122,40.68575],[-84.28018,40.68575],[-84.28014,40.68575],[-84.28006,40.68574],[-84.27993,40.68574],[-84.27964,40.68574],[-84.2785,40.68575],[-84.27693,40.68576],[-84.27541,40.68578],[-84.27483,40.68578],[-84.27353,40.68579],[-84.27255,40.6858],[-84.27222,40.6858],[-84.27108,40.68581],[-84.27097,40.68581],[-84.27079,40.68581],[-84.27076,40.68581],[-84.27038,40.6858],[-84.26644,40.68583],[-84.26565,40.68584],[-84.2655,40.68584],[-84.26532,40.68584],[-84.26529,40.68584],[-84.26422,40.68586],[-84.26418,40.68586],[-84.26369,40.68587],[-84.26346,40.68587],[-84.2633,40.68587],[-84.26301,40.68587],[-84.26149,40.68589],[-84.26109,40.6859],[-84.26074,40.6859],[-84.25996,40.68591],[-84.25966,40.68591],[-84.25963,40.68591],[-84.25898,40.68593],[-84.25895,40.68593],[-84.25861,40.68594],[-84.25808,40.68594],[-84.25768,40.68594],[-84.25719,40.68595],[-84.2569,40.68596],[-84.25674,40.68597],[-84.25655,40.686],[-84.25636,40.68604],[-84.25618,40.68608],[-84.24995,40.68593],[-84.2467,40.68594],[-84.24664,40.68594],[-84.2419,40.68601],[-84.2228,40.68596],[-84.22282,40.69103],[-84.22283,40.69197],[-84.22283,40.69279],[-84.22284,40.69323],[-84.22285,40.69343],[-84.22284,40.69368],[-84.22284,40.69487],[-84.22285,40.69527],[-84.22285,40.69567],[-84.22285,40.69645],[-84.22286,40.69726],[-84.22287,40.69807],[-84.22287,40.69838],[-84.22289,40.69887],[-84.22288,40.69902],[-84.22288,40.69926],[-84.22289,40.69967],[-84.2229,40.70006],[-84.2229,40.70046],[-84.22291,40.70116],[-84.22292,40.70252],[-84.22292,40.70275],[-84.22292,40.70309],[-84.22294,40.70483],[-84.22294,40.70496],[-84.22294,40.7056],[-84.22296,40.70656],[-84.22297,40.70704],[-84.22297,40.70754],[-84.22298,40.70806],[-84.22298,40.70842],[-84.22299,40.70856],[-84.223,40.70906],[-84.223,40.70951],[-84.22302,40.7099],[-84.22302,40.70993],[-84.22302,40.71021],[-84.22303,40.71134],[-84.22303,40.71159],[-84.22305,40.71202],[-84.22306,40.71244],[-84.22306,40.71286],[-84.22306,40.71328],[-84.22306,40.71358],[-84.22307,40.7139],[-84.22306,40.71436],[-84.22307,40.71463],[-84.22308,40.71502],[-84.22308,40.71506],[-84.22309,40.71607],[-84.22309,40.71614],[-84.22308,40.71658],[-84.22308,40.71763],[-84.22308,40.71786],[-84.22308,40.71797],[-84.22308,40.71831],[-84.22308,40.71888],[-84.22308,40.71947],[-84.22308,40.71981],[-84.2231,40.7209],[-84.22309,40.72158],[-84.22309,40.72199],[-84.22308,40.72223],[-84.22311,40.72289],[-84.2231,40.72326],[-84.2231,40.72375],[-84.22311,40.72395],[-84.22314,40.72946],[-84.22359,40.72946],[-84.22556,40.72946],[-84.22599,40.72945],[-84.22802,40.72944],[-84.22865,40.72944],[-84.22893,40.72944],[-84.2299,40.72943],[-84.23001,40.72943],[-84.23023,40.72943],[-84.23052,40.72943],[-84.23113,40.72943],[-84.23175,40.72943],[-84.23299,40.72942],[-84.23361,40.72941],[-84.23424,40.72941],[-84.23488,40.72941],[-84.23553,40.72941],[-84.23664,40.72941],[-84.23719,40.72941],[-84.23773,40.7294],[-84.23827,40.7294],[-84.23879,40.72939],[-84.23983,40.72937],[-84.24034,40.72937],[-84.24088,40.72936],[-84.2413,40.72935],[-84.24175,40.72936],[-84.24229,40.72939],[-84.24242,40.72939],[-84.24348,40.72938],[-84.24462,40.72936],[-84.24577,40.72935],[-84.24692,40.72933],[-84.24799,40.72933],[-84.25106,40.7293],[-84.25191,40.7293],[-84.252,40.7293],[-84.25256,40.7293],[-84.25604,40.72928],[-84.25693,40.72929],[-84.25758,40.72928],[-84.2578,40.72928],[-84.25845,40.72927],[-84.25873,40.72926],[-84.2591,40.72926],[-84.2596,40.72925],[-84.2601,40.72925],[-84.26047,40.72926],[-84.26143,40.72926],[-84.26291,40.72925],[-84.26466,40.72922],[-84.26564,40.72922],[-84.26704,40.72921],[-84.26747,40.72921],[-84.26819,40.7292],[-84.26875,40.72921],[-84.27023,40.7292],[-84.27086,40.72919],[-84.27096,40.72919],[-84.27162,40.72919],[-84.27325,40.72918],[-84.27458,40.72916],[-84.27575,40.72917],[-84.27767,40.72915],[-84.27875,40.72913],[-84.27974,40.72912],[-84.28058,40.72912],[-84.28157,40.72911],[-84.28262,40.7291],[-84.28399,40.72909],[-84.28409,40.72908],[-84.28457,40.72908],[-84.28479,40.72907],[-84.28585,40.72907],[-84.28696,40.72907],[-84.28775,40.72906],[-84.28836,40.72906],[-84.28972,40.72905],[-84.29007,40.72905],[-84.29062,40.72904],[-84.29238,40.72903],[-84.29324,40.72902],[-84.29439,40.72902],[-84.29492,40.72902],[-84.29528,40.72901],[-84.29596,40.729],[-84.29683,40.729],[-84.29752,40.729],[-84.2987,40.72899],[-84.3002,40.72898],[-84.30113,40.72899],[-84.30167,40.72898],[-84.3024,40.72898],[-84.30306,40.72897],[-84.30394,40.72896],[-84.30489,40.72894],[-84.30591,40.72893],[-84.3063,40.72893],[-84.30644,40.72911],[-84.30661,40.72934],[-84.30688,40.72966],[-84.30712,40.72997],[-84.30745,40.7304],[-84.30754,40.73051],[-84.3078,40.73082],[-84.30785,40.73087],[-84.30809,40.73112],[-84.30829,40.73131],[-84.3085,40.7315],[-84.30857,40.73155],[-84.30866,40.73162],[-84.30881,40.73173],[-84.30891,40.7318],[-84.30919,40.73198],[-84.30996,40.73245],[-84.31216,40.73378],[-84.31219,40.73381],[-84.31227,40.73386],[-84.31254,40.73402],[-84.31277,40.73416],[-84.31308,40.73436],[-84.31328,40.73451],[-84.31352,40.7347],[-84.31379,40.73495],[-84.31393,40.7351],[-84.31404,40.73522],[-84.31426,40.73549],[-84.31442,40.73574],[-84.31454,40.73594],[-84.31463,40.73612],[-84.31466,40.73615],[-84.31469,40.73617],[-84.31472,40.73619],[-84.31482,40.73615],[-84.31487,40.73614],[-84.31494,40.73612],[-84.31503,40.73611],[-84.31513,40.73611],[-84.31532,40.73611],[-84.31611,40.7361],[-84.31691,40.7361],[-84.31749,40.7361],[-84.3182,40.7361],[-84.31889,40.73609],[-84.31985,40.73609],[-84.32078,40.73609],[-84.3214,40.73609],[-84.32214,40.73609],[-84.32293,40.73609],[-84.32339,40.73609],[-84.32412,40.73609],[-84.32476,40.73609],[-84.32561,40.73609],[-84.32604,40.73609],[-84.32669,40.73609],[-84.32753,40.73609],[-84.32842,40.73608],[-84.32943,40.73608],[-84.33034,40.73608],[-84.33105,40.73607],[-84.33162,40.73607],[-84.33205,40.73607],[-84.33272,40.73606],[-84.3333,40.73605],[-84.33407,40.73605],[-84.33436,40.73604],[-84.33492,40.73604],[-84.33537,40.73604],[-84.33575,40.73604],[-84.33616,40.73603],[-84.33658,40.73602],[-84.33722,40.73601],[-84.3378,40.736],[-84.3386,40.736],[-84.33912,40.736],[-84.33956,40.736],[-84.33974,40.736],[-84.3398,40.73502]]]}},{"type":"Feature","properties":{"GEOID":"39003002ACU","NAME":"AMANDA N","BASENAME":"AMANDA N","VTD":"002ACU","POP100":732,"HU100":302,"AREALAND":"43032469","CENTLAT":"+40.7516690","CENTLON":"-084.2794750"},"geometry":{"type":"Polygon","coordinates":[[[-84.34,40.77211],[-84.33987,40.76956],[-84.33986,40.76398],[-84.33977,40.75783],[-84.33984,40.75058],[-84.33984,40.75005],[-84.33953,40.75005],[-84.33949,40.74769],[-84.3395,40.73816],[-84.3395,40.73666],[-84.33974,40.73602],[-84.33974,40.736],[-84.33956,40.736],[-84.33912,40.736],[-84.3386,40.736],[-84.3378,40.736],[-84.33722,40.73601],[-84.33658,40.73602],[-84.33616,40.73603],[-84.33575,40.73604],[-84.33537,40.73604],[-84.33492,40.73604],[-84.33436,40.73604],[-84.33407,40.73605],[-84.3333,40.73605],[-84.33272,40.73606],[-84.33205,40.73607],[-84.33162,40.73607],[-84.33105,40.73607],[-84.33034,40.73608],[-84.32943,40.73608],[-84.32842,40.73608],[-84.32753,40.73609],[-84.32669,40.73609],[-84.32604,40.73609],[-84.32561,40.73609],[-84.32476,40.73609],[-84.32412,40.73609],[-84.32339,40.73609],[-84.32293,40.73609],[-84.32214,40.73609],[-84.3214,40.73609],[-84.32078,40.73609],[-84.31985,40.73609],[-84.31889,40.73609],[-84.3182,40.7361],[-84.31749,40.7361],[-84.31691,40.7361],[-84.31611,40.7361],[-84.31532,40.73611],[-84.31513,40.73611],[-84.31503,40.73611],[-84.31494,40.73612],[-84.31487,40.73614],[-84.31482,40.73615],[-84.31472,40.73619],[-84.31469,40.73617],[-84.31466,40.73615],[-84.31463,40.73612],[-84.31454,40.73594],[-84.31442,40.73574],[-84.31426,40.73549],[-84.31404,40.73522],[-84.31393,40.7351],[-84.31379,40.73495],[-84.31352,40.7347],[-84.31328,40.73451],[-84.31308,40.73436],[-84.31277,40.73416],[-84.31254,40.73402],[-84.31227,40.73386],[-84.31219,40.73381],[-84.31216,40.73378],[-84.30996,40.73245],[-84.30919,40.73198],[-84.30891,40.7318],[-84.30881,40.73173],[-84.30866,40.73162],[-84.30857,40.73155],[-84.3085,40.7315],[-84.30829,40.73131],[-84.30809,40.73112],[-84.30785,40.73087],[-84.3078,40.73082],[-84.30754,40.73051],[-84.30745,40.7304],[-84.30712,40.72997],[-84.30688,40.72966],[-84.30661,40.72934],[-84.30644,40.72911],[-84.3063,40.72893],[-84.30591,40.72893],[-84.30489,40.72894],[-84.30394,40.72896],[-84.30306,40.72897],[-84.3024,40.72898],[-84.30167,40.72898],[-84.30113,40.72899],[-84.3002,40.72898],[-84.2987,40.72899],[-84.29752,40.729],[-84.29683,40.729],[-84.29596,40.729],[-84.29528,40.72901],[-84.29492,40.72902],[-84.29439,40.72902],[-84.29324,40.72902],[-84.29238,40.72903],[-84.29062,40.72904],[-84.29007,40.72905],[-84.28972,40.72905],[-84.28836,40.72906],[-84.28775,40.72906],[-84.28696,40.72907],[-84.28585,40.72907],[-84.28479,40.72907],[-84.28457,40.72908],[-84.28409,40.72908],[-84.28399,40.72909],[-84.28262,40.7291],[-84.28157,40.72911],[-84.28058,40.72912],[-84.27974,40.72912],[-84.27875,40.72913],[-84.27767,40.72915],[-84.27575,40.72917],[-84.27458,40.72916],[-84.27325,40.72918],[-84.27162,40.72919],[-84.27096,40.72919],[-84.27086,40.72919],[-84.27023,40.7292],[-84.26875,40.72921],[-84.26819,40.7292],[-84.26747,40.72921],[-84.26704,40.72921],[-84.26564,40.72922],[-84.26466,40.72922],[-84.26291,40.72925],[-84.26143,40.72926],[-84.26047,40.72926],[-84.2601,40.72925],[-84.2596,40.72925],[-84.2591,40.72926],[-84.25873,40.72926],[-84.25845,40.72927],[-84.2578,40.72928],[-84.25758,40.72928],[-84.25693,40.72929],[-84.25604,40.72928],[-84.25256,40.7293],[-84.252,40.7293],[-84.25191,40.7293],[-84.25106,40.7293],[-84.24799,40.72933],[-84.24692,40.72933],[-84.24577,40.72935],[-84.24462,40.72936],[-84.24348,40.72938],[-84.24242,40.72939],[-84.24229,40.72939],[-84.24175,40.72936],[-84.2413,40.72935],[-84.24088,40.72936],[-84.24034,40.72937],[-84.23983,40.72937],[-84.23879,40.72939],[-84.23827,40.7294],[-84.23773,40.7294],[-84.23719,40.72941],[-84.23664,40.72941],[-84.23553,40.72941],[-84.23488,40.72941],[-84.23424,40.72941],[-84.23361,40.72941],[-84.23299,40.72942],[-84.23175,40.72943],[-84.23113,40.72943],[-84.23052,40.72943],[-84.23023,40.72943],[-84.23001,40.72943],[-84.2299,40.72943],[-84.22893,40.72944],[-84.22865,40.72944],[-84.22802,40.72944],[-84.22599,40.72945],[-84.22556,40.72946],[-84.22359,40.72946],[-84.22314,40.72946],[-84.22315,40.73067],[-84.22319,40.7333],[-84.22319,40.73413],[-84.22321,40.73481],[-84.2232,40.73534],[-84.22321,40.73621],[-84.22321,40.7369],[-84.22321,40.73707],[-84.22323,40.73833],[-84.22324,40.73906],[-84.22323,40.7402],[-84.22324,40.74088],[-84.22325,40.7411],[-84.22329,40.74382],[-84.22331,40.7451],[-84.22332,40.74647],[-84.22332,40.74692],[-84.22332,40.7472],[-84.22336,40.74938],[-84.2234,40.75116],[-84.2234,40.75166],[-84.2234,40.75219],[-84.22339,40.75247],[-84.2234,40.75304],[-84.22342,40.75475],[-84.22343,40.75512],[-84.22344,40.75621],[-84.22344,40.75713],[-84.22344,40.75807],[-84.22345,40.75901],[-84.22345,40.76029],[-84.22348,40.76212],[-84.2235,40.76285],[-84.2235,40.76373],[-84.22352,40.7649],[-84.22354,40.7659],[-84.22355,40.767],[-84.22358,40.76818],[-84.22358,40.76833],[-84.22359,40.76942],[-84.22362,40.77057],[-84.22363,40.77118],[-84.22366,40.77345],[-84.23045,40.77327],[-84.23329,40.77326],[-84.24234,40.7732],[-84.24289,40.77314],[-84.24422,40.77312],[-84.24466,40.77311],[-84.245,40.77309],[-84.24558,40.77307],[-84.246,40.77307],[-84.24621,40.77306],[-84.24655,40.77306],[-84.24696,40.77305],[-84.24736,40.77305],[-84.24786,40.77303],[-84.24848,40.77302],[-84.2503,40.77298],[-84.25262,40.77293],[-84.2565,40.77284],[-84.25711,40.77284],[-84.26288,40.77273],[-84.26666,40.77272],[-84.26738,40.77271],[-84.27867,40.77262],[-84.27899,40.77261],[-84.27958,40.77259],[-84.28098,40.77259],[-84.28183,40.77259],[-84.28509,40.77253],[-84.2878,40.7725],[-84.29471,40.77243],[-84.29476,40.7724],[-84.29483,40.77238],[-84.29491,40.77236],[-84.29656,40.77233],[-84.29862,40.7723],[-84.29949,40.77232],[-84.29973,40.77232],[-84.29981,40.77232],[-84.29985,40.77231],[-84.29989,40.77229],[-84.29993,40.77227],[-84.29996,40.77222],[-84.29996,40.77216],[-84.30006,40.77213],[-84.30315,40.77213],[-84.30336,40.77213],[-84.30947,40.77213],[-84.31538,40.77213],[-84.32409,40.77212],[-84.33409,40.77212],[-84.33633,40.77211],[-84.34,40.77211]]]}},{"type":"Feature","properties":{"GEOID":"39003002ACW","NAME":"AMERICAN A","BASENAME":"AMERICAN A","VTD":"002ACW","POP100":1144,"HU100":476,"AREALAND":"15438821","CENTLAT":"+40.7848275","CENTLON":"-084.1941219"},"geometry":{"type":"MultiPolygon","coordinates":[[[[-84.22407,40.80125],[-84.22405,40.8001],[-84.22405,40.79949],[-84.22405,40.79919],[-84.22405,40.79887],[-84.22405,40.79865],[-84.22404,40.7984],[-84.22403,40.79795],[-84.22404,40.79779],[-84.22404,40.79707],[-84.22403,40.79682],[-84.22402,40.79647],[-84.22402,40.79594],[-84.22402,40.79578],[-84.22401,40.7955],[-84.224,40.79514],[-84.224,40.79504],[-84.22398,40.79476],[-84.22398,40.79463],[-84.22398,40.79446],[-84.22398,40.79419],[-84.22397,40.79405],[-84.22397,40.79404],[-84.22397,40.7939],[-84.22395,40.79279],[-84.22395,40.79277],[-84.22395,40.79239],[-84.22395,40.7922],[-84.22394,40.79201],[-84.22394,40.79182],[-84.22394,40.79163],[-84.22393,40.79144],[-84.22393,40.79118],[-84.22392,40.79094],[-84.22392,40.7909],[-84.22392,40.79068],[-84.22391,40.79043],[-84.2239,40.79015],[-84.22391,40.78999],[-84.22391,40.7897],[-84.22386,40.78725],[-84.22381,40.78372],[-84.2238,40.78308],[-84.22379,40.78239],[-84.22377,40.78185],[-84.22377,40.7811],[-84.22376,40.78081],[-84.22375,40.7803],[-84.22375,40.77983],[-84.22374,40.77949],[-84.22374,40.77869],[-84.2237,40.77685],[-84.2237,40.77672],[-84.2237,40.77649],[-84.22368,40.77519],[-84.22368,40.77494],[-84.22367,40.77474],[-84.22366,40.77345],[-84.22363,40.77118],[-84.22362,40.77057],[-84.22359,40.76942],[-84.22358,40.76833],[-84.22358,40.76818],[-84.22355,40.767],[-84.22354,40.7659],[-84.22352,40.7649],[-84.2235,40.76373],[-84.22151,40.76306],[-84.21941,40.76237],[-84.21744,40.76172],[-84.2158,40.76115],[-84.21559,40.76108],[-84.21453,40.76073],[-84.21395,40.76054],[-84.21327,40.76031],[-84.2131,40.76024],[-84.21295,40.76015],[-84.21288,40.76009],[-84.21284,40.76001],[-84.21281,40.75982],[-84.21278,40.75877],[-84.21274,40.75866],[-84.21266,40.75855],[-84.21264,40.75853],[-84.2126,40.75851],[-84.21253,40.75848],[-84.21244,40.75846],[-84.21223,40.75844],[-84.21193,40.75844],[-84.2112,40.75844],[-84.21042,40.75844],[-84.20996,40.75844],[-84.20964,40.75844],[-84.2085,40.75845],[-84.20801,40.75844],[-84.20795,40.75844],[-84.20773,40.75842],[-84.20742,40.75835],[-84.2072,40.75828],[-84.20683,40.75816],[-84.20672,40.75812],[-84.20653,40.75806],[-84.206,40.75788],[-84.20557,40.75774],[-84.20533,40.75766],[-84.20435,40.75735],[-84.20392,40.75723],[-84.20325,40.75704],[-84.2018,40.75669],[-84.19922,40.75602],[-84.19684,40.75538],[-84.19629,40.75522],[-84.19604,40.75515],[-84.19566,40.75503],[-84.19502,40.75481],[-84.19474,40.7549],[-84.1945,40.75498],[-84.19378,40.75521],[-84.1942,40.75604],[-84.19422,40.75609],[-84.19481,40.75783],[-84.19504,40.75864],[-84.19504,40.75865],[-84.19523,40.75925],[-84.19538,40.75965],[-84.19541,40.75974],[-84.1955,40.7599],[-84.19574,40.76026],[-84.19587,40.76045],[-84.19621,40.76087],[-84.19659,40.76142],[-84.1973,40.76253],[-84.19765,40.76305],[-84.19791,40.76348],[-84.19829,40.76419],[-84.19852,40.76461],[-84.19899,40.76547],[-84.19912,40.7657],[-84.19949,40.76639],[-84.19981,40.76696],[-84.20005,40.76739],[-84.20009,40.76747],[-84.20026,40.76779],[-84.20043,40.76805],[-84.20048,40.76812],[-84.20061,40.76828],[-84.20081,40.7685],[-84.20112,40.7688],[-84.20152,40.76918],[-84.20159,40.76924],[-84.20184,40.76948],[-84.20193,40.76956],[-84.20239,40.77],[-84.20276,40.77038],[-84.20297,40.77064],[-84.20316,40.77092],[-84.2033,40.77118],[-84.20334,40.77125],[-84.20342,40.77142],[-84.20343,40.77147],[-84.20344,40.7715],[-84.20346,40.77156],[-84.20347,40.77163],[-84.20348,40.77179],[-84.20349,40.7724],[-84.20349,40.77287],[-84.2035,40.77325],[-84.20351,40.77476],[-84.20352,40.77533],[-84.20353,40.77581],[-84.20354,40.77865],[-84.2036,40.78128],[-84.20361,40.78207],[-84.20361,40.78257],[-84.20362,40.78293],[-84.20363,40.78344],[-84.20363,40.78375],[-84.20556,40.78373],[-84.2063,40.78373],[-84.20866,40.78371],[-84.21045,40.78632],[-84.21119,40.78741],[-84.21153,40.7879],[-84.21156,40.7879],[-84.21157,40.78791],[-84.21179,40.78817],[-84.21209,40.78842],[-84.21255,40.7889],[-84.21293,40.78901],[-84.21328,40.78911],[-84.21344,40.78916],[-84.21356,40.78936],[-84.21361,40.78943],[-84.21371,40.78956],[-84.21382,40.78969],[-84.2139,40.78978],[-84.21398,40.78985],[-84.21403,40.7899],[-84.21412,40.78999],[-84.21415,40.79003],[-84.21421,40.79011],[-84.21442,40.79038],[-84.21451,40.79049],[-84.21458,40.79057],[-84.21466,40.79065],[-84.21476,40.79072],[-84.21494,40.79084],[-84.21497,40.79087],[-84.215,40.7909],[-84.21503,40.79091],[-84.21504,40.79093],[-84.21506,40.79095],[-84.21508,40.79097],[-84.2151,40.79098],[-84.21511,40.79101],[-84.21513,40.79103],[-84.21537,40.79144],[-84.21524,40.79139],[-84.21469,40.79114],[-84.21414,40.79089],[-84.21382,40.79089],[-84.21327,40.7909],[-84.21366,40.79107],[-84.2141,40.79127],[-84.21428,40.79135],[-84.21451,40.79146],[-84.21527,40.79182],[-84.21555,40.79194],[-84.21542,40.79308],[-84.21635,40.7934],[-84.21649,40.79346],[-84.21657,40.79351],[-84.21663,40.79357],[-84.21667,40.79361],[-84.21672,40.79368],[-84.21673,40.79371],[-84.21674,40.79377],[-84.21674,40.79383],[-84.21674,40.79389],[-84.21674,40.79392],[-84.21673,40.79395],[-84.21672,40.79398],[-84.2167,40.79403],[-84.21666,40.7941],[-84.21663,40.79414],[-84.21658,40.79419],[-84.21652,40.79425],[-84.2164,40.79433],[-84.21627,40.79441],[-84.21614,40.79447],[-84.21603,40.7945],[-84.21586,40.79456],[-84.21565,40.79461],[-84.2153,40.79469],[-84.21496,40.79474],[-84.21463,40.79478],[-84.21445,40.79479],[-84.21417,40.79483],[-84.214,40.79484],[-84.21378,40.79483],[-84.21359,40.79478],[-84.21345,40.79474],[-84.21321,40.79462],[-84.21288,40.79444],[-84.21258,40.79429],[-84.21229,40.79415],[-84.21211,40.7941],[-84.21209,40.7941],[-84.21208,40.7941],[-84.21206,40.79409],[-84.21205,40.79409],[-84.21203,40.79409],[-84.21202,40.79409],[-84.212,40.79409],[-84.21199,40.79409],[-84.21197,40.7941],[-84.21196,40.7941],[-84.21194,40.7941],[-84.21193,40.7941],[-84.21192,40.7941],[-84.2119,40.79411],[-84.21189,40.79411],[-84.21188,40.79412],[-84.21186,40.79412],[-84.21185,40.79412],[-84.21184,40.79413],[-84.21182,40.79413],[-84.21181,40.79414],[-84.2118,40.79414],[-84.21178,40.79415],[-84.21177,40.79415],[-84.21176,40.79416],[-84.21175,40.79417],[-84.21173,40.79417],[-84.21172,40.79418],[-84.21171,40.79418],[-84.21169,40.79419],[-84.21168,40.79419],[-84.21167,40.7942],[-84.21166,40.7942],[-84.21165,40.79421],[-84.21163,40.79422],[-84.21162,40.79422],[-84.21161,40.79423],[-84.2116,40.79423],[-84.21158,40.79424],[-84.21157,40.79425],[-84.21156,40.79425],[-84.21155,40.79426],[-84.21154,40.79427],[-84.21153,40.79428],[-84.21153,40.79429],[-84.21152,40.7943],[-84.21151,40.79431],[-84.2115,40.79432],[-84.21149,40.79433],[-84.21148,40.79434],[-84.21148,40.79434],[-84.21147,40.79435],[-84.21146,40.79436],[-84.21145,40.79437],[-84.21144,40.79438],[-84.21144,40.79439],[-84.21143,40.7944],[-84.21142,40.79441],[-84.21142,40.79442],[-84.21141,40.79443],[-84.21141,40.79444],[-84.2114,40.79445],[-84.2114,40.79446],[-84.21139,40.79447],[-84.21127,40.79447],[-84.20901,40.79448],[-84.2085,40.79449],[-84.20803,40.79449],[-84.20765,40.79449],[-84.20727,40.79449],[-84.20689,40.7945],[-84.20651,40.7945],[-84.20632,40.7945],[-84.20613,40.7945],[-84.20564,40.7945],[-84.20521,40.7945],[-84.2052,40.79416],[-84.2052,40.79385],[-84.2051,40.79385],[-84.2051,40.79373],[-84.2051,40.79353],[-84.20389,40.79355],[-84.20378,40.79355],[-84.20367,40.79355],[-84.20304,40.79356],[-84.20304,40.79398],[-84.20368,40.79397],[-84.20378,40.79397],[-84.20378,40.79411],[-84.20368,40.79411],[-84.20305,40.79412],[-84.20305,40.7945],[-84.20272,40.7945],[-84.20271,40.79463],[-84.20238,40.79465],[-84.20197,40.79466],[-84.19467,40.79468],[-84.19467,40.79459],[-84.19412,40.79459],[-84.19408,40.79144],[-84.19407,40.79123],[-84.19407,40.79101],[-84.18937,40.79105],[-84.18937,40.79098],[-84.18938,40.79094],[-84.18937,40.79053],[-84.18938,40.79032],[-84.18937,40.79012],[-84.18937,40.78995],[-84.18937,40.78962],[-84.18936,40.78939],[-84.18937,40.78919],[-84.18937,40.7889],[-84.18936,40.78789],[-84.19028,40.78788],[-84.19027,40.78766],[-84.19027,40.78745],[-84.19011,40.78745],[-84.19001,40.78745],[-84.18935,40.78745],[-84.18934,40.78713],[-84.18934,40.78678],[-84.18934,40.78629],[-84.18933,40.78609],[-84.18933,40.7857],[-84.18933,40.78548],[-84.18932,40.78506],[-84.18932,40.78424],[-84.18932,40.7838],[-84.18932,40.78339],[-84.18932,40.78323],[-84.18932,40.78289],[-84.18932,40.78264],[-84.18932,40.78239],[-84.18932,40.78217],[-84.18934,40.78193],[-84.18906,40.78181],[-84.18878,40.78168],[-84.18837,40.78149],[-84.18691,40.78083],[-84.18663,40.78069],[-84.18614,40.78046],[-84.18579,40.7803],[-84.1855,40.78017],[-84.18518,40.78002],[-84.18508,40.78013],[-84.18502,40.78018],[-84.18492,40.78021],[-84.18482,40.78022],[-84.18471,40.78023],[-84.18446,40.78023],[-84.18389,40.78022],[-84.18243,40.7802],[-84.18192,40.7802],[-84.18161,40.7802],[-84.18112,40.78019],[-84.18059,40.78018],[-84.18042,40.78018],[-84.17889,40.78017],[-84.17822,40.78016],[-84.17464,40.78013],[-84.1734,40.78012],[-84.17254,40.78011],[-84.17112,40.7801],[-84.16914,40.78008],[-84.16877,40.78007],[-84.1677,40.78006],[-84.16752,40.78006],[-84.16535,40.78004],[-84.1648,40.78004],[-84.16335,40.78006],[-84.16257,40.78007],[-84.16145,40.78008],[-84.15954,40.7801],[-84.15861,40.78011],[-84.15714,40.78012],[-84.15651,40.78013],[-84.15602,40.78013],[-84.1543,40.78015],[-84.15438,40.78103],[-84.15441,40.78136],[-84.15447,40.78196],[-84.15457,40.7829],[-84.15458,40.78318],[-84.15464,40.78378],[-84.15465,40.78394],[-84.15468,40.78416],[-84.15471,40.78432],[-84.15475,40.78444],[-84.15485,40.7847],[-84.15522,40.78542],[-84.15547,40.78589],[-84.15559,40.78613],[-84.15612,40.7871],[-84.15631,40.78744],[-84.15637,40.78759],[-84.15643,40.78775],[-84.15647,40.78789],[-84.15649,40.78806],[-84.15651,40.78826],[-84.15652,40.78853],[-84.15655,40.78872],[-84.15653,40.78907],[-84.15652,40.78926],[-84.15652,40.78947],[-84.15652,40.79002],[-84.15652,40.79043],[-84.15652,40.79079],[-84.15653,40.7912],[-84.15654,40.79149],[-84.15654,40.79152],[-84.15654,40.79179],[-84.15654,40.79208],[-84.15654,40.79271],[-84.15655,40.79308],[-84.15656,40.79367],[-84.15656,40.79426],[-84.15656,40.79445],[-84.15658,40.79631],[-84.1566,40.79814],[-84.1566,40.7982],[-84.15665,40.80188],[-84.15684,40.80189],[-84.15702,40.80188],[-84.15741,40.80187],[-84.15809,40.80185],[-84.15902,40.80183],[-84.16078,40.80179],[-84.16146,40.80178],[-84.16216,40.80177],[-84.16262,40.80175],[-84.1636,40.80173],[-84.16377,40.80171],[-84.16394,40.80168],[-84.16421,40.80166],[-84.16448,40.80164],[-84.16788,40.80162],[-84.17041,40.80161],[-84.17297,40.80158],[-84.17576,40.80156],[-84.17704,40.80155],[-84.18935,40.80155],[-84.18949,40.80154],[-84.19373,40.80135],[-84.20339,40.80155],[-84.20354,40.80157],[-84.20373,40.80158],[-84.20448,40.8017],[-84.20505,40.80169],[-84.20562,40.80169],[-84.20577,40.80169],[-84.20608,40.80169],[-84.20629,40.80168],[-84.20657,40.80168],[-84.20701,40.80167],[-84.20748,40.80166],[-84.20788,40.80165],[-84.20829,40.80165],[-84.20878,40.80165],[-84.20922,40.80165],[-84.20978,40.80164],[-84.21031,40.80164],[-84.21152,40.80161],[-84.21207,40.80161],[-84.21264,40.80161],[-84.21321,40.8016],[-84.21378,40.80159],[-84.21436,40.80158],[-84.2149,40.80157],[-84.2154,40.80157],[-84.21601,40.80156],[-84.21689,40.80155],[-84.21738,40.80154],[-84.21755,40.80153],[-84.22015,40.80135],[-84.22407,40.80125]]],[[[-84.19244,40.78788],[-84.19243,40.78745],[-84.1914,40.78745],[-84.19122,40.78745],[-84.19117,40.78745],[-84.19104,40.78745],[-84.19077,40.78745],[-84.19058,40.78745],[-84.19047,40.78745],[-84.19046,40.78753],[-84.19047,40.78753],[-84.19047,40.78754],[-84.19047,40.78756],[-84.19048,40.78802],[-84.19125,40.78802],[-84.19125,40.78829],[-84.19173,40.78829],[-84.19173,40.78825],[-84.19172,40.78789],[-84.19213,40.78788],[-84.19244,40.78788]]],[[[-84.19877,40.78797],[-84.19876,40.78743],[-84.19764,40.78742],[-84.19688,40.78743],[-84.19681,40.78743],[-84.19569,40.78744],[-84.19524,40.78744],[-84.19512,40.78744],[-84.19461,40.78744],[-84.19334,40.78745],[-84.19327,40.78745],[-84.19296,40.78745],[-84.19263,40.78745],[-84.19263,40.78788],[-84.19263,40.78854],[-84.19309,40.78854],[-84.19482,40.78853],[-84.1948,40.78752],[-84.19512,40.78751],[-84.19524,40.78751],[-84.19552,40.78751],[-84.19553,40.78801],[-84.19798,40.78799],[-84.19877,40.78797]]],[[[-84.1988,40.78926],[-84.19879,40.78909],[-84.19879,40.78891],[-84.19879,40.78886],[-84.19812,40.78886],[-84.19814,40.79033],[-84.19879,40.79032],[-84.19879,40.78984],[-84.1988,40.78926]]],[[[-84.20303,40.79263],[-84.20301,40.79096],[-84.20283,40.79096],[-84.20268,40.79096],[-84.20065,40.79097],[-84.2002,40.79097],[-84.2,40.79098],[-84.19947,40.79098],[-84.1988,40.79097],[-84.19879,40.79045],[-84.19816,40.79045],[-84.19815,40.79098],[-84.19759,40.79098],[-84.19759,40.79121],[-84.19759,40.79145],[-84.19772,40.79145],[-84.19816,40.79144],[-84.19818,40.79256],[-84.1988,40.79256],[-84.20267,40.79263],[-84.20303,40.79263]]]]}},{"type":"Feature","properties":{"GEOID":"39003002ACX","NAME":"AMERICAN B","BASENAME":"AMERICAN B","VTD":"002ACX","POP100":1039,"HU100":571,"AREALAND":"9175010","CENTLAT":"+40.7842874","CENTLON":"-084.1454715"},"geometry":{"type":"Polygon","coordinates":[[[-84.16535,40.78004],[-84.16535,40.77998],[-84.16533,40.77909],[-84.16531,40.7781],[-84.1653,40.77757],[-84.16528,40.77683],[-84.16522,40.77406],[-84.1652,40.77336],[-84.1652,40.77332],[-84.1652,40.77269],[-84.16519,40.77185],[-84.1652,40.77125],[-84.16521,40.77065],[-84.16521,40.77045],[-84.16521,40.7704],[-84.16382,40.76972],[-84.16302,40.76933],[-84.16141,40.76857],[-84.1613,40.76852],[-84.16086,40.76831],[-84.16078,40.76827],[-84.1604,40.76809],[-84.16006,40.76793],[-84.15948,40.76766],[-84.15902,40.76745],[-84.15835,40.76713],[-84.15773,40.76683],[-84.15756,40.76675],[-84.15693,40.76645],[-84.15681,40.76639],[-84.15636,40.76619],[-84.15615,40.76609],[-84.15609,40.76607],[-84.15563,40.76584],[-84.15543,40.76576],[-84.15541,40.76575],[-84.15521,40.76566],[-84.15488,40.7655],[-84.15478,40.76546],[-84.15469,40.76541],[-84.15401,40.7651],[-84.1539,40.76504],[-84.1535,40.76486],[-84.15307,40.76465],[-84.15265,40.76445],[-84.15242,40.76435],[-84.15222,40.76425],[-84.15209,40.76419],[-84.15164,40.76398],[-84.15036,40.76337],[-84.14972,40.76307],[-84.14936,40.7629],[-84.14861,40.76255],[-84.14842,40.76247],[-84.1475,40.76205],[-84.1472,40.76188],[-84.14721,40.76203],[-84.14721,40.76212],[-84.14721,40.76227],[-84.14722,40.76291],[-84.14722,40.76359],[-84.14723,40.7642],[-84.14724,40.76482],[-84.14724,40.76493],[-84.14723,40.76545],[-84.14723,40.76603],[-84.14724,40.7662],[-84.14724,40.76662],[-84.14724,40.76705],[-84.14723,40.76721],[-84.14724,40.76731],[-84.14724,40.76774],[-84.14725,40.76793],[-84.14726,40.768],[-84.14731,40.76817],[-84.14732,40.76824],[-84.14734,40.76829],[-84.14729,40.76823],[-84.14723,40.76811],[-84.14719,40.76797],[-84.14716,40.76783],[-84.14715,40.76766],[-84.14714,40.76748],[-84.14713,40.767],[-84.14673,40.76699],[-84.14656,40.767],[-84.1462,40.767],[-84.14594,40.76702],[-84.14575,40.76703],[-84.14534,40.76711],[-84.14502,40.76717],[-84.14472,40.76725],[-84.14453,40.76731],[-84.14416,40.76745],[-84.14377,40.76763],[-84.14338,40.76782],[-84.14219,40.76844],[-84.14191,40.76859],[-84.14171,40.76873],[-84.14138,40.769],[-84.14108,40.76926],[-84.14087,40.76944],[-84.14071,40.76955],[-84.14051,40.76967],[-84.14031,40.76975],[-84.14025,40.76978],[-84.13985,40.76988],[-84.13966,40.76991],[-84.13951,40.76992],[-84.13924,40.76993],[-84.13863,40.76995],[-84.13813,40.76994],[-84.13701,40.76995],[-84.13678,40.76995],[-84.1365,40.76995],[-84.13583,40.76996],[-84.13493,40.76998],[-84.13462,40.76998],[-84.13462,40.77073],[-84.13462,40.77082],[-84.13462,40.7709],[-84.13464,40.77131],[-84.13466,40.77178],[-84.13466,40.77266],[-84.1347,40.77356],[-84.1347,40.77446],[-84.1347,40.77464],[-84.13471,40.77487],[-84.13471,40.77488],[-84.13689,40.77485],[-84.13745,40.77485],[-84.13774,40.77484],[-84.1378,40.78031],[-84.13756,40.78031],[-84.13684,40.78032],[-84.13522,40.78034],[-84.13217,40.78036],[-84.12976,40.78037],[-84.1296,40.78038],[-84.12802,40.78039],[-84.12803,40.78384],[-84.12804,40.78545],[-84.12804,40.78582],[-84.12804,40.7866],[-84.12805,40.78735],[-84.12806,40.78761],[-84.12808,40.7888],[-84.12819,40.79485],[-84.12821,40.79549],[-84.12822,40.79592],[-84.12822,40.79615],[-84.12823,40.79628],[-84.12824,40.79645],[-84.12825,40.79659],[-84.12825,40.79674],[-84.12825,40.79721],[-84.12825,40.79762],[-84.12825,40.79808],[-84.12826,40.79855],[-84.12826,40.79871],[-84.12827,40.79895],[-84.12828,40.79942],[-84.12829,40.79988],[-84.12829,40.80013],[-84.12832,40.80046],[-84.12836,40.80134],[-84.12837,40.80209],[-84.13035,40.80203],[-84.13074,40.80202],[-84.13213,40.80199],[-84.13258,40.80199],[-84.13283,40.80198],[-84.13342,40.80198],[-84.13415,40.80197],[-84.13615,40.80193],[-84.13746,40.80192],[-84.13775,40.8019],[-84.13794,40.80188],[-84.13811,40.80186],[-84.1385,40.80185],[-84.13909,40.80184],[-84.14036,40.80182],[-84.14177,40.8018],[-84.14311,40.80179],[-84.14443,40.80177],[-84.1451,40.80176],[-84.14586,40.80176],[-84.14601,40.80176],[-84.14667,40.80176],[-84.14741,40.80175],[-84.14831,40.80174],[-84.14927,40.80176],[-84.14959,40.80176],[-84.15014,40.80176],[-84.15068,40.80177],[-84.15125,40.80178],[-84.15182,40.8018],[-84.15241,40.80181],[-84.15297,40.80182],[-84.15357,40.80183],[-84.15421,40.80184],[-84.15487,40.80185],[-84.15568,40.80187],[-84.1563,40.80188],[-84.15665,40.80188],[-84.1566,40.7982],[-84.1566,40.79814],[-84.15658,40.79631],[-84.15656,40.79445],[-84.15656,40.79426],[-84.15656,40.79367],[-84.15655,40.79308],[-84.15654,40.79271],[-84.15654,40.79208],[-84.15654,40.79179],[-84.15654,40.79152],[-84.15654,40.79149],[-84.15653,40.7912],[-84.15652,40.79079],[-84.15652,40.79043],[-84.15652,40.79002],[-84.15652,40.78947],[-84.15652,40.78926],[-84.15653,40.78907],[-84.15655,40.78872],[-84.15652,40.78853],[-84.15651,40.78826],[-84.15649,40.78806],[-84.15647,40.78789],[-84.15643,40.78775],[-84.15637,40.78759],[-84.15631,40.78744],[-84.15612,40.7871],[-84.15559,40.78613],[-84.15547,40.78589],[-84.15522,40.78542],[-84.15485,40.7847],[-84.15475,40.78444],[-84.15471,40.78432],[-84.15468,40.78416],[-84.15465,40.78394],[-84.15464,40.78378],[-84.15458,40.78318],[-84.15457,40.7829],[-84.15447,40.78196],[-84.15441,40.78136],[-84.15438,40.78103],[-84.1543,40.78015],[-84.15602,40.78013],[-84.15651,40.78013],[-84.15714,40.78012],[-84.15861,40.78011],[-84.15954,40.7801],[-84.16145,40.78008],[-84.16257,40.78007],[-84.16335,40.78006],[-84.1648,40.78004],[-84.16535,40.78004]]]}},{"type":"Feature","properties":{"GEOID":"39003002ACY","NAME":"AMERICAN C","BASENAME":"AMERICAN C","VTD":"002ACY","POP100":1137,"HU100":445,"AREALAND":"5418598","CENTLAT":"+40.7872186","CENTLON":"-084.1178719"},"geometry":{"type":"Polygon","coordinates":[[[-84.12837,40.80209],[-84.12836,40.80134],[-84.12832,40.80046],[-84.12829,40.80013],[-84.12829,40.79988],[-84.12828,40.79942],[-84.12827,40.79895],[-84.12826,40.79871],[-84.12826,40.79855],[-84.12825,40.79808],[-84.12825,40.79762],[-84.12825,40.79721],[-84.12825,40.79674],[-84.12825,40.79659],[-84.12824,40.79645],[-84.12823,40.79628],[-84.12822,40.79615],[-84.12822,40.79592],[-84.12821,40.79549],[-84.12819,40.79485],[-84.12808,40.7888],[-84.12806,40.78761],[-84.12805,40.78735],[-84.12804,40.7866],[-84.12804,40.78582],[-84.12804,40.78545],[-84.12803,40.78384],[-84.12802,40.78039],[-84.12801,40.77942],[-84.12802,40.77933],[-84.12802,40.77895],[-84.12731,40.77896],[-84.12365,40.77895],[-84.12329,40.77895],[-84.12318,40.77341],[-84.12193,40.77346],[-84.12196,40.77182],[-84.12193,40.77067],[-84.1219,40.76975],[-84.1215,40.76977],[-84.12065,40.76979],[-84.11769,40.76987],[-84.11672,40.7699],[-84.11602,40.76992],[-84.11414,40.76996],[-84.11329,40.76999],[-84.1125,40.77001],[-84.11175,40.77003],[-84.11128,40.77005],[-84.11057,40.77007],[-84.11048,40.77007],[-84.11049,40.772],[-84.11033,40.77201],[-84.11004,40.77201],[-84.10976,40.77201],[-84.10975,40.77057],[-84.10975,40.77033],[-84.10974,40.7701],[-84.10972,40.7701],[-84.10961,40.7701],[-84.10871,40.77014],[-84.10871,40.77088],[-84.10872,40.77179],[-84.10872,40.77253],[-84.10872,40.77272],[-84.10872,40.77294],[-84.10873,40.77364],[-84.10873,40.77448],[-84.10873,40.77483],[-84.1087,40.7749],[-84.10869,40.77552],[-84.1087,40.77571],[-84.10871,40.77716],[-84.10871,40.77762],[-84.10872,40.77834],[-84.10872,40.7786],[-84.10872,40.77869],[-84.10872,40.77966],[-84.10872,40.77975],[-84.10872,40.77988],[-84.10872,40.78027],[-84.10873,40.78117],[-84.10873,40.78137],[-84.10874,40.78161],[-84.10874,40.78168],[-84.10874,40.78176],[-84.10874,40.78189],[-84.10874,40.78192],[-84.10875,40.78248],[-84.10875,40.78328],[-84.10875,40.78365],[-84.10877,40.78464],[-84.1088,40.7865],[-84.10881,40.78827],[-84.10883,40.79119],[-84.10884,40.79324],[-84.10885,40.79494],[-84.10886,40.79548],[-84.10886,40.79564],[-84.10886,40.79576],[-84.10886,40.79602],[-84.10886,40.7965],[-84.10885,40.79706],[-84.10884,40.7975],[-84.10885,40.79762],[-84.10886,40.79855],[-84.10886,40.79874],[-84.10886,40.79897],[-84.10887,40.79914],[-84.10887,40.79919],[-84.10887,40.79949],[-84.10888,40.79965],[-84.10888,40.7999],[-84.10889,40.80139],[-84.10888,40.80181],[-84.10888,40.80191],[-84.10888,40.80196],[-84.10889,40.80228],[-84.1089,40.80255],[-84.1089,40.80275],[-84.11022,40.80269],[-84.12837,40.80209]]]}},{"type":"Feature","properties":{"GEOID":"39003002ACZ","NAME":"AMERICAN D","BASENAME":"AMERICAN D","VTD":"002ACZ","POP100":1106,"HU100":598,"AREALAND":"729500","CENTLAT":"+40.7694938","CENTLON":"-084.1312327"},"geometry":{"type":"Polygon","coordinates":[[[-84.13583,40.76996],[-84.13576,40.76639],[-84.13554,40.76639],[-84.13369,40.76641],[-84.13348,40.7664],[-84.13347,40.76637],[-84.13341,40.76633],[-84.13335,40.76633],[-84.13331,40.76635],[-84.13328,40.76638],[-84.13328,40.76644],[-84.13212,40.76637],[-84.13211,40.76548],[-84.13215,40.7646],[-84.13218,40.76434],[-84.1322,40.76412],[-84.13219,40.76371],[-84.13218,40.76283],[-84.13219,40.7626],[-84.13232,40.7626],[-84.13231,40.76257],[-84.13231,40.76235],[-84.13139,40.76236],[-84.13138,40.7617],[-84.12791,40.76174],[-84.12791,40.76176],[-84.12791,40.76182],[-84.12791,40.76217],[-84.12792,40.76238],[-84.13026,40.76236],[-84.13027,40.76241],[-84.13053,40.76259],[-84.13064,40.76296],[-84.13064,40.76362],[-84.13064,40.76378],[-84.13064,40.76402],[-84.13057,40.76403],[-84.12974,40.76402],[-84.12872,40.76403],[-84.12792,40.76403],[-84.12792,40.76458],[-84.12792,40.76463],[-84.12792,40.76475],[-84.12792,40.76538],[-84.12792,40.76578],[-84.12792,40.76637],[-84.12792,40.76723],[-84.12792,40.76761],[-84.12792,40.76851],[-84.12792,40.76865],[-84.12793,40.76876],[-84.12793,40.76882],[-84.12874,40.76882],[-84.12891,40.76882],[-84.12891,40.76934],[-84.1287,40.76957],[-84.12838,40.76958],[-84.12839,40.76949],[-84.12793,40.7695],[-84.12793,40.76959],[-84.12793,40.77019],[-84.12792,40.77072],[-84.12792,40.77075],[-84.12792,40.77098],[-84.12792,40.77145],[-84.12793,40.77187],[-84.12793,40.77212],[-84.12793,40.77246],[-84.12794,40.77312],[-84.12794,40.77374],[-84.12795,40.77397],[-84.12796,40.77426],[-84.12795,40.77441],[-84.12796,40.77475],[-84.12795,40.77484],[-84.12797,40.77562],[-84.12796,40.77612],[-84.12796,40.77629],[-84.12796,40.77631],[-84.12797,40.77647],[-84.128,40.77782],[-84.12852,40.77781],[-84.12876,40.77782],[-84.12876,40.77727],[-84.12875,40.77613],[-84.12874,40.77492],[-84.12964,40.77491],[-84.13146,40.77491],[-84.13471,40.77488],[-84.13471,40.77487],[-84.1347,40.77464],[-84.1347,40.77446],[-84.1347,40.77356],[-84.13466,40.77266],[-84.13466,40.77178],[-84.13464,40.77131],[-84.13462,40.7709],[-84.13462,40.77082],[-84.13462,40.77073],[-84.13462,40.76998],[-84.13493,40.76998],[-84.13583,40.76996]]]}},{"type":"Feature","properties":{"GEOID":"39003002ADA","NAME":"AMERICAN E","BASENAME":"AMERICAN E","VTD":"002ADA","POP100":1047,"HU100":574,"AREALAND":"2209588","CENTLAT":"+40.7603598","CENTLON":"-084.1354622"},"geometry":{"type":"Polygon","coordinates":[[[-84.14734,40.76829],[-84.14732,40.76824],[-84.14731,40.76817],[-84.14726,40.768],[-84.14725,40.76793],[-84.14724,40.76774],[-84.14724,40.76731],[-84.14723,40.76721],[-84.14724,40.76705],[-84.14724,40.76662],[-84.14724,40.7662],[-84.14723,40.76603],[-84.14723,40.76545],[-84.14724,40.76493],[-84.14724,40.76482],[-84.14723,40.7642],[-84.14722,40.76359],[-84.14722,40.76291],[-84.14721,40.76227],[-84.14721,40.76212],[-84.14721,40.76203],[-84.1472,40.76188],[-84.14717,40.76187],[-84.14711,40.76184],[-84.14706,40.76181],[-84.14637,40.7615],[-84.14578,40.76123],[-84.14573,40.76121],[-84.14548,40.76109],[-84.1454,40.76105],[-84.14528,40.76099],[-84.14493,40.76083],[-84.14461,40.76069],[-84.1445,40.76063],[-84.14395,40.76037],[-84.14393,40.76036],[-84.14388,40.76034],[-84.14451,40.75951],[-84.14459,40.75941],[-84.14364,40.75897],[-84.14342,40.75889],[-84.14325,40.75883],[-84.14226,40.75837],[-84.14227,40.75782],[-84.14228,40.75671],[-84.14185,40.75667],[-84.14115,40.75677],[-84.14115,40.75683],[-84.14116,40.75733],[-84.14117,40.75757],[-84.14117,40.75771],[-84.14024,40.75727],[-84.13755,40.75601],[-84.13731,40.7559],[-84.13504,40.75486],[-84.13466,40.75469],[-84.13478,40.75435],[-84.13237,40.75332],[-84.13237,40.75284],[-84.13235,40.75157],[-84.12958,40.75159],[-84.12776,40.75155],[-84.12697,40.75155],[-84.12694,40.75156],[-84.12669,40.7516],[-84.12664,40.75161],[-84.1266,40.75165],[-84.12636,40.75196],[-84.12583,40.75196],[-84.12582,40.75157],[-84.1257,40.75158],[-84.12542,40.75158],[-84.12486,40.7516],[-84.12474,40.7516],[-84.12437,40.75161],[-84.1238,40.75162],[-84.12298,40.75163],[-84.12298,40.75171],[-84.12299,40.75217],[-84.12298,40.75243],[-84.123,40.75285],[-84.12301,40.75306],[-84.12301,40.7533],[-84.12305,40.75416],[-84.12305,40.75499],[-84.12304,40.75581],[-84.12304,40.75702],[-84.12305,40.75838],[-84.12306,40.75889],[-84.12562,40.75883],[-84.1259,40.75882],[-84.12652,40.75881],[-84.12707,40.75879],[-84.1279,40.75877],[-84.12788,40.75934],[-84.12788,40.75992],[-84.12788,40.76011],[-84.12958,40.76011],[-84.13225,40.7601],[-84.13276,40.76009],[-84.13276,40.76235],[-84.13231,40.76235],[-84.13231,40.76257],[-84.13232,40.7626],[-84.13219,40.7626],[-84.13218,40.76283],[-84.13219,40.76371],[-84.1322,40.76412],[-84.13218,40.76434],[-84.13215,40.7646],[-84.13211,40.76548],[-84.13212,40.76637],[-84.13328,40.76644],[-84.13328,40.76638],[-84.13331,40.76635],[-84.13335,40.76633],[-84.13341,40.76633],[-84.13347,40.76637],[-84.13348,40.7664],[-84.13369,40.76641],[-84.13554,40.76639],[-84.13576,40.76639],[-84.13583,40.76996],[-84.1365,40.76995],[-84.13678,40.76995],[-84.13701,40.76995],[-84.13813,40.76994],[-84.13863,40.76995],[-84.13924,40.76993],[-84.13951,40.76992],[-84.13966,40.76991],[-84.13985,40.76988],[-84.14025,40.76978],[-84.14031,40.76975],[-84.14051,40.76967],[-84.14071,40.76955],[-84.14087,40.76944],[-84.14108,40.76926],[-84.14138,40.769],[-84.14171,40.76873],[-84.14191,40.76859],[-84.14219,40.76844],[-84.14338,40.76782],[-84.14377,40.76763],[-84.14416,40.76745],[-84.14453,40.76731],[-84.14472,40.76725],[-84.14502,40.76717],[-84.14534,40.76711],[-84.14575,40.76703],[-84.14594,40.76702],[-84.1462,40.767],[-84.14656,40.767],[-84.14673,40.76699],[-84.14713,40.767],[-84.14714,40.76748],[-84.14715,40.76766],[-84.14716,40.76783],[-84.14719,40.76797],[-84.14723,40.76811],[-84.14729,40.76823],[-84.14734,40.76829]]]}},{"type":"Feature","properties":{"GEOID":"39003002ADB","NAME":"AMERICAN F","BASENAME":"AMERICAN F","VTD":"002ADB","POP100":820,"HU100":342,"AREALAND":"461390","CENTLAT":"+40.7569899","CENTLON":"-084.1546087"},"geometry":{"type":"Polygon","coordinates":[[[-84.16052,40.7571],[-84.16051,40.75686],[-84.1605,40.75493],[-84.15955,40.75495],[-84.15906,40.75495],[-84.15849,40.75496],[-84.15787,40.75497],[-84.15725,40.75497],[-84.1566,40.75498],[-84.15594,40.75499],[-84.15529,40.755],[-84.15516,40.755],[-84.15493,40.75501],[-84.15428,40.75501],[-84.15362,40.75502],[-84.15298,40.75503],[-84.15165,40.75505],[-84.15138,40.75505],[-84.15089,40.75506],[-84.15035,40.75507],[-84.14931,40.75508],[-84.1476,40.7551],[-84.14715,40.75511],[-84.1471,40.75511],[-84.1471,40.75554],[-84.14711,40.75585],[-84.14711,40.75604],[-84.14711,40.75633],[-84.14712,40.75674],[-84.14717,40.75674],[-84.14747,40.75673],[-84.14764,40.75673],[-84.14848,40.75672],[-84.14849,40.75696],[-84.1485,40.75748],[-84.14895,40.75748],[-84.14918,40.75747],[-84.14928,40.75747],[-84.14929,40.75743],[-84.14931,40.75714],[-84.14944,40.75714],[-84.1496,40.75714],[-84.14959,40.75752],[-84.15031,40.7575],[-84.15059,40.75748],[-84.15079,40.75747],[-84.15095,40.75735],[-84.1511,40.75735],[-84.15112,40.75741],[-84.15112,40.75744],[-84.15112,40.75749],[-84.15112,40.75759],[-84.1508,40.75759],[-84.15069,40.7576],[-84.15069,40.75766],[-84.1507,40.75831],[-84.15077,40.75836],[-84.15079,40.75838],[-84.15102,40.75858],[-84.15111,40.75866],[-84.15119,40.75874],[-84.15146,40.75888],[-84.1513,40.75911],[-84.15143,40.75912],[-84.15175,40.75915],[-84.15178,40.75915],[-84.15201,40.7592],[-84.15228,40.75925],[-84.15255,40.75932],[-84.15279,40.75938],[-84.15303,40.75944],[-84.1531,40.75945],[-84.15322,40.75948],[-84.15329,40.7595],[-84.15343,40.75952],[-84.15346,40.75952],[-84.15376,40.75956],[-84.1542,40.75963],[-84.15453,40.75962],[-84.15499,40.75959],[-84.15514,40.75959],[-84.1554,40.75956],[-84.15563,40.75952],[-84.15599,40.75947],[-84.15612,40.75944],[-84.15612,40.75947],[-84.15684,40.75947],[-84.15765,40.75932],[-84.15841,40.75918],[-84.15903,40.75904],[-84.15969,40.75885],[-84.15998,40.7588],[-84.16046,40.7588],[-84.16052,40.7571]]]}},{"type":"Feature","properties":{"GEOID":"39003002ADC","NAME":"AMERICAN G","BASENAME":"AMERICAN G","VTD":"002ADC","POP100":1077,"HU100":593,"AREALAND":"5644617","CENTLAT":"+40.7667379","CENTLON":"-084.1713890"},"geometry":{"type":"Polygon","coordinates":[[[-84.18947,40.78012],[-84.18959,40.77993],[-84.18936,40.77982],[-84.18815,40.77928],[-84.18654,40.77854],[-84.18451,40.77763],[-84.18452,40.77733],[-84.18452,40.77722],[-84.18452,40.77676],[-84.18452,40.77649],[-84.18452,40.77582],[-84.18451,40.77551],[-84.18451,40.77496],[-84.18451,40.77451],[-84.1845,40.77407],[-84.1845,40.77392],[-84.1845,40.77362],[-84.18448,40.77299],[-84.18447,40.77232],[-84.18447,40.77211],[-84.18446,40.77153],[-84.18445,40.77123],[-84.18442,40.77068],[-84.18441,40.77014],[-84.18438,40.76956],[-84.18438,40.76941],[-84.18437,40.76912],[-84.18437,40.76839],[-84.18436,40.76788],[-84.18436,40.76749],[-84.18434,40.76698],[-84.18434,40.7668],[-84.18433,40.76575],[-84.1843,40.76413],[-84.1843,40.76405],[-84.18427,40.76278],[-84.18426,40.76217],[-84.18424,40.76116],[-84.18423,40.76074],[-84.18422,40.76038],[-84.18419,40.75924],[-84.18418,40.75862],[-84.18418,40.75821],[-84.18418,40.75767],[-84.18419,40.75615],[-84.18189,40.75615],[-84.18166,40.75615],[-84.17938,40.75618],[-84.17907,40.75618],[-84.1787,40.75619],[-84.17846,40.75619],[-84.178,40.75619],[-84.17772,40.75619],[-84.17741,40.75617],[-84.17726,40.75617],[-84.17715,40.75615],[-84.17696,40.75613],[-84.17494,40.75565],[-84.17482,40.75562],[-84.17467,40.75558],[-84.17376,40.75536],[-84.1712,40.75468],[-84.17061,40.75452],[-84.16972,40.75432],[-84.16765,40.75378],[-84.16726,40.75367],[-84.16544,40.75322],[-84.16514,40.75315],[-84.16512,40.75421],[-84.16511,40.75475],[-84.16507,40.75606],[-84.16508,40.75698],[-84.16508,40.75707],[-84.16052,40.7571],[-84.16046,40.7588],[-84.15998,40.7588],[-84.15969,40.75885],[-84.15903,40.75904],[-84.15841,40.75918],[-84.15765,40.75932],[-84.15684,40.75947],[-84.15612,40.75947],[-84.15613,40.75981],[-84.15613,40.7603],[-84.1557,40.7603],[-84.15415,40.76032],[-84.15066,40.76037],[-84.14992,40.76038],[-84.14892,40.76039],[-84.14876,40.76039],[-84.14836,40.76039],[-84.14719,40.76039],[-84.14719,40.76044],[-84.1472,40.76064],[-84.14716,40.76065],[-84.14716,40.7607],[-84.14716,40.76073],[-84.14716,40.76081],[-84.14716,40.76097],[-84.14716,40.76117],[-84.14717,40.76187],[-84.1472,40.76188],[-84.1475,40.76205],[-84.14842,40.76247],[-84.14861,40.76255],[-84.14936,40.7629],[-84.14972,40.76307],[-84.15036,40.76337],[-84.15164,40.76398],[-84.15209,40.76419],[-84.15222,40.76425],[-84.15242,40.76435],[-84.15265,40.76445],[-84.15307,40.76465],[-84.1535,40.76486],[-84.1539,40.76504],[-84.15401,40.7651],[-84.15469,40.76541],[-84.15478,40.76546],[-84.15488,40.7655],[-84.15521,40.76566],[-84.15541,40.76575],[-84.15543,40.76576],[-84.15563,40.76584],[-84.15609,40.76607],[-84.15615,40.76609],[-84.15636,40.76619],[-84.15681,40.76639],[-84.15693,40.76645],[-84.15756,40.76675],[-84.15773,40.76683],[-84.15835,40.76713],[-84.15902,40.76745],[-84.15948,40.76766],[-84.16006,40.76793],[-84.1604,40.76809],[-84.16078,40.76827],[-84.16086,40.76831],[-84.1613,40.76852],[-84.16141,40.76857],[-84.16302,40.76933],[-84.16382,40.76972],[-84.16521,40.7704],[-84.16521,40.77045],[-84.16521,40.77065],[-84.1652,40.77125],[-84.16519,40.77185],[-84.1652,40.77269],[-84.1652,40.77332],[-84.1652,40.77336],[-84.16522,40.77406],[-84.16528,40.77683],[-84.1653,40.77757],[-84.16531,40.7781],[-84.16533,40.77909],[-84.16535,40.77998],[-84.16535,40.78004],[-84.16752,40.78006],[-84.1677,40.78006],[-84.16877,40.78007],[-84.16914,40.78008],[-84.17112,40.7801],[-84.17254,40.78011],[-84.1734,40.78012],[-84.17464,40.78013],[-84.17822,40.78016],[-84.17889,40.78017],[-84.18042,40.78018],[-84.18059,40.78018],[-84.18112,40.78019],[-84.18161,40.7802],[-84.18192,40.7802],[-84.18243,40.7802],[-84.18389,40.78022],[-84.18446,40.78023],[-84.18471,40.78023],[-84.18482,40.78022],[-84.18492,40.78021],[-84.18502,40.78018],[-84.18508,40.78013],[-84.18518,40.78002],[-84.18478,40.77982],[-84.18449,40.77968],[-84.18449,40.77957],[-84.18449,40.77942],[-84.18449,40.77928],[-84.18451,40.7781],[-84.18451,40.77788],[-84.18493,40.77808],[-84.18519,40.77819],[-84.18616,40.77862],[-84.18679,40.77888],[-84.18716,40.77906],[-84.18926,40.78002],[-84.18947,40.78012]]]}},{"type":"Feature","properties":{"GEOID":"39003002ADD","NAME":"AMERICAN H","BASENAME":"AMERICAN H","VTD":"002ADD","POP100":1055,"HU100":456,"AREALAND":"1009832","CENTLAT":"+40.7761764","CENTLON":"-084.1958700"},"geometry":{"type":"Polygon","coordinates":[[[-84.2036,40.78128],[-84.20354,40.77865],[-84.20353,40.77581],[-84.20352,40.77533],[-84.20351,40.77476],[-84.2035,40.77325],[-84.20349,40.77287],[-84.2027,40.77287],[-84.20237,40.77287],[-84.2018,40.77287],[-84.20109,40.77288],[-84.20056,40.77288],[-84.19976,40.77288],[-84.19969,40.77288],[-84.19866,40.77288],[-84.19733,40.77288],[-84.19588,40.77288],[-84.19404,40.77289],[-84.19179,40.77292],[-84.19105,40.77293],[-84.19075,40.77293],[-84.18918,40.77295],[-84.18695,40.77297],[-84.18673,40.77297],[-84.18448,40.77299],[-84.1845,40.77362],[-84.1845,40.77392],[-84.1845,40.77407],[-84.18451,40.77451],[-84.18451,40.77496],[-84.18451,40.77551],[-84.18452,40.77582],[-84.18452,40.77649],[-84.18452,40.77676],[-84.18452,40.77722],[-84.18497,40.77722],[-84.18536,40.77722],[-84.18597,40.7772],[-84.18597,40.77712],[-84.18597,40.77685],[-84.18596,40.77676],[-84.18867,40.77673],[-84.18911,40.77673],[-84.18928,40.77673],[-84.18928,40.77626],[-84.18928,40.77607],[-84.18928,40.77586],[-84.18963,40.77586],[-84.19009,40.77587],[-84.19066,40.77589],[-84.19206,40.77594],[-84.19282,40.77597],[-84.19349,40.77599],[-84.19367,40.776],[-84.19377,40.776],[-84.19388,40.776],[-84.19391,40.77697],[-84.194,40.77953],[-84.19402,40.78022],[-84.19421,40.78021],[-84.19707,40.78015],[-84.19835,40.78014],[-84.19895,40.78013],[-84.19895,40.78052],[-84.19895,40.78129],[-84.2,40.78128],[-84.2036,40.78128]]]}},{"type":"Feature","properties":{"GEOID":"39003002ADE","NAME":"AMERICAN I","BASENAME":"AMERICAN I","VTD":"002ADE","POP100":989,"HU100":400,"AREALAND":"4085196","CENTLAT":"+40.7587781","CENTLON":"-084.1854288"},"geometry":{"type":"Polygon","coordinates":[[[-84.20349,40.77287],[-84.20349,40.7724],[-84.20348,40.77179],[-84.20347,40.77163],[-84.20346,40.77156],[-84.20344,40.7715],[-84.20343,40.77147],[-84.20342,40.77142],[-84.20334,40.77125],[-84.2033,40.77118],[-84.20316,40.77092],[-84.20297,40.77064],[-84.20276,40.77038],[-84.20239,40.77],[-84.20193,40.76956],[-84.20184,40.76948],[-84.20159,40.76924],[-84.20152,40.76918],[-84.20112,40.7688],[-84.20081,40.7685],[-84.20061,40.76828],[-84.20048,40.76812],[-84.20043,40.76805],[-84.20026,40.76779],[-84.20009,40.76747],[-84.20005,40.76739],[-84.19981,40.76696],[-84.19949,40.76639],[-84.19912,40.7657],[-84.19899,40.76547],[-84.19852,40.76461],[-84.19829,40.76419],[-84.19791,40.76348],[-84.19765,40.76305],[-84.1973,40.76253],[-84.19659,40.76142],[-84.19621,40.76087],[-84.19587,40.76045],[-84.19574,40.76026],[-84.1955,40.7599],[-84.19541,40.75974],[-84.19538,40.75965],[-84.19523,40.75925],[-84.19504,40.75865],[-84.19504,40.75864],[-84.19481,40.75783],[-84.19422,40.75609],[-84.1942,40.75604],[-84.19378,40.75521],[-84.19296,40.75547],[-84.19273,40.75554],[-84.19242,40.75565],[-84.19201,40.75578],[-84.19172,40.75587],[-84.19149,40.75548],[-84.19135,40.75524],[-84.19128,40.75509],[-84.19115,40.75482],[-84.19106,40.7545],[-84.19089,40.75376],[-84.19082,40.75378],[-84.19077,40.75381],[-84.19065,40.75386],[-84.19055,40.7539],[-84.19045,40.75392],[-84.19036,40.75396],[-84.19028,40.75398],[-84.19021,40.754],[-84.19011,40.75402],[-84.18998,40.75404],[-84.1899,40.75404],[-84.18984,40.75404],[-84.18977,40.75404],[-84.18973,40.75404],[-84.18969,40.75404],[-84.18964,40.75404],[-84.18958,40.75403],[-84.18951,40.75402],[-84.18944,40.75401],[-84.18916,40.75391],[-84.18902,40.75385],[-84.18881,40.75377],[-84.18828,40.75348],[-84.18803,40.75334],[-84.18796,40.7533],[-84.18793,40.75326],[-84.18796,40.7532],[-84.18797,40.75316],[-84.18797,40.75313],[-84.18792,40.7531],[-84.18783,40.75307],[-84.18773,40.753],[-84.18764,40.75291],[-84.1875,40.75279],[-84.1872,40.75255],[-84.18712,40.75252],[-84.18698,40.75247],[-84.18692,40.75243],[-84.18681,40.75236],[-84.18673,40.75229],[-84.18657,40.75221],[-84.1865,40.75213],[-84.18641,40.75203],[-84.1863,40.75193],[-84.18619,40.75182],[-84.18603,40.75162],[-84.18579,40.7513],[-84.18568,40.75113],[-84.18564,40.75102],[-84.18562,40.75092],[-84.18562,40.75079],[-84.18563,40.75043],[-84.18562,40.75022],[-84.18561,40.75004],[-84.18561,40.74985],[-84.18564,40.74953],[-84.18564,40.74928],[-84.18563,40.74916],[-84.18565,40.74906],[-84.18569,40.74897],[-84.18572,40.74886],[-84.18572,40.74875],[-84.1857,40.74863],[-84.18567,40.74841],[-84.18558,40.74812],[-84.18549,40.74793],[-84.18541,40.74779],[-84.18536,40.74772],[-84.18528,40.74765],[-84.18514,40.7476],[-84.18499,40.74755],[-84.18488,40.74749],[-84.18478,40.74741],[-84.18469,40.74732],[-84.18456,40.74716],[-84.1844,40.74696],[-84.18426,40.74683],[-84.18415,40.74673],[-84.18402,40.74666],[-84.18391,40.74663],[-84.18367,40.74662],[-84.1835,40.74659],[-84.18327,40.74655],[-84.18294,40.74652],[-84.18269,40.74652],[-84.18252,40.74652],[-84.18229,40.74649],[-84.18211,40.74645],[-84.18184,40.7464],[-84.1817,40.74635],[-84.18162,40.74627],[-84.18156,40.74619],[-84.18149,40.74601],[-84.18148,40.74598],[-84.18141,40.7457],[-84.18137,40.74554],[-84.18133,40.7454],[-84.18117,40.74493],[-84.18103,40.74455],[-84.18082,40.74402],[-84.17902,40.74403],[-84.1788,40.74403],[-84.17021,40.74407],[-84.17027,40.75068],[-84.16977,40.75068],[-84.1663,40.75072],[-84.16507,40.75074],[-84.16514,40.75315],[-84.16544,40.75322],[-84.16726,40.75367],[-84.16765,40.75378],[-84.16972,40.75432],[-84.17061,40.75452],[-84.1712,40.75468],[-84.17376,40.75536],[-84.17467,40.75558],[-84.17482,40.75562],[-84.17494,40.75565],[-84.17696,40.75613],[-84.17715,40.75615],[-84.17726,40.75617],[-84.17741,40.75617],[-84.17772,40.75619],[-84.178,40.75619],[-84.17846,40.75619],[-84.1787,40.75619],[-84.17907,40.75618],[-84.17938,40.75618],[-84.18166,40.75615],[-84.18189,40.75615],[-84.18419,40.75615],[-84.18418,40.75767],[-84.18418,40.75821],[-84.18418,40.75862],[-84.18419,40.75924],[-84.18422,40.76038],[-84.18423,40.76074],[-84.18424,40.76116],[-84.18426,40.76217],[-84.18427,40.76278],[-84.1843,40.76405],[-84.1843,40.76413],[-84.18433,40.76575],[-84.18434,40.7668],[-84.18434,40.76698],[-84.18436,40.76749],[-84.18436,40.76788],[-84.18437,40.76839],[-84.18437,40.76912],[-84.18438,40.76941],[-84.18438,40.76956],[-84.18441,40.77014],[-84.18442,40.77068],[-84.18445,40.77123],[-84.18446,40.77153],[-84.18447,40.77211],[-84.18447,40.77232],[-84.18448,40.77299],[-84.18673,40.77297],[-84.18695,40.77297],[-84.18918,40.77295],[-84.19075,40.77293],[-84.19105,40.77293],[-84.19179,40.77292],[-84.19404,40.77289],[-84.19588,40.77288],[-84.19733,40.77288],[-84.19866,40.77288],[-84.19969,40.77288],[-84.19976,40.77288],[-84.20056,40.77288],[-84.20109,40.77288],[-84.2018,40.77287],[-84.20237,40.77287],[-84.2027,40.77287],[-84.20349,40.77287]]]}},{"type":"Feature","properties":{"GEOID":"39003002ADF","NAME":"AMERICAN J","BASENAME":"AMERICAN J","VTD":"002ADF","POP100":1009,"HU100":360,"AREALAND":"10615547","CENTLAT":"+40.7433488","CENTLON":"-084.2037742"},"geometry":{"type":"Polygon","coordinates":[[[-84.2235,40.76373],[-84.2235,40.76285],[-84.22348,40.76212],[-84.22345,40.76029],[-84.22345,40.75901],[-84.22344,40.75807],[-84.22344,40.75713],[-84.22344,40.75621],[-84.22343,40.75512],[-84.22342,40.75475],[-84.2234,40.75304],[-84.22339,40.75247],[-84.2234,40.75219],[-84.2234,40.75166],[-84.2234,40.75116],[-84.22336,40.74938],[-84.22332,40.7472],[-84.22332,40.74692],[-84.22332,40.74647],[-84.22331,40.7451],[-84.22329,40.74382],[-84.22325,40.7411],[-84.22324,40.74088],[-84.22323,40.7402],[-84.22324,40.73906],[-84.22323,40.73833],[-84.22321,40.73707],[-84.22321,40.7369],[-84.22321,40.73621],[-84.2232,40.73534],[-84.22321,40.73481],[-84.22319,40.73413],[-84.22319,40.7333],[-84.22315,40.73067],[-84.22314,40.72946],[-84.22234,40.72948],[-84.22177,40.72948],[-84.22112,40.72948],[-84.22098,40.72948],[-84.22019,40.72949],[-84.2194,40.7295],[-84.21861,40.72951],[-84.21759,40.72952],[-84.21703,40.72953],[-84.2162,40.72954],[-84.21545,40.72954],[-84.21471,40.72953],[-84.21398,40.72954],[-84.21346,40.72954],[-84.21323,40.72955],[-84.21305,40.72956],[-84.21296,40.72957],[-84.21289,40.72959],[-84.21281,40.72961],[-84.21267,40.72964],[-84.21257,40.72967],[-84.21239,40.72973],[-84.21223,40.72978],[-84.21211,40.7298],[-84.21197,40.72982],[-84.21183,40.72983],[-84.21143,40.72985],[-84.21002,40.72986],[-84.20941,40.72987],[-84.20799,40.72988],[-84.2074,40.72988],[-84.20671,40.72989],[-84.20624,40.7299],[-84.20555,40.72991],[-84.20434,40.72992],[-84.20409,40.72992],[-84.20358,40.72992],[-84.20282,40.72992],[-84.20188,40.72991],[-84.20093,40.72989],[-84.19585,40.72988],[-84.19376,40.7299],[-84.19232,40.72995],[-84.19197,40.72996],[-84.19078,40.73001],[-84.1869,40.73015],[-84.17868,40.73034],[-84.17856,40.73034],[-84.17866,40.73051],[-84.17867,40.73055],[-84.17867,40.73059],[-84.17866,40.73064],[-84.17862,40.73068],[-84.17834,40.73084],[-84.17825,40.73088],[-84.17818,40.73089],[-84.17812,40.73089],[-84.17806,40.73088],[-84.17801,40.73086],[-84.17797,40.73085],[-84.1779,40.73084],[-84.17774,40.73088],[-84.17745,40.7309],[-84.17729,40.73093],[-84.17716,40.73097],[-84.17708,40.731],[-84.17698,40.73107],[-84.1769,40.73114],[-84.1768,40.73133],[-84.17661,40.73168],[-84.17654,40.73176],[-84.17649,40.7318],[-84.17642,40.73184],[-84.17627,40.73188],[-84.17618,40.73189],[-84.17567,40.7319],[-84.17534,40.73192],[-84.1752,40.73194],[-84.1751,40.73199],[-84.17506,40.73202],[-84.17494,40.73213],[-84.17475,40.73238],[-84.17469,40.73247],[-84.17465,40.73256],[-84.17463,40.73265],[-84.17462,40.73273],[-84.17467,40.73291],[-84.17476,40.73318],[-84.17481,40.73336],[-84.17481,40.73343],[-84.1748,40.73349],[-84.17477,40.73358],[-84.17469,40.73369],[-84.1746,40.73385],[-84.17458,40.73394],[-84.17455,40.73406],[-84.17455,40.73418],[-84.17455,40.7343],[-84.17458,40.7345],[-84.17462,40.73458],[-84.17467,40.73463],[-84.17469,40.73469],[-84.17472,40.73474],[-84.17472,40.7348],[-84.17472,40.73489],[-84.17471,40.73499],[-84.17471,40.73506],[-84.17472,40.73513],[-84.17475,40.73519],[-84.17495,40.73538],[-84.1751,40.73546],[-84.17532,40.73555],[-84.17553,40.73563],[-84.17569,40.7357],[-84.17586,40.73579],[-84.17614,40.7359],[-84.17638,40.73596],[-84.17698,40.73613],[-84.17732,40.73619],[-84.17756,40.73624],[-84.17776,40.73627],[-84.17792,40.73629],[-84.17814,40.73633],[-84.17845,40.73635],[-84.17891,40.73639],[-84.17961,40.73647],[-84.17978,40.73651],[-84.18001,40.73659],[-84.18032,40.73674],[-84.18055,40.73688],[-84.18065,40.73697],[-84.18093,40.73714],[-84.181,40.73719],[-84.18135,40.73738],[-84.18184,40.7377],[-84.182,40.7378],[-84.1823,40.738],[-84.18249,40.73813],[-84.18265,40.73826],[-84.18283,40.73841],[-84.18299,40.73856],[-84.18315,40.7387],[-84.18328,40.7388],[-84.1834,40.73888],[-84.18354,40.73899],[-84.18368,40.7391],[-84.1838,40.73918],[-84.18393,40.73932],[-84.1841,40.73952],[-84.18422,40.73967],[-84.18437,40.73983],[-84.18447,40.73996],[-84.18456,40.7401],[-84.18461,40.74024],[-84.18463,40.74035],[-84.18464,40.74048],[-84.18467,40.74059],[-84.1847,40.74072],[-84.18476,40.74088],[-84.18481,40.74105],[-84.18482,40.74115],[-84.18482,40.74124],[-84.18479,40.7414],[-84.18476,40.74149],[-84.18463,40.74169],[-84.18444,40.74197],[-84.18435,40.74209],[-84.18422,40.7422],[-84.18406,40.74232],[-84.18367,40.74254],[-84.18335,40.74269],[-84.18307,40.74282],[-84.18289,40.74289],[-84.18272,40.74291],[-84.18245,40.74292],[-84.18222,40.74289],[-84.18198,40.74284],[-84.18183,40.7428],[-84.18171,40.74278],[-84.18159,40.74278],[-84.18145,40.74279],[-84.18123,40.74284],[-84.18109,40.74288],[-84.18094,40.74293],[-84.18083,40.74299],[-84.18074,40.74305],[-84.18069,40.74312],[-84.18066,40.7432],[-84.18063,40.74329],[-84.18064,40.74343],[-84.18075,40.74376],[-84.18082,40.74402],[-84.18103,40.74455],[-84.18117,40.74493],[-84.18133,40.7454],[-84.18137,40.74554],[-84.18141,40.7457],[-84.18148,40.74598],[-84.18149,40.74601],[-84.18156,40.74619],[-84.18162,40.74627],[-84.1817,40.74635],[-84.18184,40.7464],[-84.18211,40.74645],[-84.18229,40.74649],[-84.18252,40.74652],[-84.18269,40.74652],[-84.18294,40.74652],[-84.18327,40.74655],[-84.1835,40.74659],[-84.18367,40.74662],[-84.18391,40.74663],[-84.18402,40.74666],[-84.18415,40.74673],[-84.18426,40.74683],[-84.1844,40.74696],[-84.18456,40.74716],[-84.18469,40.74732],[-84.18478,40.74741],[-84.18488,40.74749],[-84.18499,40.74755],[-84.18514,40.7476],[-84.18528,40.74765],[-84.18536,40.74772],[-84.18541,40.74779],[-84.18549,40.74793],[-84.18558,40.74812],[-84.18567,40.74841],[-84.1857,40.74863],[-84.18572,40.74875],[-84.18572,40.74886],[-84.18569,40.74897],[-84.18565,40.74906],[-84.18563,40.74916],[-84.18564,40.74928],[-84.18564,40.74953],[-84.18561,40.74985],[-84.18561,40.75004],[-84.18562,40.75022],[-84.18563,40.75043],[-84.18562,40.75079],[-84.18562,40.75092],[-84.18564,40.75102],[-84.18568,40.75113],[-84.18579,40.7513],[-84.18603,40.75162],[-84.18619,40.75182],[-84.1863,40.75193],[-84.18641,40.75203],[-84.1865,40.75213],[-84.18657,40.75221],[-84.18673,40.75229],[-84.18681,40.75236],[-84.18692,40.75243],[-84.18698,40.75247],[-84.18712,40.75252],[-84.1872,40.75255],[-84.1875,40.75279],[-84.18764,40.75291],[-84.18773,40.753],[-84.18783,40.75307],[-84.18792,40.7531],[-84.18797,40.75313],[-84.18797,40.75316],[-84.18796,40.7532],[-84.18793,40.75326],[-84.18796,40.7533],[-84.18803,40.75334],[-84.18828,40.75348],[-84.18881,40.75377],[-84.18902,40.75385],[-84.18916,40.75391],[-84.18944,40.75401],[-84.18951,40.75402],[-84.18958,40.75403],[-84.18964,40.75404],[-84.18969,40.75404],[-84.18973,40.75404],[-84.18977,40.75404],[-84.18984,40.75404],[-84.1899,40.75404],[-84.18998,40.75404],[-84.19011,40.75402],[-84.19021,40.754],[-84.19028,40.75398],[-84.19036,40.75396],[-84.19045,40.75392],[-84.19055,40.7539],[-84.19065,40.75386],[-84.19077,40.75381],[-84.19082,40.75378],[-84.19089,40.75376],[-84.19106,40.7545],[-84.19115,40.75482],[-84.19128,40.75509],[-84.19135,40.75524],[-84.19149,40.75548],[-84.19172,40.75587],[-84.19201,40.75578],[-84.19242,40.75565],[-84.19273,40.75554],[-84.19296,40.75547],[-84.19378,40.75521],[-84.1945,40.75498],[-84.19474,40.7549],[-84.19502,40.75481],[-84.19566,40.75503],[-84.19604,40.75515],[-84.19629,40.75522],[-84.19684,40.75538],[-84.19922,40.75602],[-84.2018,40.75669],[-84.20325,40.75704],[-84.20392,40.75723],[-84.20435,40.75735],[-84.20533,40.75766],[-84.20557,40.75774],[-84.206,40.75788],[-84.20653,40.75806],[-84.20672,40.75812],[-84.20683,40.75816],[-84.2072,40.75828],[-84.20742,40.75835],[-84.20773,40.75842],[-84.20795,40.75844],[-84.20801,40.75844],[-84.2085,40.75845],[-84.20964,40.75844],[-84.20996,40.75844],[-84.21042,40.75844],[-84.2112,40.75844],[-84.21193,40.75844],[-84.21223,40.75844],[-84.21244,40.75846],[-84.21253,40.75848],[-84.2126,40.75851],[-84.21264,40.75853],[-84.21266,40.75855],[-84.21274,40.75866],[-84.21278,40.75877],[-84.21281,40.75982],[-84.21284,40.76001],[-84.21288,40.76009],[-84.21295,40.76015],[-84.2131,40.76024],[-84.21327,40.76031],[-84.21395,40.76054],[-84.21453,40.76073],[-84.21559,40.76108],[-84.2158,40.76115],[-84.21744,40.76172],[-84.21941,40.76237],[-84.22151,40.76306],[-84.2235,40.76373]]]}},{"type":"Feature","properties":{"GEOID":"39003002ADG","NAME":"AMERICAN K","BASENAME":"AMERICAN K","VTD":"002ADG","POP100":1120,"HU100":634,"AREALAND":"3652397","CENTLAT":"+40.7415073","CENTLON":"-084.1666948"},"geometry":{"type":"Polygon","coordinates":[[[-84.18482,40.74124],[-84.18482,40.74115],[-84.18481,40.74105],[-84.18476,40.74088],[-84.1847,40.74072],[-84.18467,40.74059],[-84.18464,40.74048],[-84.18463,40.74035],[-84.18461,40.74024],[-84.18456,40.7401],[-84.18447,40.73996],[-84.18437,40.73983],[-84.18422,40.73967],[-84.1841,40.73952],[-84.18393,40.73932],[-84.1838,40.73918],[-84.18368,40.7391],[-84.18354,40.73899],[-84.1834,40.73888],[-84.18328,40.7388],[-84.18315,40.7387],[-84.18299,40.73856],[-84.18283,40.73841],[-84.18265,40.73826],[-84.18249,40.73813],[-84.1823,40.738],[-84.182,40.7378],[-84.18184,40.7377],[-84.18135,40.73738],[-84.181,40.73719],[-84.18093,40.73714],[-84.18065,40.73697],[-84.18055,40.73688],[-84.18032,40.73674],[-84.18001,40.73659],[-84.17978,40.73651],[-84.17961,40.73647],[-84.17891,40.73639],[-84.17845,40.73635],[-84.17814,40.73633],[-84.17792,40.73629],[-84.17776,40.73627],[-84.17756,40.73624],[-84.17732,40.73619],[-84.17698,40.73613],[-84.17638,40.73596],[-84.17614,40.7359],[-84.17586,40.73579],[-84.17569,40.7357],[-84.17553,40.73563],[-84.17532,40.73555],[-84.1751,40.73546],[-84.17495,40.73538],[-84.17475,40.73519],[-84.17472,40.73513],[-84.17471,40.73506],[-84.17471,40.73499],[-84.17472,40.73489],[-84.17472,40.7348],[-84.17472,40.73474],[-84.17469,40.73469],[-84.17467,40.73463],[-84.17462,40.73458],[-84.17458,40.7345],[-84.17455,40.7343],[-84.17455,40.73418],[-84.17455,40.73406],[-84.17458,40.73394],[-84.1746,40.73385],[-84.17469,40.73369],[-84.17477,40.73358],[-84.1748,40.73349],[-84.17481,40.73343],[-84.17481,40.73336],[-84.17476,40.73318],[-84.17467,40.73291],[-84.17462,40.73273],[-84.17463,40.73265],[-84.17465,40.73256],[-84.17469,40.73247],[-84.17475,40.73238],[-84.17494,40.73213],[-84.17506,40.73202],[-84.1751,40.73199],[-84.1752,40.73194],[-84.17534,40.73192],[-84.17567,40.7319],[-84.17618,40.73189],[-84.17627,40.73188],[-84.17642,40.73184],[-84.17649,40.7318],[-84.17654,40.73176],[-84.17661,40.73168],[-84.1768,40.73133],[-84.1769,40.73114],[-84.17698,40.73107],[-84.17708,40.731],[-84.17716,40.73097],[-84.17729,40.73093],[-84.17745,40.7309],[-84.17774,40.73088],[-84.1779,40.73084],[-84.17797,40.73085],[-84.17801,40.73086],[-84.17806,40.73088],[-84.17812,40.73089],[-84.17818,40.73089],[-84.17825,40.73088],[-84.17834,40.73084],[-84.17862,40.73068],[-84.17866,40.73064],[-84.17867,40.73059],[-84.17867,40.73055],[-84.17866,40.73051],[-84.17856,40.73034],[-84.17416,40.73029],[-84.17008,40.73025],[-84.1653,40.73025],[-84.1652,40.73109],[-84.16504,40.73262],[-84.16493,40.73378],[-84.16486,40.73471],[-84.16484,40.73581],[-84.16483,40.73671],[-84.16475,40.73697],[-84.16407,40.73697],[-84.16306,40.73698],[-84.16288,40.73698],[-84.16246,40.73698],[-84.16229,40.73698],[-84.16208,40.73698],[-84.16163,40.73698],[-84.16158,40.73699],[-84.16079,40.73699],[-84.15943,40.737],[-84.15924,40.737],[-84.15878,40.73701],[-84.15806,40.73702],[-84.15762,40.73702],[-84.15711,40.73703],[-84.15689,40.73704],[-84.15629,40.73704],[-84.15586,40.73705],[-84.15565,40.73705],[-84.15525,40.73706],[-84.15525,40.73721],[-84.15525,40.7379],[-84.15527,40.73885],[-84.15527,40.73951],[-84.15542,40.73954],[-84.15581,40.73953],[-84.15581,40.73917],[-84.15653,40.73917],[-84.15653,40.73938],[-84.15653,40.73994],[-84.15621,40.73994],[-84.15527,40.73995],[-84.15528,40.74005],[-84.15528,40.74063],[-84.15439,40.74065],[-84.15389,40.74065],[-84.15286,40.74066],[-84.15154,40.74067],[-84.15138,40.74067],[-84.15144,40.74368],[-84.15144,40.7442],[-84.15145,40.745],[-84.15146,40.74559],[-84.15147,40.74591],[-84.15121,40.74592],[-84.1511,40.74592],[-84.1511,40.74602],[-84.15112,40.74706],[-84.15112,40.74725],[-84.15112,40.74739],[-84.15106,40.74739],[-84.15106,40.74745],[-84.15109,40.74951],[-84.15043,40.74933],[-84.15037,40.74932],[-84.1501,40.74925],[-84.14984,40.74919],[-84.14904,40.74898],[-84.14871,40.7489],[-84.14867,40.74889],[-84.14816,40.74876],[-84.14807,40.74874],[-84.14762,40.74863],[-84.14701,40.74848],[-84.14703,40.74927],[-84.14703,40.7497],[-84.14703,40.74979],[-84.14703,40.74991],[-84.14703,40.7501],[-84.14703,40.75019],[-84.14703,40.75035],[-84.14703,40.75062],[-84.14703,40.75083],[-84.14704,40.75113],[-84.14701,40.75131],[-84.147,40.75151],[-84.14699,40.7518],[-84.147,40.75198],[-84.14706,40.75198],[-84.14711,40.75198],[-84.14716,40.75198],[-84.14845,40.752],[-84.14844,40.7515],[-84.14894,40.75149],[-84.15079,40.75149],[-84.15086,40.75133],[-84.15093,40.75119],[-84.15104,40.75096],[-84.15117,40.75064],[-84.15119,40.75059],[-84.15151,40.7498],[-84.15158,40.74963],[-84.15182,40.74969],[-84.15193,40.74972],[-84.15353,40.75013],[-84.15376,40.75019],[-84.15439,40.75036],[-84.15516,40.75055],[-84.1552,40.75057],[-84.15532,40.7506],[-84.15504,40.75129],[-84.15613,40.75157],[-84.15611,40.75139],[-84.15606,40.75079],[-84.15631,40.75086],[-84.1572,40.75109],[-84.15736,40.75062],[-84.15742,40.75039],[-84.1575,40.75014],[-84.15753,40.74981],[-84.15753,40.74976],[-84.15749,40.74944],[-84.15747,40.74932],[-84.15583,40.74933],[-84.15583,40.74928],[-84.15583,40.74912],[-84.15594,40.74912],[-84.15594,40.74901],[-84.15593,40.74856],[-84.15593,40.74791],[-84.15529,40.74792],[-84.15528,40.74778],[-84.1535,40.7478],[-84.1535,40.7477],[-84.1535,40.74743],[-84.15349,40.74691],[-84.15349,40.74681],[-84.15526,40.74679],[-84.15525,40.74593],[-84.15523,40.74473],[-84.15522,40.7442],[-84.15815,40.74418],[-84.15811,40.74263],[-84.15807,40.74063],[-84.15869,40.74063],[-84.15903,40.74062],[-84.15966,40.74061],[-84.15998,40.74061],[-84.15999,40.74115],[-84.16035,40.74115],[-84.16035,40.74282],[-84.16035,40.74396],[-84.16035,40.74416],[-84.16043,40.74416],[-84.16046,40.7459],[-84.16047,40.74668],[-84.16051,40.74924],[-84.16011,40.74925],[-84.16013,40.75009],[-84.16052,40.75008],[-84.16055,40.75197],[-84.16074,40.75202],[-84.16079,40.75203],[-84.16125,40.75215],[-84.16183,40.7523],[-84.16239,40.75244],[-84.16251,40.75247],[-84.16252,40.75322],[-84.16253,40.75376],[-84.16293,40.75382],[-84.16342,40.7539],[-84.16393,40.75399],[-84.16512,40.75421],[-84.16514,40.75315],[-84.16507,40.75074],[-84.1663,40.75072],[-84.16977,40.75068],[-84.17027,40.75068],[-84.17021,40.74407],[-84.1788,40.74403],[-84.17902,40.74403],[-84.18082,40.74402],[-84.18075,40.74376],[-84.18064,40.74343],[-84.18063,40.74329],[-84.18066,40.7432],[-84.18069,40.74312],[-84.18074,40.74305],[-84.18083,40.74299],[-84.18094,40.74293],[-84.18109,40.74288],[-84.18123,40.74284],[-84.18145,40.74279],[-84.18159,40.74278],[-84.18171,40.74278],[-84.18183,40.7428],[-84.18198,40.74284],[-84.18222,40.74289],[-84.18245,40.74292],[-84.18272,40.74291],[-84.18289,40.74289],[-84.18307,40.74282],[-84.18335,40.74269],[-84.18367,40.74254],[-84.18406,40.74232],[-84.18422,40.7422],[-84.18435,40.74209],[-84.18444,40.74197],[-84.18463,40.74169],[-84.18476,40.74149],[-84.18479,40.7414],[-84.18482,40.74124]]]}},{"type":"Feature","properties":{"GEOID":"39003002ADI","NAME":"AMERICAN L","BASENAME":"AMERICAN L","VTD":"002ADI","POP100":1077,"HU100":450,"AREALAND":"916507","CENTLAT":"+40.7341088","CENTLON":"-084.1570757"},"geometry":{"type":"Polygon","coordinates":[[[-84.1652,40.73109],[-84.1653,40.73025],[-84.16508,40.73025],[-84.16232,40.73026],[-84.16154,40.73018],[-84.16125,40.73015],[-84.16117,40.73015],[-84.16101,40.73015],[-84.15715,40.73015],[-84.15652,40.73022],[-84.15641,40.73023],[-84.15625,40.73025],[-84.15623,40.73025],[-84.15571,40.73025],[-84.15573,40.73265],[-84.15555,40.73266],[-84.15439,40.73267],[-84.15438,40.73278],[-84.15434,40.73343],[-84.15435,40.73371],[-84.15371,40.73372],[-84.15326,40.73373],[-84.15306,40.73373],[-84.15306,40.73333],[-84.15306,40.7327],[-84.15272,40.7327],[-84.15228,40.73271],[-84.15229,40.73373],[-84.15219,40.73372],[-84.15123,40.73372],[-84.15021,40.73374],[-84.1497,40.73374],[-84.14971,40.73275],[-84.14678,40.73279],[-84.14678,40.73376],[-84.14677,40.73485],[-84.14679,40.73597],[-84.14679,40.73605],[-84.14679,40.73613],[-84.14678,40.73645],[-84.14678,40.7371],[-84.14773,40.73709],[-84.1478,40.73708],[-84.148,40.73708],[-84.14829,40.73708],[-84.14916,40.73707],[-84.14921,40.73707],[-84.14947,40.73707],[-84.15119,40.73706],[-84.15224,40.73706],[-84.15272,40.73706],[-84.15332,40.73706],[-84.15525,40.73706],[-84.15565,40.73705],[-84.15586,40.73705],[-84.15629,40.73704],[-84.15689,40.73704],[-84.15711,40.73703],[-84.15762,40.73702],[-84.15806,40.73702],[-84.15878,40.73701],[-84.15924,40.737],[-84.15943,40.737],[-84.16079,40.73699],[-84.16158,40.73699],[-84.16163,40.73698],[-84.16208,40.73698],[-84.16229,40.73698],[-84.16246,40.73698],[-84.16288,40.73698],[-84.16306,40.73698],[-84.16407,40.73697],[-84.16475,40.73697],[-84.16483,40.73671],[-84.16484,40.73581],[-84.16486,40.73471],[-84.16493,40.73378],[-84.16504,40.73262],[-84.1652,40.73109]]]}},{"type":"Feature","properties":{"GEOID":"39003002ADQ","NAME":"ELIDA A","BASENAME":"ELIDA A","VTD":"002ADQ","POP100":1040,"HU100":410,"AREALAND":"1865556","CENTLAT":"+40.7895237","CENTLON":"-084.2021877"},"geometry":{"type":"Polygon","coordinates":[[[-84.21674,40.79389],[-84.21674,40.79383],[-84.21674,40.79377],[-84.21673,40.79371],[-84.21672,40.79368],[-84.21667,40.79361],[-84.21663,40.79357],[-84.21657,40.79351],[-84.21649,40.79346],[-84.21635,40.7934],[-84.21542,40.79308],[-84.21555,40.79194],[-84.21527,40.79182],[-84.21451,40.79146],[-84.21428,40.79135],[-84.2141,40.79127],[-84.21366,40.79107],[-84.21327,40.7909],[-84.21382,40.79089],[-84.21414,40.79089],[-84.21469,40.79114],[-84.21524,40.79139],[-84.21537,40.79144],[-84.21513,40.79103],[-84.21511,40.79101],[-84.2151,40.79098],[-84.21508,40.79097],[-84.21506,40.79095],[-84.21504,40.79093],[-84.21503,40.79091],[-84.215,40.7909],[-84.21497,40.79087],[-84.21494,40.79084],[-84.21476,40.79072],[-84.21466,40.79065],[-84.21458,40.79057],[-84.21451,40.79049],[-84.21442,40.79038],[-84.21421,40.79011],[-84.21415,40.79003],[-84.21412,40.78999],[-84.21403,40.7899],[-84.21398,40.78985],[-84.2139,40.78978],[-84.21382,40.78969],[-84.21371,40.78956],[-84.21361,40.78943],[-84.21356,40.78936],[-84.21344,40.78916],[-84.21328,40.78911],[-84.21293,40.78901],[-84.21255,40.7889],[-84.21209,40.78842],[-84.21179,40.78817],[-84.21157,40.78791],[-84.21156,40.7879],[-84.21153,40.7879],[-84.21119,40.78741],[-84.21045,40.78632],[-84.20866,40.78371],[-84.2063,40.78373],[-84.20556,40.78373],[-84.20363,40.78375],[-84.20363,40.784],[-84.20363,40.78424],[-84.20364,40.78458],[-84.20364,40.78475],[-84.20365,40.78502],[-84.20365,40.78512],[-84.20365,40.78533],[-84.20366,40.78577],[-84.20367,40.78629],[-84.20367,40.78639],[-84.20367,40.78663],[-84.20368,40.78712],[-84.20367,40.78773],[-84.20369,40.78865],[-84.20361,40.78861],[-84.20349,40.78855],[-84.20308,40.78835],[-84.20265,40.78816],[-84.2023,40.78799],[-84.20185,40.78778],[-84.20131,40.78751],[-84.20098,40.78736],[-84.19884,40.78635],[-84.19809,40.78601],[-84.19712,40.78557],[-84.19697,40.78549],[-84.19586,40.78496],[-84.1948,40.78446],[-84.19406,40.78413],[-84.19357,40.78389],[-84.19319,40.78371],[-84.193,40.78361],[-84.19294,40.78357],[-84.19287,40.78347],[-84.19247,40.78332],[-84.19195,40.78312],[-84.19129,40.78283],[-84.19082,40.78262],[-84.19065,40.78255],[-84.18982,40.78217],[-84.18959,40.78205],[-84.18934,40.78193],[-84.18932,40.78217],[-84.18932,40.78239],[-84.18932,40.78264],[-84.18932,40.78289],[-84.18932,40.78323],[-84.18932,40.78339],[-84.18932,40.7838],[-84.18932,40.78424],[-84.18932,40.78506],[-84.18933,40.78548],[-84.18933,40.7857],[-84.18933,40.78609],[-84.18934,40.78629],[-84.18934,40.78678],[-84.18934,40.78713],[-84.18935,40.78745],[-84.19001,40.78745],[-84.19011,40.78745],[-84.19027,40.78745],[-84.19027,40.78766],[-84.19028,40.78788],[-84.18936,40.78789],[-84.18937,40.7889],[-84.18937,40.78919],[-84.18936,40.78939],[-84.18937,40.78962],[-84.18937,40.78995],[-84.18937,40.79012],[-84.18938,40.79032],[-84.18937,40.79053],[-84.18938,40.79094],[-84.18937,40.79098],[-84.18937,40.79105],[-84.19407,40.79101],[-84.19407,40.79123],[-84.19408,40.79144],[-84.19412,40.79459],[-84.19467,40.79459],[-84.19467,40.79468],[-84.20197,40.79466],[-84.20238,40.79465],[-84.20271,40.79463],[-84.20272,40.7945],[-84.20305,40.7945],[-84.20305,40.79412],[-84.20368,40.79411],[-84.20378,40.79411],[-84.20378,40.79397],[-84.20368,40.79397],[-84.20304,40.79398],[-84.20304,40.79356],[-84.20367,40.79355],[-84.20378,40.79355],[-84.20389,40.79355],[-84.2051,40.79353],[-84.2051,40.79373],[-84.2051,40.79385],[-84.2052,40.79385],[-84.2052,40.79416],[-84.20521,40.7945],[-84.20564,40.7945],[-84.20613,40.7945],[-84.20632,40.7945],[-84.20651,40.7945],[-84.20689,40.7945],[-84.20727,40.79449],[-84.20765,40.79449],[-84.20803,40.79449],[-84.2085,40.79449],[-84.20901,40.79448],[-84.21127,40.79447],[-84.21139,40.79447],[-84.2114,40.79446],[-84.2114,40.79445],[-84.21141,40.79444],[-84.21141,40.79443],[-84.21142,40.79442],[-84.21142,40.79441],[-84.21143,40.7944],[-84.21144,40.79439],[-84.21144,40.79438],[-84.21145,40.79437],[-84.21146,40.79436],[-84.21147,40.79435],[-84.21148,40.79434],[-84.21148,40.79434],[-84.21149,40.79433],[-84.2115,40.79432],[-84.21151,40.79431],[-84.21152,40.7943],[-84.21153,40.79429],[-84.21153,40.79428],[-84.21154,40.79427],[-84.21155,40.79426],[-84.21156,40.79425],[-84.21157,40.79425],[-84.21158,40.79424],[-84.2116,40.79423],[-84.21161,40.79423],[-84.21162,40.79422],[-84.21163,40.79422],[-84.21165,40.79421],[-84.21166,40.7942],[-84.21167,40.7942],[-84.21168,40.79419],[-84.21169,40.79419],[-84.21171,40.79418],[-84.21172,40.79418],[-84.21173,40.79417],[-84.21175,40.79417],[-84.21176,40.79416],[-84.21177,40.79415],[-84.21178,40.79415],[-84.2118,40.79414],[-84.21181,40.79414],[-84.21182,40.79413],[-84.21184,40.79413],[-84.21185,40.79412],[-84.21186,40.79412],[-84.21188,40.79412],[-84.21189,40.79411],[-84.2119,40.79411],[-84.21192,40.7941],[-84.21193,40.7941],[-84.21194,40.7941],[-84.21196,40.7941],[-84.21197,40.7941],[-84.21199,40.79409],[-84.212,40.79409],[-84.21202,40.79409],[-84.21203,40.79409],[-84.21205,40.79409],[-84.21206,40.79409],[-84.21208,40.7941],[-84.21209,40.7941],[-84.21211,40.7941],[-84.21229,40.79415],[-84.21258,40.79429],[-84.21288,40.79444],[-84.21321,40.79462],[-84.21345,40.79474],[-84.21359,40.79478],[-84.21378,40.79483],[-84.214,40.79484],[-84.21417,40.79483],[-84.21445,40.79479],[-84.21463,40.79478],[-84.21496,40.79474],[-84.2153,40.79469],[-84.21565,40.79461],[-84.21586,40.79456],[-84.21603,40.7945],[-84.21614,40.79447],[-84.21627,40.79441],[-84.2164,40.79433],[-84.21652,40.79425],[-84.21658,40.79419],[-84.21663,40.79414],[-84.21666,40.7941],[-84.2167,40.79403],[-84.21672,40.79398],[-84.21673,40.79395],[-84.21674,40.79392],[-84.21674,40.79389]],[[-84.20301,40.79096],[-84.20303,40.79263],[-84.20267,40.79263],[-84.1988,40.79256],[-84.19818,40.79256],[-84.19816,40.79144],[-84.19772,40.79145],[-84.19759,40.79145],[-84.19759,40.79121],[-84.19759,40.79098],[-84.19815,40.79098],[-84.19816,40.79045],[-84.19879,40.79045],[-84.1988,40.79097],[-84.19947,40.79098],[-84.2,40.79098],[-84.2002,40.79097],[-84.20065,40.79097],[-84.20268,40.79096],[-84.20283,40.79096],[-84.20301,40.79096]],[[-84.1988,40.78926],[-84.19879,40.78984],[-84.19879,40.79032],[-84.19814,40.79033],[-84.19812,40.78886],[-84.19879,40.78886],[-84.19879,40.78891],[-84.19879,40.78909],[-84.1988,40.78926]],[[-84.19876,40.78743],[-84.19877,40.78797],[-84.19798,40.78799],[-84.19553,40.78801],[-84.19552,40.78751],[-84.19524,40.78751],[-84.19512,40.78751],[-84.1948,40.78752],[-84.19482,40.78853],[-84.19309,40.78854],[-84.19263,40.78854],[-84.19263,40.78788],[-84.19263,40.78745],[-84.19296,40.78745],[-84.19327,40.78745],[-84.19334,40.78745],[-84.19461,40.78744],[-84.19512,40.78744],[-84.19524,40.78744],[-84.19569,40.78744],[-84.19681,40.78743],[-84.19688,40.78743],[-84.19764,40.78742],[-84.19876,40.78743]],[[-84.19243,40.78745],[-84.19244,40.78788],[-84.19213,40.78788],[-84.19172,40.78789],[-84.19173,40.78825],[-84.19173,40.78829],[-84.19125,40.78829],[-84.19125,40.78802],[-84.19048,40.78802],[-84.19047,40.78756],[-84.19047,40.78754],[-84.19047,40.78753],[-84.19046,40.78753],[-84.19047,40.78745],[-84.19058,40.78745],[-84.19077,40.78745],[-84.19104,40.78745],[-84.19117,40.78745],[-84.19122,40.78745],[-84.1914,40.78745],[-84.19243,40.78745]]]}},{"type":"Feature","properties":{"GEOID":"39003002ADR","NAME":"ELIDA B","BASENAME":"ELIDA B","VTD":"002ADR","POP100":878,"HU100":339,"AREALAND":"982466","CENTLAT":"+40.7815554","CENTLON":"-084.1948615"},"geometry":{"type":"Polygon","coordinates":[[[-84.20369,40.78865],[-84.20367,40.78773],[-84.20368,40.78712],[-84.20367,40.78663],[-84.20367,40.78639],[-84.20367,40.78629],[-84.20366,40.78577],[-84.20365,40.78533],[-84.20365,40.78512],[-84.20365,40.78502],[-84.20364,40.78475],[-84.20364,40.78458],[-84.20363,40.78424],[-84.20363,40.784],[-84.20363,40.78375],[-84.20363,40.78344],[-84.20362,40.78293],[-84.20361,40.78257],[-84.20361,40.78207],[-84.2036,40.78128],[-84.2,40.78128],[-84.19895,40.78129],[-84.19895,40.78052],[-84.19895,40.78013],[-84.19835,40.78014],[-84.19707,40.78015],[-84.19421,40.78021],[-84.19402,40.78022],[-84.194,40.77953],[-84.19391,40.77697],[-84.19388,40.776],[-84.19377,40.776],[-84.19367,40.776],[-84.19349,40.77599],[-84.19282,40.77597],[-84.19206,40.77594],[-84.19066,40.77589],[-84.19009,40.77587],[-84.18963,40.77586],[-84.18928,40.77586],[-84.18928,40.77607],[-84.18928,40.77626],[-84.18928,40.77673],[-84.18911,40.77673],[-84.18867,40.77673],[-84.18596,40.77676],[-84.18597,40.77685],[-84.18597,40.77712],[-84.18597,40.7772],[-84.18536,40.77722],[-84.18497,40.77722],[-84.18452,40.77722],[-84.18452,40.77733],[-84.18451,40.77763],[-84.18654,40.77854],[-84.18815,40.77928],[-84.18936,40.77982],[-84.18959,40.77993],[-84.18947,40.78012],[-84.18926,40.78002],[-84.18716,40.77906],[-84.18679,40.77888],[-84.18616,40.77862],[-84.18519,40.77819],[-84.18493,40.77808],[-84.18451,40.77788],[-84.18451,40.7781],[-84.18449,40.77928],[-84.18449,40.77942],[-84.18449,40.77957],[-84.18449,40.77968],[-84.18478,40.77982],[-84.18518,40.78002],[-84.1855,40.78017],[-84.18579,40.7803],[-84.18614,40.78046],[-84.18663,40.78069],[-84.18691,40.78083],[-84.18837,40.78149],[-84.18878,40.78168],[-84.18906,40.78181],[-84.18934,40.78193],[-84.18959,40.78205],[-84.18982,40.78217],[-84.19065,40.78255],[-84.19082,40.78262],[-84.19129,40.78283],[-84.19195,40.78312],[-84.19247,40.78332],[-84.19287,40.78347],[-84.19294,40.78357],[-84.193,40.78361],[-84.19319,40.78371],[-84.19357,40.78389],[-84.19406,40.78413],[-84.1948,40.78446],[-84.19586,40.78496],[-84.19697,40.78549],[-84.19712,40.78557],[-84.19809,40.78601],[-84.19884,40.78635],[-84.20098,40.78736],[-84.20131,40.78751],[-84.20185,40.78778],[-84.2023,40.78799],[-84.20265,40.78816],[-84.20308,40.78835],[-84.20349,40.78855],[-84.20361,40.78861],[-84.20369,40.78865]]]}},{"type":"Feature","properties":{"GEOID":"39003002ADT","NAME":"AUGLAIZE A","BASENAME":"AUGLAIZE A","VTD":"002ADT","POP100":1027,"HU100":436,"AREALAND":"53972046","CENTLAT":"+40.6936043","CENTLON":"-083.9165737"},"geometry":{"type":"Polygon","coordinates":[[[-83.99417,40.72683],[-83.99416,40.72641],[-83.99416,40.72608],[-83.99416,40.72555],[-83.99415,40.72511],[-83.99415,40.72469],[-83.99414,40.72426],[-83.99414,40.72404],[-83.99413,40.72384],[-83.99414,40.72342],[-83.99413,40.72299],[-83.99414,40.72256],[-83.99415,40.7224],[-83.99415,40.72212],[-83.99415,40.72174],[-83.99415,40.72156],[-83.99415,40.72131],[-83.99414,40.71906],[-83.99412,40.71747],[-83.99412,40.71708],[-83.99412,40.71694],[-83.99411,40.71685],[-83.99411,40.71678],[-83.99226,40.7168],[-83.99087,40.71681],[-83.99011,40.71681],[-83.98831,40.71683],[-83.98289,40.71687],[-83.98252,40.71687],[-83.9819,40.71688],[-83.98151,40.71688],[-83.98107,40.71688],[-83.98012,40.71689],[-83.97862,40.7169],[-83.97834,40.7169],[-83.97817,40.7169],[-83.97775,40.7169],[-83.97728,40.71689],[-83.97675,40.71689],[-83.97581,40.71689],[-83.97344,40.7169],[-83.97022,40.71692],[-83.97017,40.71692],[-83.96855,40.71693],[-83.96807,40.71693],[-83.96767,40.71694],[-83.9671,40.71694],[-83.96625,40.71694],[-83.95666,40.71701],[-83.95433,40.71703],[-83.95419,40.71703],[-83.95318,40.71704],[-83.94952,40.71707],[-83.94912,40.71708],[-83.94796,40.71709],[-83.9466,40.71709],[-83.94504,40.71711],[-83.94432,40.71712],[-83.94214,40.71715],[-83.94119,40.71715],[-83.93756,40.71717],[-83.93758,40.71642],[-83.93758,40.71566],[-83.93758,40.71383],[-83.93758,40.71222],[-83.93756,40.71094],[-83.93755,40.71035],[-83.93755,40.70986],[-83.93754,40.70765],[-83.93755,40.70631],[-83.93756,40.70559],[-83.93756,40.70456],[-83.93757,40.70357],[-83.93756,40.70279],[-83.93756,40.70179],[-83.93759,40.70024],[-83.93759,40.69829],[-83.93758,40.6972],[-83.93755,40.69503],[-83.93759,40.69109],[-83.9376,40.69021],[-83.93759,40.68974],[-83.93757,40.68811],[-83.93757,40.68807],[-83.93759,40.68701],[-83.93758,40.68598],[-83.93758,40.68465],[-83.93758,40.68411],[-83.93757,40.68307],[-83.93757,40.68079],[-83.93756,40.68007],[-83.93755,40.67838],[-83.93754,40.67732],[-83.93754,40.67721],[-83.93754,40.67717],[-83.93754,40.67714],[-83.93753,40.67606],[-83.93753,40.67509],[-83.93754,40.67493],[-83.93754,40.6733],[-83.93754,40.67143],[-83.93754,40.67097],[-83.93753,40.67048],[-83.9375,40.66889],[-83.9375,40.66745],[-83.93749,40.66686],[-83.93748,40.66627],[-83.93748,40.6643],[-83.93745,40.66171],[-83.93744,40.65908],[-83.93744,40.65874],[-83.93744,40.65855],[-83.93742,40.65749],[-83.9374,40.65584],[-83.9374,40.65546],[-83.93739,40.65461],[-83.9374,40.65438],[-83.93738,40.65402],[-83.93738,40.65389],[-83.93739,40.65378],[-83.93745,40.65364],[-83.93641,40.65241],[-83.93585,40.65177],[-83.93547,40.65132],[-83.93334,40.64879],[-83.92971,40.64453],[-83.92715,40.6445],[-83.91835,40.64453],[-83.91338,40.64455],[-83.89925,40.64467],[-83.88692,40.64469],[-83.88019,40.64469],[-83.88019,40.64986],[-83.88017,40.65227],[-83.88017,40.65231],[-83.88016,40.65278],[-83.88016,40.65374],[-83.88016,40.65408],[-83.88016,40.65415],[-83.88016,40.65425],[-83.88016,40.65427],[-83.88016,40.65431],[-83.88015,40.65576],[-83.88014,40.65616],[-83.88012,40.6574],[-83.88012,40.65749],[-83.88012,40.65763],[-83.88012,40.65769],[-83.88012,40.65771],[-83.88012,40.65798],[-83.88012,40.65816],[-83.88012,40.65817],[-83.88009,40.66067],[-83.88008,40.66201],[-83.88008,40.66337],[-83.88008,40.66349],[-83.88008,40.66359],[-83.88008,40.66398],[-83.8801,40.66597],[-83.8801,40.66599],[-83.88009,40.66794],[-83.88008,40.66836],[-83.88008,40.66869],[-83.88008,40.6687],[-83.88006,40.66996],[-83.88006,40.67151],[-83.88005,40.6739],[-83.88005,40.67449],[-83.88005,40.6746],[-83.88006,40.67787],[-83.88005,40.67971],[-83.88005,40.67991],[-83.88005,40.68012],[-83.88005,40.68136],[-83.88005,40.68148],[-83.88005,40.68168],[-83.88005,40.68187],[-83.88004,40.68362],[-83.88003,40.68465],[-83.88003,40.68562],[-83.88001,40.68898],[-83.88001,40.68919],[-83.88001,40.6894],[-83.88001,40.68941],[-83.88001,40.68943],[-83.88001,40.68945],[-83.88001,40.68963],[-83.88001,40.69134],[-83.88001,40.69157],[-83.88,40.69288],[-83.87999,40.6934],[-83.87999,40.69346],[-83.87999,40.69541],[-83.88,40.69598],[-83.88,40.69599],[-83.88,40.69601],[-83.88,40.69603],[-83.88,40.69607],[-83.88,40.69612],[-83.88,40.69741],[-83.88,40.6978],[-83.88,40.69783],[-83.88,40.69934],[-83.87999,40.69968],[-83.87998,40.70124],[-83.87999,40.70326],[-83.87999,40.70329],[-83.87998,40.70384],[-83.87998,40.70387],[-83.87995,40.70685],[-83.87995,40.70697],[-83.87994,40.71073],[-83.87994,40.71077],[-83.87994,40.71093],[-83.87992,40.71294],[-83.87992,40.71297],[-83.87992,40.71299],[-83.87992,40.71301],[-83.87992,40.71303],[-83.87992,40.71304],[-83.87992,40.71311],[-83.87992,40.71343],[-83.87992,40.71536],[-83.87989,40.71738],[-83.87989,40.71784],[-83.87989,40.71852],[-83.87989,40.71857],[-83.87989,40.7191],[-83.87989,40.71924],[-83.87989,40.71966],[-83.87988,40.72119],[-83.87986,40.72313],[-83.87983,40.72883],[-83.87983,40.72904],[-83.87984,40.73147],[-83.87984,40.7317],[-83.87984,40.73173],[-83.87984,40.73174],[-83.87983,40.73242],[-83.87983,40.73244],[-83.88007,40.73243],[-83.88056,40.73243],[-83.88086,40.73243],[-83.88249,40.73243],[-83.88573,40.73243],[-83.8858,40.73243],[-83.89042,40.73241],[-83.89561,40.73239],[-83.89676,40.73237],[-83.89745,40.73237],[-83.89894,40.73236],[-83.89922,40.73235],[-83.90061,40.73235],[-83.90127,40.73234],[-83.90252,40.73233],[-83.90566,40.73231],[-83.90608,40.73231],[-83.90842,40.73228],[-83.90933,40.73225],[-83.91143,40.73223],[-83.91487,40.73219],[-83.92526,40.73204],[-83.92782,40.732],[-83.92936,40.73198],[-83.93262,40.73193],[-83.93325,40.73192],[-83.9343,40.7319],[-83.93749,40.73186],[-83.93796,40.73186],[-83.93815,40.73185],[-83.93841,40.73185],[-83.93994,40.73183],[-83.94071,40.73182],[-83.94092,40.73181],[-83.94169,40.7318],[-83.94449,40.73177],[-83.9456,40.73175],[-83.95067,40.73169],[-83.95232,40.73167],[-83.95256,40.73166],[-83.95406,40.73164],[-83.95473,40.73164],[-83.95695,40.73161],[-83.95757,40.7316],[-83.95883,40.73158],[-83.96091,40.73156],[-83.96149,40.73155],[-83.96303,40.73153],[-83.9658,40.7315],[-83.96925,40.73146],[-83.97087,40.73144],[-83.9723,40.73143],[-83.97361,40.7314],[-83.97555,40.73138],[-83.97579,40.73138],[-83.9771,40.73137],[-83.97884,40.73132],[-83.98041,40.73132],[-83.98205,40.73128],[-83.9823,40.73128],[-83.98282,40.73128],[-83.98477,40.73125],[-83.99413,40.73113],[-83.99413,40.73025],[-83.99413,40.72885],[-83.99413,40.72813],[-83.99413,40.72753],[-83.99417,40.72683]],[[-83.92683,40.70457],[-83.92687,40.70641],[-83.92627,40.70641],[-83.92487,40.70643],[-83.92372,40.70644],[-83.92373,40.70931],[-83.92378,40.70932],[-83.92378,40.70973],[-83.92447,40.7098],[-83.92459,40.70981],[-83.92458,40.71149],[-83.92455,40.71369],[-83.92427,40.7137],[-83.92316,40.7137],[-83.92316,40.71365],[-83.92315,40.7119],[-83.92284,40.7119],[-83.92284,40.71186],[-83.92151,40.71188],[-83.92102,40.71189],[-83.91782,40.71189],[-83.91781,40.71171],[-83.91782,40.71099],[-83.91781,40.70947],[-83.91781,40.70908],[-83.91759,40.70906],[-83.91647,40.70896],[-83.91616,40.70893],[-83.91616,40.70872],[-83.91697,40.70852],[-83.91764,40.70836],[-83.91781,40.70832],[-83.9178,40.70706],[-83.9178,40.70645],[-83.91779,40.70497],[-83.91779,40.70372],[-83.91779,40.70336],[-83.91778,40.70282],[-83.91808,40.70282],[-83.91833,40.70281],[-83.92109,40.70278],[-83.92177,40.70277],[-83.92244,40.70278],[-83.92345,40.70278],[-83.92359,40.70277],[-83.92381,40.70277],[-83.9238,40.70426],[-83.9238,40.70459],[-83.92624,40.70458],[-83.92683,40.70457]]]}},{"type":"Feature","properties":{"GEOID":"39003002ADU","NAME":"HARROD","BASENAME":"HARROD","VTD":"002ADU","POP100":423,"HU100":173,"AREALAND":"605968","CENTLAT":"+40.7074926","CENTLON":"-083.9213448"},"geometry":{"type":"Polygon","coordinates":[[[-83.92687,40.70641],[-83.92683,40.70457],[-83.92624,40.70458],[-83.9238,40.70459],[-83.9238,40.70426],[-83.92381,40.70277],[-83.92359,40.70277],[-83.92345,40.70278],[-83.92244,40.70278],[-83.92177,40.70277],[-83.92109,40.70278],[-83.91833,40.70281],[-83.91808,40.70282],[-83.91778,40.70282],[-83.91779,40.70336],[-83.91779,40.70372],[-83.91779,40.70497],[-83.9178,40.70645],[-83.9178,40.70706],[-83.91781,40.70832],[-83.91764,40.70836],[-83.91697,40.70852],[-83.91616,40.70872],[-83.91616,40.70893],[-83.91647,40.70896],[-83.91759,40.70906],[-83.91781,40.70908],[-83.91781,40.70947],[-83.91782,40.71099],[-83.91781,40.71171],[-83.91782,40.71189],[-83.92102,40.71189],[-83.92151,40.71188],[-83.92284,40.71186],[-83.92284,40.7119],[-83.92315,40.7119],[-83.92316,40.71365],[-83.92316,40.7137],[-83.92427,40.7137],[-83.92455,40.71369],[-83.92458,40.71149],[-83.92459,40.70981],[-83.92447,40.7098],[-83.92378,40.70973],[-83.92378,40.70932],[-83.92373,40.70931],[-83.92372,40.70644],[-83.92487,40.70643],[-83.92627,40.70641],[-83.92687,40.70641]]]}},{"type":"Feature","properties":{"GEOID":"39003002ADW","NAME":"AUGLAIZE B","BASENAME":"AUGLAIZE B","VTD":"002ADW","POP100":1307,"HU100":527,"AREALAND":"38636139","CENTLAT":"+40.6802990","CENTLON":"-083.9654924"},"geometry":{"type":"Polygon","coordinates":[[[-83.99412,40.71486],[-83.99412,40.71433],[-83.99412,40.71377],[-83.99411,40.71297],[-83.99411,40.71188],[-83.99411,40.71126],[-83.99407,40.70979],[-83.99407,40.70949],[-83.99406,40.70906],[-83.99406,40.70865],[-83.99406,40.70696],[-83.99407,40.70644],[-83.99407,40.70617],[-83.99407,40.70578],[-83.99408,40.70567],[-83.99407,40.70487],[-83.99408,40.70389],[-83.99407,40.70328],[-83.99408,40.70304],[-83.99407,40.70226],[-83.99407,40.70198],[-83.99408,40.70164],[-83.99386,40.69895],[-83.99385,40.69489],[-83.99384,40.68985],[-83.99384,40.68862],[-83.99384,40.68769],[-83.99389,40.68055],[-83.99394,40.67312],[-83.99407,40.66224],[-83.99411,40.65858],[-83.99407,40.65133],[-83.99407,40.65019],[-83.99406,40.64877],[-83.99406,40.64868],[-83.99406,40.64862],[-83.99408,40.64764],[-83.99408,40.64705],[-83.99409,40.6464],[-83.99409,40.6459],[-83.99408,40.64525],[-83.99408,40.64413],[-83.98883,40.64414],[-83.98521,40.64415],[-83.98296,40.64416],[-83.97911,40.64418],[-83.97621,40.64419],[-83.97576,40.64419],[-83.97549,40.6442],[-83.97548,40.6442],[-83.97521,40.6442],[-83.97464,40.6442],[-83.9736,40.64421],[-83.9713,40.64422],[-83.97087,40.64422],[-83.97085,40.64422],[-83.97032,40.64422],[-83.96899,40.64423],[-83.96579,40.64424],[-83.96498,40.64425],[-83.96461,40.64425],[-83.96277,40.64426],[-83.9618,40.64426],[-83.95885,40.64427],[-83.95711,40.64428],[-83.95659,40.64428],[-83.95598,40.64429],[-83.95273,40.64432],[-83.95269,40.64432],[-83.95262,40.64432],[-83.95166,40.64433],[-83.95155,40.64433],[-83.95136,40.64434],[-83.94939,40.64436],[-83.94561,40.6444],[-83.94545,40.64439],[-83.9452,40.64439],[-83.9449,40.64439],[-83.94446,40.6444],[-83.94383,40.6444],[-83.94225,40.64442],[-83.94222,40.64442],[-83.93805,40.64445],[-83.93762,40.64446],[-83.93747,40.64446],[-83.93736,40.64446],[-83.93693,40.64446],[-83.92973,40.64453],[-83.92971,40.64453],[-83.93334,40.64879],[-83.93547,40.65132],[-83.93585,40.65177],[-83.93641,40.65241],[-83.93745,40.65364],[-83.93739,40.65378],[-83.93738,40.65389],[-83.93738,40.65402],[-83.9374,40.65438],[-83.93739,40.65461],[-83.9374,40.65546],[-83.9374,40.65584],[-83.93742,40.65749],[-83.93744,40.65855],[-83.93744,40.65874],[-83.93744,40.65908],[-83.93745,40.66171],[-83.93748,40.6643],[-83.93748,40.66627],[-83.93749,40.66686],[-83.9375,40.66745],[-83.9375,40.66889],[-83.93753,40.67048],[-83.93754,40.67097],[-83.93754,40.67143],[-83.93754,40.6733],[-83.93754,40.67493],[-83.93753,40.67509],[-83.93753,40.67606],[-83.93754,40.67714],[-83.93754,40.67717],[-83.93754,40.67721],[-83.93754,40.67732],[-83.93755,40.67838],[-83.93756,40.68007],[-83.93757,40.68079],[-83.93757,40.68307],[-83.93758,40.68411],[-83.93758,40.68465],[-83.93758,40.68598],[-83.93759,40.68701],[-83.93757,40.68807],[-83.93757,40.68811],[-83.93759,40.68974],[-83.9376,40.69021],[-83.93759,40.69109],[-83.93755,40.69503],[-83.93758,40.6972],[-83.93759,40.69829],[-83.93759,40.70024],[-83.93756,40.70179],[-83.93756,40.70279],[-83.93757,40.70357],[-83.93756,40.70456],[-83.93756,40.70559],[-83.93755,40.70631],[-83.93754,40.70765],[-83.93755,40.70986],[-83.93755,40.71035],[-83.93756,40.71094],[-83.93758,40.71222],[-83.93758,40.71383],[-83.93758,40.71566],[-83.93758,40.71642],[-83.93756,40.71717],[-83.94119,40.71715],[-83.94214,40.71715],[-83.94432,40.71712],[-83.94504,40.71711],[-83.9466,40.71709],[-83.94796,40.71709],[-83.94912,40.71708],[-83.94952,40.71707],[-83.95318,40.71704],[-83.95419,40.71703],[-83.95433,40.71703],[-83.95666,40.71701],[-83.96625,40.71694],[-83.9671,40.71694],[-83.96767,40.71694],[-83.96807,40.71693],[-83.96855,40.71693],[-83.97017,40.71692],[-83.97022,40.71692],[-83.97344,40.7169],[-83.97581,40.71689],[-83.97675,40.71689],[-83.97728,40.71689],[-83.97775,40.7169],[-83.97817,40.7169],[-83.97834,40.7169],[-83.97862,40.7169],[-83.98012,40.71689],[-83.98107,40.71688],[-83.98151,40.71688],[-83.9819,40.71688],[-83.98252,40.71687],[-83.98289,40.71687],[-83.98831,40.71683],[-83.99011,40.71681],[-83.99087,40.71681],[-83.99226,40.7168],[-83.99411,40.71678],[-83.99412,40.71665],[-83.99411,40.71625],[-83.99411,40.71605],[-83.99411,40.71576],[-83.99412,40.71486]]]}},{"type":"Feature","properties":{"GEOID":"39003002ADY","NAME":"BATH A","BASENAME":"BATH A","VTD":"002ADY","POP100":915,"HU100":376,"AREALAND":"9542335","CENTLAT":"+40.8038407","CENTLON":"-084.0888786"},"geometry":{"type":"MultiPolygon","coordinates":[[[[-84.10925,40.81728],[-84.10921,40.81313],[-84.10918,40.80973],[-84.10915,40.80581],[-84.109,40.80327],[-84.10896,40.80311],[-84.10893,40.80294],[-84.1089,40.80275],[-84.1089,40.80255],[-84.10889,40.80228],[-84.10888,40.80196],[-84.10888,40.80191],[-84.10888,40.80181],[-84.10889,40.80139],[-84.10888,40.7999],[-84.10888,40.79965],[-84.10887,40.79949],[-84.10887,40.79919],[-84.10887,40.79914],[-84.10886,40.79897],[-84.10886,40.79874],[-84.10886,40.79855],[-84.10885,40.79762],[-84.10884,40.7975],[-84.10885,40.79706],[-84.10886,40.7965],[-84.10886,40.79602],[-84.10886,40.79576],[-84.10886,40.79564],[-84.10886,40.79548],[-84.10268,40.79554],[-84.09863,40.7956],[-84.09514,40.79564],[-84.0943,40.79565],[-84.09424,40.79565],[-84.09425,40.79511],[-84.09428,40.79435],[-84.09428,40.79384],[-84.0944,40.79383],[-84.09639,40.79382],[-84.09853,40.79381],[-84.09907,40.79381],[-84.09908,40.79171],[-84.09909,40.79008],[-84.09909,40.78977],[-84.09909,40.78954],[-84.10002,40.78952],[-84.10052,40.78951],[-84.10053,40.78934],[-84.1005,40.7884],[-84.10006,40.7884],[-84.09965,40.78841],[-84.09764,40.78842],[-84.09737,40.78843],[-84.09659,40.78843],[-84.0957,40.78844],[-84.09522,40.78844],[-84.09471,40.78844],[-84.0943,40.78845],[-84.0943,40.78867],[-84.09429,40.7892],[-84.09429,40.78939],[-84.09428,40.78969],[-84.09427,40.78992],[-84.09427,40.78999],[-84.09426,40.79012],[-84.09426,40.79023],[-84.09291,40.79026],[-84.0924,40.79025],[-84.09248,40.79001],[-84.09198,40.78998],[-84.0924,40.78843],[-84.09231,40.78843],[-84.0916,40.78846],[-84.09064,40.78848],[-84.09001,40.7885],[-84.08981,40.7885],[-84.08954,40.7885],[-84.08834,40.78853],[-84.08765,40.78855],[-84.08667,40.78859],[-84.08574,40.78861],[-84.08489,40.78864],[-84.08448,40.78865],[-84.08373,40.78867],[-84.08278,40.7887],[-84.08218,40.78872],[-84.08183,40.78873],[-84.08088,40.78876],[-84.08042,40.78877],[-84.07937,40.78881],[-84.07904,40.78881],[-84.07857,40.78883],[-84.07788,40.78884],[-84.07638,40.78889],[-84.07598,40.7889],[-84.07557,40.78892],[-84.07493,40.78894],[-84.07416,40.78896],[-84.07357,40.78898],[-84.07305,40.78899],[-84.07261,40.78901],[-84.07234,40.78902],[-84.07165,40.78904],[-84.07142,40.78905],[-84.07103,40.78906],[-84.07075,40.78907],[-84.0705,40.78908],[-84.07052,40.78957],[-84.07052,40.78961],[-84.07053,40.78976],[-84.07053,40.78992],[-84.07052,40.79084],[-84.07052,40.79101],[-84.07051,40.79193],[-84.07051,40.79257],[-84.07051,40.79298],[-84.07051,40.79338],[-84.07051,40.79382],[-84.07051,40.79423],[-84.07051,40.79437],[-84.0705,40.7947],[-84.07049,40.7948],[-84.07048,40.79537],[-84.07048,40.7956],[-84.07048,40.79575],[-84.07049,40.79613],[-84.07049,40.79649],[-84.07049,40.79664],[-84.07051,40.79675],[-84.07051,40.79711],[-84.07051,40.79723],[-84.07052,40.79822],[-84.07052,40.79907],[-84.07051,40.79948],[-84.07051,40.80033],[-84.07049,40.80083],[-84.07049,40.8014],[-84.0705,40.8017],[-84.0705,40.80225],[-84.0705,40.80266],[-84.07051,40.80296],[-84.07051,40.80342],[-84.07051,40.80359],[-84.07052,40.80412],[-84.07056,40.8048],[-84.07059,40.80521],[-84.0706,40.80539],[-84.07061,40.80569],[-84.07064,40.80624],[-84.07067,40.80688],[-84.07069,40.80756],[-84.07071,40.80817],[-84.07073,40.80861],[-84.07076,40.80923],[-84.07077,40.80931],[-84.07078,40.8096],[-84.07081,40.8103],[-84.07081,40.81058],[-84.07084,40.81133],[-84.07087,40.81211],[-84.0709,40.81259],[-84.07095,40.81355],[-84.07097,40.81398],[-84.07098,40.81411],[-84.07102,40.81509],[-84.07103,40.81533],[-84.07107,40.81691],[-84.07107,40.81756],[-84.07133,40.81755],[-84.0718,40.81754],[-84.07221,40.81753],[-84.07251,40.81753],[-84.07314,40.81753],[-84.07367,40.81753],[-84.07442,40.81752],[-84.07511,40.81751],[-84.07575,40.8175],[-84.07618,40.8175],[-84.0766,40.8175],[-84.07673,40.8175],[-84.07718,40.8175],[-84.07764,40.81749],[-84.07796,40.81749],[-84.07861,40.81748],[-84.07897,40.81748],[-84.07921,40.81748],[-84.07973,40.81748],[-84.08006,40.81747],[-84.0808,40.81746],[-84.08178,40.81745],[-84.08209,40.81744],[-84.08247,40.81744],[-84.08255,40.81744],[-84.08318,40.81744],[-84.08448,40.81743],[-84.08483,40.81743],[-84.08512,40.81743],[-84.08545,40.81743],[-84.08643,40.81742],[-84.08661,40.81741],[-84.08683,40.81741],[-84.08707,40.8174],[-84.08718,40.8174],[-84.08778,40.8174],[-84.088,40.8174],[-84.08898,40.81739],[-84.08986,40.8174],[-84.09046,40.8174],[-84.09101,40.81739],[-84.09155,40.81739],[-84.09192,40.81739],[-84.09205,40.81739],[-84.09257,40.81739],[-84.09299,40.81738],[-84.09344,40.81738],[-84.0938,40.81737],[-84.0945,40.81737],[-84.09492,40.81737],[-84.09603,40.81737],[-84.09705,40.81736],[-84.09743,40.81736],[-84.09839,40.81735],[-84.09862,40.81735],[-84.09889,40.81734],[-84.09918,40.81734],[-84.0993,40.81734],[-84.09969,40.81734],[-84.1004,40.81734],[-84.10086,40.81733],[-84.10148,40.81732],[-84.10225,40.81732],[-84.10302,40.81731],[-84.10307,40.81731],[-84.1034,40.81731],[-84.10347,40.81732],[-84.10373,40.81732],[-84.1042,40.81731],[-84.10562,40.8173],[-84.10614,40.8173],[-84.1065,40.81729],[-84.10715,40.81729],[-84.10762,40.81728],[-84.10807,40.81729],[-84.10854,40.81728],[-84.10898,40.81728],[-84.10925,40.81728]]],[[[-84.09995,40.79492],[-84.09995,40.79437],[-84.09911,40.79438],[-84.09911,40.79451],[-84.09911,40.79493],[-84.09985,40.79493],[-84.09995,40.79492]]]]}},{"type":"Feature","properties":{"GEOID":"39003002ADZ","NAME":"BATH B","BASENAME":"BATH B","VTD":"002ADZ","POP100":1012,"HU100":397,"AREALAND":"20356328","CENTLAT":"+40.8034573","CENTLON":"-084.0324474"},"geometry":{"type":"Polygon","coordinates":[[[-84.07107,40.81756],[-84.07107,40.81691],[-84.07103,40.81533],[-84.07102,40.81509],[-84.07098,40.81411],[-84.07097,40.81398],[-84.07095,40.81355],[-84.0709,40.81259],[-84.07087,40.81211],[-84.07084,40.81133],[-84.07081,40.81058],[-84.07081,40.8103],[-84.07078,40.8096],[-84.07077,40.80931],[-84.07076,40.80923],[-84.07073,40.80861],[-84.07071,40.80817],[-84.07069,40.80756],[-84.07067,40.80688],[-84.07064,40.80624],[-84.07061,40.80569],[-84.0706,40.80539],[-84.07059,40.80521],[-84.07056,40.8048],[-84.07052,40.80412],[-84.07051,40.80359],[-84.07051,40.80342],[-84.07051,40.80296],[-84.0705,40.80266],[-84.0705,40.80225],[-84.0705,40.8017],[-84.07049,40.8014],[-84.07049,40.80083],[-84.07051,40.80033],[-84.07051,40.79948],[-84.07052,40.79907],[-84.07052,40.79822],[-84.07051,40.79723],[-84.07051,40.79711],[-84.07051,40.79675],[-84.07049,40.79664],[-84.07049,40.79649],[-84.07049,40.79613],[-84.07048,40.79575],[-84.07048,40.7956],[-84.07048,40.79537],[-84.07049,40.7948],[-84.0705,40.7947],[-84.07051,40.79437],[-84.07051,40.79423],[-84.07051,40.79382],[-84.07051,40.79338],[-84.07051,40.79298],[-84.07051,40.79257],[-84.07051,40.79193],[-84.07052,40.79101],[-84.07052,40.79084],[-84.07053,40.78992],[-84.07053,40.78976],[-84.07052,40.78961],[-84.07052,40.78957],[-84.0705,40.78908],[-84.07017,40.78908],[-84.06967,40.78908],[-84.06813,40.78908],[-84.06705,40.78907],[-84.06636,40.78907],[-84.06561,40.78907],[-84.0641,40.78907],[-84.06331,40.78906],[-84.06237,40.78906],[-84.06115,40.78906],[-84.06018,40.78905],[-84.05955,40.78905],[-84.05898,40.78905],[-84.05894,40.78905],[-84.05829,40.78905],[-84.05799,40.78905],[-84.05759,40.78904],[-84.05699,40.78904],[-84.0557,40.78903],[-84.05528,40.78902],[-84.05478,40.78902],[-84.05414,40.78902],[-84.05374,40.78902],[-84.05318,40.78902],[-84.0528,40.78902],[-84.05248,40.78901],[-84.05194,40.78902],[-84.05159,40.78901],[-84.05129,40.78901],[-84.05058,40.78902],[-84.05014,40.78903],[-84.05011,40.78903],[-84.04992,40.78903],[-84.04963,40.78903],[-84.04809,40.78904],[-84.04773,40.78904],[-84.04712,40.78905],[-84.04627,40.78905],[-84.04546,40.78906],[-84.04368,40.78907],[-84.04332,40.78907],[-84.04306,40.78907],[-84.04263,40.78907],[-84.04084,40.78907],[-84.04003,40.78908],[-84.03915,40.78909],[-84.03795,40.7891],[-84.03778,40.7891],[-84.03695,40.78911],[-84.03625,40.78911],[-84.03555,40.78911],[-84.03485,40.78912],[-84.03439,40.78912],[-84.03356,40.78912],[-84.03226,40.78913],[-84.03176,40.78914],[-84.03127,40.78914],[-84.0309,40.78914],[-84.03023,40.78914],[-84.02969,40.78915],[-84.02929,40.78915],[-84.02893,40.78914],[-84.02839,40.78915],[-84.02775,40.78915],[-84.02715,40.78915],[-84.02674,40.78915],[-84.02626,40.78915],[-84.02512,40.78915],[-84.02467,40.78915],[-84.024,40.78915],[-84.02365,40.78916],[-84.02244,40.78916],[-84.02207,40.78916],[-84.02154,40.78916],[-84.02036,40.78917],[-84.02009,40.78917],[-84.01974,40.78917],[-84.01895,40.78917],[-84.01826,40.78917],[-84.0169,40.78919],[-84.01644,40.78918],[-84.01572,40.78918],[-84.01535,40.78919],[-84.01465,40.78918],[-84.01395,40.78919],[-84.01312,40.7892],[-84.01215,40.7892],[-84.01121,40.7892],[-84.01029,40.78919],[-84.00939,40.78919],[-84.00873,40.78919],[-84.00824,40.78919],[-84.00803,40.78919],[-84.0073,40.78919],[-84.00633,40.78919],[-84.00533,40.78919],[-84.00336,40.78918],[-84.00237,40.78918],[-84.00137,40.78918],[-84.00045,40.78917],[-84.00011,40.78917],[-83.99982,40.78917],[-83.99896,40.78917],[-83.99807,40.78916],[-83.99716,40.78916],[-83.99663,40.78916],[-83.99578,40.78917],[-83.99483,40.78916],[-83.99427,40.78916],[-83.99427,40.78956],[-83.99428,40.79133],[-83.99428,40.79169],[-83.99428,40.7921],[-83.99429,40.79352],[-83.99431,40.79458],[-83.99432,40.79665],[-83.99432,40.7969],[-83.99432,40.7976],[-83.99432,40.79931],[-83.99432,40.79977],[-83.99434,40.80068],[-83.99434,40.80075],[-83.99436,40.80174],[-83.99435,40.8034],[-83.99435,40.80477],[-83.99436,40.80493],[-83.99435,40.80526],[-83.99436,40.80598],[-83.99437,40.80676],[-83.99438,40.80731],[-83.99439,40.80865],[-83.99441,40.81001],[-83.99442,40.81042],[-83.99442,40.81085],[-83.99443,40.81137],[-83.99443,40.81171],[-83.99443,40.81175],[-83.99443,40.81207],[-83.99443,40.81241],[-83.99444,40.81312],[-83.99443,40.81344],[-83.99443,40.81348],[-83.99444,40.81384],[-83.99444,40.81456],[-83.99445,40.81489],[-83.99445,40.81511],[-83.99434,40.81805],[-83.99873,40.81795],[-83.99889,40.81796],[-83.99909,40.81797],[-83.99941,40.81796],[-83.99976,40.81795],[-84.00284,40.81805],[-84.00639,40.8179],[-84.00658,40.8179],[-84.00674,40.8179],[-84.00689,40.81787],[-84.00744,40.81785],[-84.00934,40.81785],[-84.01108,40.8179],[-84.01182,40.81789],[-84.0126,40.81788],[-84.01322,40.81787],[-84.01348,40.81786],[-84.01392,40.81785],[-84.01416,40.81785],[-84.0149,40.81785],[-84.01541,40.81785],[-84.01587,40.81784],[-84.01596,40.81785],[-84.017,40.81784],[-84.01808,40.81783],[-84.01892,40.81783],[-84.0199,40.81783],[-84.0211,40.81782],[-84.02186,40.81782],[-84.02284,40.81781],[-84.0238,40.8178],[-84.02473,40.8178],[-84.02536,40.8178],[-84.02573,40.81779],[-84.02622,40.81779],[-84.02647,40.81779],[-84.02788,40.81778],[-84.02904,40.81778],[-84.02966,40.81778],[-84.03077,40.81777],[-84.03223,40.81776],[-84.03239,40.81777],[-84.03265,40.81777],[-84.03325,40.81776],[-84.03353,40.81776],[-84.03518,40.81774],[-84.03595,40.81774],[-84.03622,40.81774],[-84.03641,40.81774],[-84.03695,40.81774],[-84.03782,40.81773],[-84.03858,40.81773],[-84.03925,40.81773],[-84.04023,40.81772],[-84.04083,40.81772],[-84.04227,40.81772],[-84.04265,40.81772],[-84.04308,40.81772],[-84.04432,40.8177],[-84.04556,40.8177],[-84.04615,40.81769],[-84.04656,40.81769],[-84.04715,40.81768],[-84.04812,40.81768],[-84.04874,40.81767],[-84.04964,40.81767],[-84.05124,40.81766],[-84.0515,40.81765],[-84.05177,40.81766],[-84.05301,40.81765],[-84.0541,40.81764],[-84.05507,40.81764],[-84.05702,40.81764],[-84.05864,40.81764],[-84.05931,40.81763],[-84.06027,40.81762],[-84.06118,40.8176],[-84.06189,40.8176],[-84.06236,40.81759],[-84.06284,40.81759],[-84.06357,40.81758],[-84.06551,40.81757],[-84.06673,40.81756],[-84.06786,40.81756],[-84.06903,40.81756],[-84.07023,40.81756],[-84.07107,40.81756]]]}},{"type":"Feature","properties":{"GEOID":"39003002AEA","NAME":"BATH C","BASENAME":"BATH C","VTD":"002AEA","POP100":850,"HU100":319,"AREALAND":"13757733","CENTLAT":"+40.7759864","CENTLON":"-084.0236056"},"geometry":{"type":"Polygon","coordinates":[[[-84.05131,40.77483],[-84.05132,40.77464],[-84.0513,40.77458],[-84.05126,40.77451],[-84.05124,40.77211],[-84.05124,40.7718],[-84.05125,40.77087],[-84.05125,40.77051],[-84.05125,40.7696],[-84.05126,40.76781],[-84.05124,40.76734],[-84.05121,40.76662],[-84.0512,40.76575],[-84.05121,40.76451],[-84.05118,40.76192],[-84.05119,40.76104],[-84.05119,40.75961],[-84.05066,40.7597],[-84.05033,40.75974],[-84.05009,40.75977],[-84.0498,40.75979],[-84.0497,40.75983],[-84.04959,40.75983],[-84.04947,40.75984],[-84.0493,40.75984],[-84.04817,40.75982],[-84.04727,40.75983],[-84.04692,40.75983],[-84.04675,40.75983],[-84.04612,40.75984],[-84.04559,40.75985],[-84.04505,40.75987],[-84.04486,40.75988],[-84.04475,40.7599],[-84.04458,40.75992],[-84.04437,40.75995],[-84.04411,40.76001],[-84.04394,40.76004],[-84.04376,40.76008],[-84.04343,40.76016],[-84.0429,40.76028],[-84.04265,40.76034],[-84.04224,40.76044],[-84.04197,40.76051],[-84.04178,40.76055],[-84.04111,40.76071],[-84.04058,40.76083],[-84.0401,40.76094],[-84.03954,40.76108],[-84.03889,40.76123],[-84.03838,40.76136],[-84.03774,40.76151],[-84.03695,40.76171],[-84.03652,40.76181],[-84.03587,40.76198],[-84.03534,40.76212],[-84.03425,40.76241],[-84.03386,40.7625],[-84.03328,40.76265],[-84.03311,40.76269],[-84.0329,40.76275],[-84.03239,40.76288],[-84.03203,40.76297],[-84.03137,40.76314],[-84.03081,40.76329],[-84.03011,40.76346],[-84.0298,40.76354],[-84.02891,40.76374],[-84.02847,40.76383],[-84.02788,40.76392],[-84.02744,40.76398],[-84.02721,40.764],[-84.02703,40.76402],[-84.02649,40.76405],[-84.02609,40.76407],[-84.02563,40.76408],[-84.02516,40.76406],[-84.02477,40.76405],[-84.02369,40.76402],[-84.02209,40.76398],[-84.0205,40.76395],[-84.01958,40.76394],[-84.01852,40.76392],[-84.01702,40.7639],[-84.01647,40.7639],[-84.01548,40.76388],[-84.0131,40.7638],[-84.01229,40.7638],[-84.01177,40.76379],[-84.01141,40.76378],[-84.01093,40.76377],[-84.01044,40.76376],[-84.01,40.76375],[-84.0094,40.76373],[-84.00886,40.76371],[-84.00855,40.76371],[-84.00836,40.76371],[-84.0081,40.76371],[-84.00791,40.76371],[-84.00767,40.76371],[-84.00741,40.76371],[-84.0067,40.76376],[-84.00632,40.76379],[-84.00601,40.76384],[-84.00568,40.76389],[-84.00542,40.76393],[-84.0051,40.76398],[-84.00397,40.76422],[-84.00359,40.76428],[-84.00311,40.76435],[-84.00271,40.76441],[-84.00247,40.76443],[-84.00205,40.76446],[-84.00166,40.76449],[-84.00136,40.76449],[-84.00094,40.76449],[-84.00082,40.76449],[-84.00047,40.76449],[-84.00015,40.76448],[-83.99972,40.76447],[-83.99841,40.76443],[-83.99794,40.76442],[-83.99731,40.7644],[-83.99698,40.76439],[-83.99416,40.7643],[-83.99417,40.76516],[-83.99417,40.76572],[-83.99417,40.76626],[-83.99418,40.7664],[-83.9942,40.76686],[-83.9942,40.76744],[-83.99422,40.76813],[-83.99423,40.76826],[-83.99423,40.76873],[-83.99423,40.76931],[-83.99422,40.76988],[-83.99421,40.77048],[-83.99421,40.77108],[-83.9942,40.77161],[-83.9942,40.77171],[-83.9942,40.77195],[-83.9942,40.77199],[-83.9942,40.77224],[-83.99421,40.77349],[-83.99422,40.77387],[-83.9942,40.77437],[-83.99421,40.77457],[-83.9942,40.77499],[-83.9942,40.77532],[-83.99422,40.77658],[-83.99423,40.7778],[-83.99422,40.77892],[-83.99421,40.77973],[-83.99422,40.781],[-83.99424,40.78181],[-83.99425,40.78226],[-83.99425,40.78285],[-83.99425,40.78395],[-83.99425,40.78439],[-83.99426,40.78462],[-83.99426,40.78491],[-83.99426,40.78513],[-83.99426,40.78532],[-83.99426,40.7858],[-83.99426,40.78709],[-83.99426,40.78774],[-83.99426,40.78794],[-83.99427,40.7883],[-83.99427,40.78855],[-83.99427,40.78896],[-83.99427,40.78916],[-83.99483,40.78916],[-83.99578,40.78917],[-83.99663,40.78916],[-83.99716,40.78916],[-83.99807,40.78916],[-83.99896,40.78917],[-83.99982,40.78917],[-84.00011,40.78917],[-84.00045,40.78917],[-84.00137,40.78918],[-84.00237,40.78918],[-84.00336,40.78918],[-84.00533,40.78919],[-84.00633,40.78919],[-84.0073,40.78919],[-84.00803,40.78919],[-84.00824,40.78919],[-84.00873,40.78919],[-84.00939,40.78919],[-84.01029,40.78919],[-84.01121,40.7892],[-84.01215,40.7892],[-84.01312,40.7892],[-84.01395,40.78919],[-84.01465,40.78918],[-84.01535,40.78919],[-84.01572,40.78918],[-84.01644,40.78918],[-84.0169,40.78919],[-84.01826,40.78917],[-84.01895,40.78917],[-84.01974,40.78917],[-84.02009,40.78917],[-84.02036,40.78917],[-84.02154,40.78916],[-84.02207,40.78916],[-84.02244,40.78916],[-84.02365,40.78916],[-84.024,40.78915],[-84.02467,40.78915],[-84.02512,40.78915],[-84.02626,40.78915],[-84.02674,40.78915],[-84.02715,40.78915],[-84.02775,40.78915],[-84.02839,40.78915],[-84.02893,40.78914],[-84.02929,40.78915],[-84.02969,40.78915],[-84.03023,40.78914],[-84.0309,40.78914],[-84.03127,40.78914],[-84.03176,40.78914],[-84.03226,40.78913],[-84.03356,40.78912],[-84.03439,40.78912],[-84.03485,40.78912],[-84.03555,40.78911],[-84.03625,40.78911],[-84.03695,40.78911],[-84.03778,40.7891],[-84.03795,40.7891],[-84.03915,40.78909],[-84.04003,40.78908],[-84.04084,40.78907],[-84.04263,40.78907],[-84.04306,40.78907],[-84.04332,40.78907],[-84.04368,40.78907],[-84.04546,40.78906],[-84.04627,40.78905],[-84.04712,40.78905],[-84.04773,40.78904],[-84.04809,40.78904],[-84.04963,40.78903],[-84.04992,40.78903],[-84.05011,40.78903],[-84.05014,40.78903],[-84.05058,40.78902],[-84.05129,40.78901],[-84.05129,40.78852],[-84.05129,40.78785],[-84.05129,40.78703],[-84.05129,40.78647],[-84.0513,40.78596],[-84.05131,40.78404],[-84.05131,40.78361],[-84.05131,40.78338],[-84.05131,40.78336],[-84.05131,40.78316],[-84.0513,40.78254],[-84.05129,40.78163],[-84.05126,40.78001],[-84.05126,40.77987],[-84.05126,40.77964],[-84.05126,40.77927],[-84.05125,40.77899],[-84.05126,40.77869],[-84.05126,40.77808],[-84.05126,40.77797],[-84.05126,40.77769],[-84.05127,40.77707],[-84.05128,40.77657],[-84.05129,40.77633],[-84.0513,40.77601],[-84.05131,40.7753],[-84.05131,40.77508],[-84.05131,40.77483]]]}},{"type":"Feature","properties":{"GEOID":"39003002AEB","NAME":"BATH D","BASENAME":"BATH D","VTD":"002AEB","POP100":1128,"HU100":480,"AREALAND":"8763702","CENTLAT":"+40.7762880","CENTLON":"-084.0688860"},"geometry":{"type":"Polygon","coordinates":[[[-84.09636,40.77412],[-84.09641,40.77391],[-84.09635,40.77395],[-84.09628,40.77397],[-84.09613,40.77399],[-84.09607,40.77399],[-84.09597,40.77398],[-84.09585,40.77398],[-84.09573,40.77397],[-84.09565,40.77396],[-84.09546,40.77396],[-84.09397,40.77397],[-84.09382,40.77397],[-84.09304,40.77397],[-84.09111,40.77399],[-84.0909,40.77399],[-84.09028,40.774],[-84.09013,40.77399],[-84.08978,40.774],[-84.08959,40.774],[-84.08959,40.77395],[-84.08819,40.77399],[-84.08801,40.774],[-84.08752,40.77401],[-84.08706,40.77403],[-84.08658,40.77404],[-84.08524,40.77409],[-84.08432,40.77413],[-84.08425,40.77413],[-84.08266,40.77417],[-84.08199,40.77419],[-84.08106,40.77423],[-84.08004,40.77426],[-84.07861,40.7743],[-84.07749,40.77433],[-84.07348,40.77445],[-84.0734,40.77445],[-84.07319,40.77446],[-84.07058,40.77455],[-84.07057,40.77417],[-84.07056,40.77379],[-84.07059,40.77132],[-84.07059,40.77091],[-84.07059,40.77065],[-84.07053,40.76932],[-84.07052,40.76898],[-84.07051,40.76851],[-84.0705,40.76817],[-84.0705,40.76801],[-84.0705,40.76773],[-84.0705,40.76736],[-84.07049,40.76708],[-84.07049,40.76702],[-84.07049,40.76655],[-84.07048,40.76628],[-84.07046,40.76551],[-84.07046,40.76493],[-84.07047,40.76487],[-84.07047,40.76471],[-84.07047,40.76466],[-84.07047,40.76452],[-84.07047,40.76438],[-84.07046,40.76422],[-84.07046,40.76405],[-84.07045,40.76386],[-84.07045,40.76357],[-84.07044,40.76286],[-84.07044,40.76276],[-84.07045,40.76207],[-84.07044,40.76193],[-84.07044,40.76174],[-84.07044,40.76154],[-84.07044,40.76127],[-84.07044,40.76113],[-84.07044,40.76092],[-84.07043,40.76064],[-84.07043,40.76044],[-84.07041,40.75995],[-84.07041,40.75977],[-84.07039,40.75912],[-84.07038,40.75836],[-84.07038,40.7576],[-84.07034,40.75639],[-84.06942,40.75652],[-84.06788,40.75675],[-84.06687,40.75689],[-84.06674,40.75691],[-84.06598,40.75701],[-84.06561,40.75707],[-84.06494,40.75717],[-84.0643,40.75726],[-84.06317,40.75743],[-84.06282,40.75748],[-84.06265,40.7575],[-84.06251,40.75752],[-84.06232,40.75752],[-84.06169,40.75761],[-84.06095,40.75773],[-84.06047,40.7578],[-84.05973,40.75793],[-84.05929,40.75798],[-84.05822,40.75815],[-84.05737,40.75828],[-84.05692,40.75835],[-84.05627,40.75845],[-84.05603,40.75849],[-84.05592,40.75851],[-84.05528,40.75862],[-84.05485,40.7587],[-84.05476,40.75872],[-84.05436,40.7588],[-84.0539,40.75891],[-84.05345,40.75902],[-84.05309,40.75912],[-84.05285,40.75918],[-84.0522,40.75936],[-84.05195,40.75942],[-84.05162,40.75951],[-84.05139,40.75956],[-84.05119,40.75961],[-84.05119,40.76104],[-84.05118,40.76192],[-84.05121,40.76451],[-84.0512,40.76575],[-84.05121,40.76662],[-84.05124,40.76734],[-84.05126,40.76781],[-84.05125,40.7696],[-84.05125,40.77051],[-84.05125,40.77087],[-84.05124,40.7718],[-84.05124,40.77211],[-84.05126,40.77451],[-84.0513,40.77458],[-84.05132,40.77464],[-84.05131,40.77483],[-84.05131,40.77508],[-84.05131,40.7753],[-84.0513,40.77601],[-84.05129,40.77633],[-84.05128,40.77657],[-84.05127,40.77707],[-84.05126,40.77769],[-84.05126,40.77797],[-84.05126,40.77808],[-84.05126,40.77869],[-84.05125,40.77899],[-84.05126,40.77927],[-84.05126,40.77964],[-84.05126,40.77987],[-84.05126,40.78001],[-84.05129,40.78163],[-84.0513,40.78254],[-84.05131,40.78316],[-84.05131,40.78336],[-84.05131,40.78338],[-84.05131,40.78361],[-84.05131,40.78404],[-84.0513,40.78596],[-84.05129,40.78647],[-84.05129,40.78703],[-84.05129,40.78785],[-84.05129,40.78852],[-84.05129,40.78901],[-84.05159,40.78901],[-84.05194,40.78902],[-84.05248,40.78901],[-84.0528,40.78902],[-84.05318,40.78902],[-84.05374,40.78902],[-84.05414,40.78902],[-84.05478,40.78902],[-84.05528,40.78902],[-84.0557,40.78903],[-84.05699,40.78904],[-84.05759,40.78904],[-84.05799,40.78905],[-84.05829,40.78905],[-84.05894,40.78905],[-84.05898,40.78905],[-84.05955,40.78905],[-84.06018,40.78905],[-84.06115,40.78906],[-84.06237,40.78906],[-84.06331,40.78906],[-84.0641,40.78907],[-84.06561,40.78907],[-84.06636,40.78907],[-84.06705,40.78907],[-84.06813,40.78908],[-84.06967,40.78908],[-84.07017,40.78908],[-84.0705,40.78908],[-84.07075,40.78907],[-84.07103,40.78906],[-84.07142,40.78905],[-84.07165,40.78904],[-84.07234,40.78902],[-84.07261,40.78901],[-84.07305,40.78899],[-84.07357,40.78898],[-84.07416,40.78896],[-84.07493,40.78894],[-84.07557,40.78892],[-84.07598,40.7889],[-84.07638,40.78889],[-84.07788,40.78884],[-84.07857,40.78883],[-84.07904,40.78881],[-84.07937,40.78881],[-84.08042,40.78877],[-84.08088,40.78876],[-84.08183,40.78873],[-84.08218,40.78872],[-84.08278,40.7887],[-84.08373,40.78867],[-84.08448,40.78865],[-84.08489,40.78864],[-84.08574,40.78861],[-84.08667,40.78859],[-84.08765,40.78855],[-84.08834,40.78853],[-84.08954,40.7885],[-84.08981,40.7885],[-84.09001,40.7885],[-84.09064,40.78848],[-84.0916,40.78846],[-84.09231,40.78843],[-84.0924,40.78843],[-84.09268,40.78728],[-84.09514,40.77885],[-84.09524,40.77849],[-84.0953,40.77832],[-84.09532,40.7782],[-84.09539,40.77795],[-84.09542,40.77775],[-84.09542,40.77762],[-84.09543,40.7775],[-84.09546,40.77739],[-84.09552,40.77711],[-84.09556,40.77698],[-84.09563,40.77671],[-84.09566,40.77659],[-84.09574,40.77628],[-84.09579,40.77612],[-84.0958,40.77602],[-84.09581,40.77592],[-84.09583,40.77583],[-84.09585,40.77575],[-84.09589,40.77564],[-84.09594,40.77552],[-84.09598,40.7754],[-84.096,40.77532],[-84.09601,40.77525],[-84.09601,40.77516],[-84.09604,40.77504],[-84.09612,40.77489],[-84.09615,40.77481],[-84.09627,40.77438],[-84.09636,40.77412]]]}},{"type":"Feature","properties":{"GEOID":"39003002AEC","NAME":"BATH E","BASENAME":"BATH E","VTD":"002AEC","POP100":1318,"HU100":606,"AREALAND":"6363164","CENTLAT":"+40.7628380","CENTLON":"-084.0855988"},"geometry":{"type":"Polygon","coordinates":[[[-84.10869,40.76904],[-84.10869,40.76882],[-84.10868,40.76828],[-84.10868,40.76778],[-84.10869,40.7674],[-84.10868,40.76651],[-84.10866,40.76482],[-84.1086,40.76482],[-84.1069,40.76486],[-84.10504,40.76489],[-84.10324,40.76491],[-84.10261,40.76491],[-84.10201,40.76493],[-84.10166,40.76462],[-84.10156,40.76453],[-84.10147,40.76446],[-84.10096,40.764],[-84.10087,40.76391],[-84.1007,40.76372],[-84.10053,40.7635],[-84.10046,40.76338],[-84.10034,40.7632],[-84.10026,40.76304],[-84.10012,40.76271],[-84.10002,40.7624],[-84.09997,40.76208],[-84.09994,40.76179],[-84.09991,40.76165],[-84.09985,40.76125],[-84.0999,40.76089],[-84.09992,40.76073],[-84.09993,40.76064],[-84.10012,40.76064],[-84.10032,40.75976],[-84.10043,40.75932],[-84.10045,40.75924],[-84.09985,40.75924],[-84.09904,40.75924],[-84.09736,40.75928],[-84.09713,40.75929],[-84.09617,40.75931],[-84.09598,40.75931],[-84.09583,40.75931],[-84.09562,40.75932],[-84.09466,40.75935],[-84.0945,40.75935],[-84.0944,40.75935],[-84.09432,40.75935],[-84.09432,40.75942],[-84.0943,40.75942],[-84.09423,40.75942],[-84.09384,40.75943],[-84.09375,40.75946],[-84.09367,40.75949],[-84.09355,40.75952],[-84.09342,40.75957],[-84.09319,40.75965],[-84.09305,40.75971],[-84.09235,40.75995],[-84.08954,40.76109],[-84.08952,40.76065],[-84.08952,40.7606],[-84.08952,40.76059],[-84.08978,40.76046],[-84.09018,40.76025],[-84.09059,40.76004],[-84.09095,40.75986],[-84.09131,40.75968],[-84.09136,40.75965],[-84.09145,40.75961],[-84.09168,40.75949],[-84.09177,40.75944],[-84.09183,40.75941],[-84.09206,40.75941],[-84.09277,40.75939],[-84.09429,40.75935],[-84.09429,40.75932],[-84.09429,40.75928],[-84.09427,40.75914],[-84.0943,40.75843],[-84.09421,40.75799],[-84.09424,40.75756],[-84.09426,40.75726],[-84.09426,40.75666],[-84.09426,40.75664],[-84.09425,40.75629],[-84.09424,40.75584],[-84.09424,40.75547],[-84.09425,40.75452],[-84.09425,40.75397],[-84.09427,40.75317],[-84.09426,40.7529],[-84.09425,40.7527],[-84.09309,40.75284],[-84.09189,40.75302],[-84.0907,40.7532],[-84.08946,40.75339],[-84.08925,40.7534],[-84.08853,40.75351],[-84.08852,40.75091],[-84.08851,40.74915],[-84.08754,40.74911],[-84.08727,40.7491],[-84.08636,40.74907],[-84.08624,40.74906],[-84.0856,40.74907],[-84.08505,40.74908],[-84.08472,40.74909],[-84.08467,40.74909],[-84.08465,40.74879],[-84.08461,40.74811],[-84.08447,40.74608],[-84.08358,40.74614],[-84.08249,40.74622],[-84.0815,40.7463],[-84.08116,40.7463],[-84.07991,40.74634],[-84.07991,40.74623],[-84.07991,40.74612],[-84.07972,40.74613],[-84.07656,40.74631],[-84.07641,40.74633],[-84.07596,40.74636],[-84.07589,40.74637],[-84.0757,40.74638],[-84.0757,40.74653],[-84.07569,40.74933],[-84.07571,40.75287],[-84.07563,40.75462],[-84.07566,40.75518],[-84.07569,40.75565],[-84.07571,40.75583],[-84.07541,40.75588],[-84.07452,40.75598],[-84.07266,40.75593],[-84.07236,40.75599],[-84.07215,40.75603],[-84.0719,40.75606],[-84.071,40.75618],[-84.07037,40.75628],[-84.07034,40.75628],[-84.07034,40.75639],[-84.07038,40.7576],[-84.07038,40.75836],[-84.07039,40.75912],[-84.07041,40.75977],[-84.07041,40.75995],[-84.07043,40.76044],[-84.07043,40.76064],[-84.07044,40.76092],[-84.07044,40.76113],[-84.07044,40.76127],[-84.07044,40.76154],[-84.07044,40.76174],[-84.07044,40.76193],[-84.07045,40.76207],[-84.07044,40.76276],[-84.07044,40.76286],[-84.07045,40.76357],[-84.07045,40.76386],[-84.07046,40.76405],[-84.07046,40.76422],[-84.07047,40.76438],[-84.07047,40.76452],[-84.07047,40.76466],[-84.07047,40.76471],[-84.07047,40.76487],[-84.07046,40.76493],[-84.07046,40.76551],[-84.07048,40.76628],[-84.07049,40.76655],[-84.07049,40.76702],[-84.07049,40.76708],[-84.0705,40.76736],[-84.0705,40.76773],[-84.0705,40.76801],[-84.0705,40.76817],[-84.07051,40.76851],[-84.07052,40.76898],[-84.07053,40.76932],[-84.07059,40.77065],[-84.07059,40.77091],[-84.07059,40.77132],[-84.07056,40.77379],[-84.07057,40.77417],[-84.07058,40.77455],[-84.07319,40.77446],[-84.0734,40.77445],[-84.07348,40.77445],[-84.07749,40.77433],[-84.07861,40.7743],[-84.08004,40.77426],[-84.08106,40.77423],[-84.08199,40.77419],[-84.08266,40.77417],[-84.08425,40.77413],[-84.08432,40.77413],[-84.08524,40.77409],[-84.08658,40.77404],[-84.08706,40.77403],[-84.08752,40.77401],[-84.08801,40.774],[-84.08819,40.77399],[-84.08959,40.77395],[-84.08959,40.774],[-84.08978,40.774],[-84.09013,40.77399],[-84.09028,40.774],[-84.0909,40.77399],[-84.09111,40.77399],[-84.09304,40.77397],[-84.09382,40.77397],[-84.09397,40.77397],[-84.09546,40.77396],[-84.09565,40.77396],[-84.09573,40.77397],[-84.09585,40.77398],[-84.09597,40.77398],[-84.09607,40.77399],[-84.09613,40.77399],[-84.09628,40.77397],[-84.09635,40.77395],[-84.09641,40.77391],[-84.09642,40.7739],[-84.09645,40.77385],[-84.09668,40.77297],[-84.09684,40.77236],[-84.09709,40.77178],[-84.09742,40.77123],[-84.09778,40.77075],[-84.09821,40.77027],[-84.09893,40.76969],[-84.09957,40.76926],[-84.09975,40.76918],[-84.09991,40.76914],[-84.10001,40.76912],[-84.1001,40.76911],[-84.10172,40.76908],[-84.103,40.76908],[-84.10382,40.76907],[-84.10407,40.76907],[-84.10407,40.76916],[-84.10407,40.76924],[-84.10408,40.77016],[-84.10411,40.77156],[-84.10411,40.77183],[-84.10581,40.77182],[-84.10787,40.7718],[-84.10864,40.77179],[-84.10864,40.77145],[-84.10863,40.77053],[-84.10862,40.77],[-84.10861,40.76921],[-84.10861,40.76907],[-84.10861,40.76904],[-84.10869,40.76904]]]}},{"type":"Feature","properties":{"GEOID":"39003002AED","NAME":"BATH F","BASENAME":"BATH F","VTD":"002AED","POP100":864,"HU100":342,"AREALAND":"12302650","CENTLAT":"+40.7530857","CENTLON":"-084.0300622"},"geometry":{"type":"Polygon","coordinates":[[[-84.07571,40.75287],[-84.07569,40.74933],[-84.0757,40.74653],[-84.0757,40.74638],[-84.0757,40.74522],[-84.07569,40.7424],[-84.07569,40.74237],[-84.0756,40.74237],[-84.07546,40.74238],[-84.07538,40.74238],[-84.07495,40.7424],[-84.07256,40.74258],[-84.07207,40.74265],[-84.07181,40.74268],[-84.07145,40.74275],[-84.07099,40.74289],[-84.0707,40.74301],[-84.07045,40.74313],[-84.07022,40.74327],[-84.07003,40.74339],[-84.06982,40.74357],[-84.06973,40.74366],[-84.06961,40.74379],[-84.06948,40.74394],[-84.06935,40.74409],[-84.06925,40.7442],[-84.0691,40.74437],[-84.06902,40.74445],[-84.06884,40.7446],[-84.06874,40.74466],[-84.06855,40.74478],[-84.06838,40.74489],[-84.06824,40.74497],[-84.06804,40.74506],[-84.06787,40.74512],[-84.06761,40.74521],[-84.06739,40.74526],[-84.06719,40.7453],[-84.06693,40.74533],[-84.06661,40.74536],[-84.06567,40.74539],[-84.0641,40.74542],[-84.06333,40.74543],[-84.0626,40.74544],[-84.06141,40.74544],[-84.06102,40.74544],[-84.06056,40.74542],[-84.06032,40.74542],[-84.06018,40.74541],[-84.059,40.74543],[-84.05847,40.74543],[-84.05829,40.74543],[-84.05661,40.74545],[-84.05658,40.74545],[-84.05592,40.74546],[-84.05534,40.74545],[-84.05463,40.74545],[-84.05429,40.74546],[-84.05372,40.74546],[-84.05235,40.74548],[-84.05182,40.74547],[-84.0516,40.74546],[-84.05117,40.74545],[-84.05083,40.74545],[-84.05042,40.74546],[-84.0488,40.74547],[-84.04777,40.74548],[-84.04762,40.74547],[-84.04742,40.74546],[-84.04725,40.74546],[-84.04695,40.74546],[-84.04637,40.74546],[-84.04616,40.74547],[-84.04525,40.74548],[-84.04459,40.74549],[-84.04389,40.74549],[-84.04376,40.7455],[-84.04341,40.7455],[-84.0428,40.7455],[-84.04205,40.74551],[-84.04179,40.74551],[-84.04111,40.74552],[-84.0403,40.74555],[-84.03997,40.74555],[-84.03966,40.74556],[-84.03932,40.74556],[-84.0392,40.74556],[-84.03895,40.74556],[-84.03862,40.74555],[-84.0385,40.74555],[-84.03818,40.74555],[-84.0377,40.74555],[-84.03696,40.74556],[-84.03498,40.74559],[-84.03408,40.7456],[-84.03219,40.74564],[-84.03103,40.74564],[-84.03023,40.74564],[-84.02957,40.74565],[-84.028,40.74565],[-84.02719,40.74565],[-84.02514,40.74566],[-84.02469,40.74566],[-84.02266,40.74566],[-84.0211,40.74566],[-84.01935,40.74567],[-84.01639,40.74567],[-84.01435,40.74569],[-84.01384,40.74569],[-84.0132,40.74569],[-84.01322,40.74393],[-84.01322,40.74287],[-84.01137,40.74283],[-84.01038,40.74281],[-84.00962,40.7428],[-84.00871,40.74278],[-84.00838,40.74277],[-84.00772,40.74275],[-84.00749,40.74274],[-84.0067,40.74271],[-84.00568,40.74267],[-84.00466,40.74264],[-84.00385,40.74263],[-84.0038,40.74262],[-84.00375,40.74261],[-84.00371,40.74259],[-84.00369,40.74256],[-84.00367,40.74254],[-84.00366,40.74251],[-84.00366,40.74247],[-84.00365,40.74239],[-84.00366,40.74233],[-84.00365,40.74228],[-84.00365,40.74226],[-84.00365,40.74223],[-84.00364,40.74221],[-84.00362,40.74219],[-84.0036,40.74218],[-84.00358,40.74216],[-84.00354,40.74214],[-84.00351,40.74213],[-84.00346,40.74212],[-84.00341,40.74211],[-84.00289,40.74204],[-84.00231,40.74197],[-84.00123,40.74183],[-84.00028,40.74169],[-83.99975,40.74163],[-83.99945,40.74159],[-83.9992,40.74157],[-83.99812,40.74145],[-83.99756,40.74141],[-83.99698,40.74135],[-83.9964,40.74129],[-83.99601,40.74126],[-83.99499,40.74117],[-83.99432,40.74112],[-83.99418,40.7411],[-83.99414,40.74569],[-83.99415,40.74791],[-83.99415,40.74871],[-83.99413,40.74945],[-83.99413,40.74995],[-83.99414,40.75045],[-83.99414,40.75094],[-83.99414,40.75139],[-83.99412,40.75298],[-83.99414,40.7538],[-83.99413,40.75406],[-83.99413,40.75423],[-83.99414,40.75527],[-83.99414,40.7562],[-83.99414,40.75694],[-83.99414,40.75735],[-83.99415,40.75777],[-83.99416,40.75818],[-83.99417,40.75857],[-83.99417,40.75891],[-83.99417,40.7593],[-83.99418,40.75974],[-83.99417,40.76005],[-83.99417,40.76047],[-83.99418,40.76083],[-83.99418,40.7612],[-83.99418,40.76141],[-83.99418,40.76158],[-83.99416,40.76197],[-83.99416,40.76236],[-83.99415,40.76273],[-83.99416,40.7631],[-83.99416,40.76348],[-83.99416,40.76376],[-83.99416,40.76402],[-83.99416,40.7643],[-83.99698,40.76439],[-83.99731,40.7644],[-83.99794,40.76442],[-83.99841,40.76443],[-83.99972,40.76447],[-84.00015,40.76448],[-84.00047,40.76449],[-84.00082,40.76449],[-84.00094,40.76449],[-84.00136,40.76449],[-84.00166,40.76449],[-84.00205,40.76446],[-84.00247,40.76443],[-84.00271,40.76441],[-84.00311,40.76435],[-84.00359,40.76428],[-84.00397,40.76422],[-84.0051,40.76398],[-84.00542,40.76393],[-84.00568,40.76389],[-84.00601,40.76384],[-84.00632,40.76379],[-84.0067,40.76376],[-84.00741,40.76371],[-84.00767,40.76371],[-84.00791,40.76371],[-84.0081,40.76371],[-84.00836,40.76371],[-84.00855,40.76371],[-84.00886,40.76371],[-84.0094,40.76373],[-84.01,40.76375],[-84.01044,40.76376],[-84.01093,40.76377],[-84.01141,40.76378],[-84.01177,40.76379],[-84.01229,40.7638],[-84.0131,40.7638],[-84.01548,40.76388],[-84.01647,40.7639],[-84.01702,40.7639],[-84.01852,40.76392],[-84.01958,40.76394],[-84.0205,40.76395],[-84.02209,40.76398],[-84.02369,40.76402],[-84.02477,40.76405],[-84.02516,40.76406],[-84.02563,40.76408],[-84.02609,40.76407],[-84.02649,40.76405],[-84.02703,40.76402],[-84.02721,40.764],[-84.02744,40.76398],[-84.02788,40.76392],[-84.02847,40.76383],[-84.02891,40.76374],[-84.0298,40.76354],[-84.03011,40.76346],[-84.03081,40.76329],[-84.03137,40.76314],[-84.03203,40.76297],[-84.03239,40.76288],[-84.0329,40.76275],[-84.03311,40.76269],[-84.03328,40.76265],[-84.03386,40.7625],[-84.03425,40.76241],[-84.03534,40.76212],[-84.03587,40.76198],[-84.03652,40.76181],[-84.03695,40.76171],[-84.03774,40.76151],[-84.03838,40.76136],[-84.03889,40.76123],[-84.03954,40.76108],[-84.0401,40.76094],[-84.04058,40.76083],[-84.04111,40.76071],[-84.04178,40.76055],[-84.04197,40.76051],[-84.04224,40.76044],[-84.04265,40.76034],[-84.0429,40.76028],[-84.04343,40.76016],[-84.04376,40.76008],[-84.04394,40.76004],[-84.04411,40.76001],[-84.04437,40.75995],[-84.04458,40.75992],[-84.04475,40.7599],[-84.04486,40.75988],[-84.04505,40.75987],[-84.04559,40.75985],[-84.04612,40.75984],[-84.04675,40.75983],[-84.04692,40.75983],[-84.04727,40.75983],[-84.04817,40.75982],[-84.0493,40.75984],[-84.04947,40.75984],[-84.04959,40.75983],[-84.0497,40.75983],[-84.0498,40.75979],[-84.05009,40.75977],[-84.05033,40.75974],[-84.05066,40.7597],[-84.05119,40.75961],[-84.05139,40.75956],[-84.05162,40.75951],[-84.05195,40.75942],[-84.0522,40.75936],[-84.05285,40.75918],[-84.05309,40.75912],[-84.05345,40.75902],[-84.0539,40.75891],[-84.05436,40.7588],[-84.05476,40.75872],[-84.05485,40.7587],[-84.05528,40.75862],[-84.05592,40.75851],[-84.05603,40.75849],[-84.05627,40.75845],[-84.05692,40.75835],[-84.05737,40.75828],[-84.05822,40.75815],[-84.05929,40.75798],[-84.05973,40.75793],[-84.06047,40.7578],[-84.06095,40.75773],[-84.06169,40.75761],[-84.06232,40.75752],[-84.06251,40.75752],[-84.06265,40.7575],[-84.06282,40.75748],[-84.06317,40.75743],[-84.0643,40.75726],[-84.06494,40.75717],[-84.06561,40.75707],[-84.06598,40.75701],[-84.06674,40.75691],[-84.06687,40.75689],[-84.06788,40.75675],[-84.06942,40.75652],[-84.07034,40.75639],[-84.07034,40.75628],[-84.07037,40.75628],[-84.071,40.75618],[-84.0719,40.75606],[-84.07215,40.75603],[-84.07236,40.75599],[-84.07266,40.75593],[-84.07452,40.75598],[-84.07541,40.75588],[-84.07571,40.75583],[-84.07569,40.75565],[-84.07566,40.75518],[-84.07563,40.75462],[-84.07571,40.75287]]]}},{"type":"Feature","properties":{"GEOID":"39003002AEE","NAME":"BATH G","BASENAME":"BATH G","VTD":"002AEE","POP100":1138,"HU100":564,"AREALAND":"6135822","CENTLAT":"+40.7379003","CENTLON":"-084.0274309"},"geometry":{"type":"Polygon","coordinates":[[[-84.05882,40.73557],[-84.05912,40.73544],[-84.0588,40.73509],[-84.05876,40.73504],[-84.05862,40.73487],[-84.05824,40.73441],[-84.05818,40.73433],[-84.05797,40.73408],[-84.05782,40.73389],[-84.05776,40.7338],[-84.05774,40.73374],[-84.05772,40.73369],[-84.05771,40.73363],[-84.05771,40.73357],[-84.05771,40.73346],[-84.05773,40.73328],[-84.05787,40.73222],[-84.05786,40.7322],[-84.05784,40.73219],[-84.05779,40.73215],[-84.05775,40.73213],[-84.05772,40.73212],[-84.05765,40.73211],[-84.05748,40.73211],[-84.05742,40.7321],[-84.05737,40.73208],[-84.05733,40.73206],[-84.0573,40.73203],[-84.05724,40.73197],[-84.05731,40.73187],[-84.05736,40.73178],[-84.05738,40.73169],[-84.0574,40.73161],[-84.0574,40.7315],[-84.0574,40.73128],[-84.05741,40.73091],[-84.05471,40.73096],[-84.05417,40.73096],[-84.05169,40.73098],[-84.05165,40.73098],[-84.05147,40.73099],[-84.05061,40.73099],[-84.0502,40.73099],[-84.04747,40.73101],[-84.04682,40.73101],[-84.04655,40.73101],[-84.04629,40.73101],[-84.04589,40.73102],[-84.04565,40.731],[-84.04357,40.73101],[-84.04345,40.73101],[-84.0432,40.73102],[-84.04121,40.73104],[-84.04086,40.73105],[-84.04042,40.73106],[-84.03922,40.73107],[-84.03866,40.73108],[-84.03855,40.73108],[-84.03759,40.7311],[-84.03592,40.73109],[-84.03583,40.7311],[-84.03575,40.73109],[-84.03366,40.73112],[-84.03335,40.73112],[-84.03223,40.73112],[-84.0304,40.73113],[-84.02896,40.73113],[-84.02584,40.73114],[-84.02564,40.73113],[-84.02396,40.73112],[-84.02168,40.73112],[-84.02115,40.73112],[-84.01325,40.73113],[-84.01317,40.73112],[-84.00372,40.73112],[-84.00359,40.73112],[-84.00322,40.73112],[-84.00047,40.73112],[-83.99862,40.73112],[-83.99836,40.73113],[-83.99413,40.73113],[-83.99414,40.73201],[-83.99413,40.73226],[-83.99413,40.73259],[-83.99414,40.7329],[-83.99414,40.73329],[-83.99414,40.73356],[-83.99414,40.73388],[-83.99414,40.73419],[-83.99415,40.7345],[-83.99417,40.73481],[-83.99418,40.73512],[-83.99418,40.73534],[-83.99417,40.73538],[-83.99416,40.73542],[-83.99414,40.73545],[-83.99412,40.73548],[-83.99411,40.7355],[-83.99408,40.73552],[-83.99404,40.73733],[-83.99404,40.73927],[-83.9941,40.73936],[-83.99412,40.73939],[-83.99414,40.73942],[-83.99415,40.73946],[-83.99416,40.7395],[-83.99417,40.73953],[-83.99418,40.7396],[-83.99419,40.73974],[-83.99419,40.73987],[-83.99417,40.74015],[-83.99418,40.7411],[-83.99432,40.74112],[-83.99499,40.74117],[-83.99601,40.74126],[-83.9964,40.74129],[-83.99698,40.74135],[-83.99756,40.74141],[-83.99812,40.74145],[-83.9992,40.74157],[-83.99945,40.74159],[-83.99975,40.74163],[-84.00028,40.74169],[-84.00123,40.74183],[-84.00231,40.74197],[-84.00289,40.74204],[-84.00341,40.74211],[-84.00346,40.74212],[-84.00351,40.74213],[-84.00354,40.74214],[-84.00358,40.74216],[-84.0036,40.74218],[-84.00362,40.74219],[-84.00364,40.74221],[-84.00365,40.74223],[-84.00365,40.74226],[-84.00365,40.74228],[-84.00366,40.74233],[-84.00365,40.74239],[-84.00366,40.74247],[-84.00366,40.74251],[-84.00367,40.74254],[-84.00369,40.74256],[-84.00371,40.74259],[-84.00375,40.74261],[-84.0038,40.74262],[-84.00385,40.74263],[-84.00466,40.74264],[-84.00568,40.74267],[-84.0067,40.74271],[-84.00749,40.74274],[-84.00772,40.74275],[-84.00838,40.74277],[-84.00871,40.74278],[-84.00962,40.7428],[-84.01038,40.74281],[-84.01137,40.74283],[-84.01322,40.74287],[-84.01322,40.74393],[-84.0132,40.74569],[-84.01384,40.74569],[-84.01435,40.74569],[-84.01639,40.74567],[-84.01935,40.74567],[-84.0211,40.74566],[-84.02266,40.74566],[-84.02469,40.74566],[-84.02514,40.74566],[-84.02719,40.74565],[-84.028,40.74565],[-84.02957,40.74565],[-84.03023,40.74564],[-84.03103,40.74564],[-84.03219,40.74564],[-84.03408,40.7456],[-84.03498,40.74559],[-84.03696,40.74556],[-84.0377,40.74555],[-84.03818,40.74555],[-84.0385,40.74555],[-84.03862,40.74555],[-84.03895,40.74556],[-84.0392,40.74556],[-84.03932,40.74556],[-84.03966,40.74556],[-84.03997,40.74555],[-84.0403,40.74555],[-84.04111,40.74552],[-84.04179,40.74551],[-84.04205,40.74551],[-84.0428,40.7455],[-84.04341,40.7455],[-84.04376,40.7455],[-84.04389,40.74549],[-84.04459,40.74549],[-84.04525,40.74548],[-84.04616,40.74547],[-84.04637,40.74546],[-84.04695,40.74546],[-84.04725,40.74546],[-84.04742,40.74546],[-84.04762,40.74547],[-84.04777,40.74548],[-84.0488,40.74547],[-84.05042,40.74546],[-84.05083,40.74545],[-84.05117,40.74545],[-84.0516,40.74546],[-84.05182,40.74547],[-84.05235,40.74548],[-84.05372,40.74546],[-84.05429,40.74546],[-84.05463,40.74545],[-84.05534,40.74545],[-84.05592,40.74546],[-84.05658,40.74545],[-84.05661,40.74545],[-84.05829,40.74543],[-84.05847,40.74543],[-84.059,40.74543],[-84.05897,40.74448],[-84.05863,40.74448],[-84.05852,40.74448],[-84.05847,40.74447],[-84.05839,40.74445],[-84.05793,40.74428],[-84.05715,40.74407],[-84.05705,40.74403],[-84.05695,40.74399],[-84.05692,40.74397],[-84.05687,40.74394],[-84.05683,40.7439],[-84.05678,40.74386],[-84.05671,40.74379],[-84.05666,40.74371],[-84.05663,40.74364],[-84.05659,40.74356],[-84.05658,40.74345],[-84.05658,40.74294],[-84.0566,40.74208],[-84.05659,40.74113],[-84.05662,40.73999],[-84.05662,40.73892],[-84.05662,40.73875],[-84.05662,40.73864],[-84.05659,40.73827],[-84.05659,40.73776],[-84.05552,40.73777],[-84.0555,40.73644],[-84.05631,40.73644],[-84.05672,40.73642],[-84.05696,40.73639],[-84.05712,40.73633],[-84.05726,40.73624],[-84.05737,40.73615],[-84.0576,40.73587],[-84.05772,40.73574],[-84.05781,40.7357],[-84.05794,40.73566],[-84.05825,40.73565],[-84.0585,40.73565],[-84.05862,40.73564],[-84.05882,40.73557]]]}},{"type":"Feature","properties":{"GEOID":"39003002AEF","NAME":"BATH H","BASENAME":"BATH H","VTD":"002AEF","POP100":991,"HU100":435,"AREALAND":"939109","CENTLAT":"+40.7367868","CENTLON":"-084.0611091"},"geometry":{"type":"Polygon","coordinates":[[[-84.06839,40.73257],[-84.06841,40.73075],[-84.06694,40.73076],[-84.06558,40.73078],[-84.06504,40.73079],[-84.06503,40.73079],[-84.06384,40.73082],[-84.06364,40.73082],[-84.06169,40.73083],[-84.06082,40.73085],[-84.05741,40.73091],[-84.0574,40.73128],[-84.0574,40.7315],[-84.0574,40.73161],[-84.05738,40.73169],[-84.05736,40.73178],[-84.05731,40.73187],[-84.05724,40.73197],[-84.0573,40.73203],[-84.05733,40.73206],[-84.05737,40.73208],[-84.05742,40.7321],[-84.05748,40.73211],[-84.05765,40.73211],[-84.05772,40.73212],[-84.05775,40.73213],[-84.05779,40.73215],[-84.05784,40.73219],[-84.05786,40.7322],[-84.05787,40.73222],[-84.05773,40.73328],[-84.05771,40.73346],[-84.05771,40.73357],[-84.05771,40.73363],[-84.05772,40.73369],[-84.05774,40.73374],[-84.05776,40.7338],[-84.05782,40.73389],[-84.05797,40.73408],[-84.05818,40.73433],[-84.05824,40.73441],[-84.05862,40.73487],[-84.05876,40.73504],[-84.0588,40.73509],[-84.05912,40.73544],[-84.05882,40.73557],[-84.05862,40.73564],[-84.0585,40.73565],[-84.05825,40.73565],[-84.05794,40.73566],[-84.05781,40.7357],[-84.05772,40.73574],[-84.0576,40.73587],[-84.05737,40.73615],[-84.05726,40.73624],[-84.05712,40.73633],[-84.05696,40.73639],[-84.05672,40.73642],[-84.05631,40.73644],[-84.0555,40.73644],[-84.05552,40.73777],[-84.05659,40.73776],[-84.05659,40.73827],[-84.05662,40.73864],[-84.05662,40.73875],[-84.05662,40.73892],[-84.05662,40.73999],[-84.05659,40.74113],[-84.0566,40.74208],[-84.05658,40.74294],[-84.05658,40.74345],[-84.05659,40.74356],[-84.05663,40.74364],[-84.05666,40.74371],[-84.05671,40.74379],[-84.05678,40.74386],[-84.05683,40.7439],[-84.05687,40.74394],[-84.05692,40.74397],[-84.05695,40.74399],[-84.05705,40.74403],[-84.05715,40.74407],[-84.05793,40.74428],[-84.05839,40.74445],[-84.05847,40.74447],[-84.05852,40.74448],[-84.05863,40.74448],[-84.05897,40.74448],[-84.059,40.74543],[-84.06018,40.74541],[-84.06032,40.74542],[-84.06056,40.74542],[-84.06102,40.74544],[-84.06091,40.74306],[-84.06094,40.74275],[-84.06431,40.73809],[-84.06491,40.73735],[-84.06616,40.7356],[-84.06618,40.73546],[-84.06617,40.7354],[-84.0661,40.73531],[-84.06604,40.73514],[-84.06602,40.735],[-84.066,40.73495],[-84.06596,40.73489],[-84.0659,40.73477],[-84.06587,40.73472],[-84.06585,40.73467],[-84.06581,40.73459],[-84.06578,40.73455],[-84.06575,40.7345],[-84.0657,40.73445],[-84.06564,40.7344],[-84.06552,40.73433],[-84.06506,40.73425],[-84.06494,40.73423],[-84.0648,40.73419],[-84.06472,40.73416],[-84.0646,40.73415],[-84.06453,40.73415],[-84.06445,40.73413],[-84.06438,40.73411],[-84.06425,40.73407],[-84.06417,40.73404],[-84.06411,40.734],[-84.0638,40.73385],[-84.06374,40.73381],[-84.06365,40.73376],[-84.06325,40.73357],[-84.06299,40.73346],[-84.06281,40.73337],[-84.06267,40.73328],[-84.06258,40.73321],[-84.06252,40.73317],[-84.06244,40.73312],[-84.06232,40.73309],[-84.06207,40.73304],[-84.0618,40.73299],[-84.06168,40.73297],[-84.0616,40.73296],[-84.06148,40.73249],[-84.06161,40.73247],[-84.06179,40.73245],[-84.06199,40.73245],[-84.06215,40.73246],[-84.06236,40.73248],[-84.06249,40.7325],[-84.06257,40.73252],[-84.06299,40.73268],[-84.0631,40.73272],[-84.06364,40.73292],[-84.06387,40.733],[-84.06413,40.73307],[-84.06435,40.73311],[-84.06444,40.73315],[-84.06454,40.73319],[-84.06469,40.73325],[-84.06491,40.73331],[-84.06528,40.73339],[-84.0656,40.73346],[-84.06572,40.73349],[-84.06593,40.73353],[-84.06627,40.73358],[-84.06695,40.73367],[-84.067,40.73368],[-84.06717,40.73368],[-84.06765,40.73367],[-84.06788,40.73368],[-84.06839,40.7337],[-84.06839,40.73257]]]}},{"type":"Feature","properties":{"GEOID":"39003002AEG","NAME":"BATH I","BASENAME":"BATH I","VTD":"002AEG","POP100":1183,"HU100":562,"AREALAND":"1344557","CENTLAT":"+40.7384403","CENTLON":"-084.0712433"},"geometry":{"type":"Polygon","coordinates":[[[-84.07991,40.731],[-84.07991,40.73086],[-84.07972,40.7308],[-84.07972,40.73072],[-84.07972,40.73058],[-84.07952,40.73058],[-84.07913,40.73058],[-84.07896,40.73059],[-84.0788,40.73055],[-84.07852,40.73055],[-84.07695,40.73056],[-84.07687,40.73056],[-84.07643,40.73058],[-84.07639,40.73058],[-84.07607,40.73058],[-84.07564,40.73059],[-84.07541,40.73059],[-84.07536,40.73059],[-84.07525,40.7306],[-84.07525,40.73069],[-84.07443,40.73071],[-84.07331,40.73072],[-84.07203,40.73071],[-84.07089,40.73073],[-84.0708,40.73073],[-84.07073,40.73073],[-84.06962,40.73075],[-84.06841,40.73075],[-84.06839,40.73257],[-84.06839,40.7337],[-84.06788,40.73368],[-84.06765,40.73367],[-84.06717,40.73368],[-84.067,40.73368],[-84.06695,40.73367],[-84.06627,40.73358],[-84.06593,40.73353],[-84.06572,40.73349],[-84.0656,40.73346],[-84.06528,40.73339],[-84.06491,40.73331],[-84.06469,40.73325],[-84.06454,40.73319],[-84.06444,40.73315],[-84.06435,40.73311],[-84.06413,40.73307],[-84.06387,40.733],[-84.06364,40.73292],[-84.0631,40.73272],[-84.06299,40.73268],[-84.06257,40.73252],[-84.06249,40.7325],[-84.06236,40.73248],[-84.06215,40.73246],[-84.06199,40.73245],[-84.06179,40.73245],[-84.06161,40.73247],[-84.06148,40.73249],[-84.0616,40.73296],[-84.06168,40.73297],[-84.0618,40.73299],[-84.06207,40.73304],[-84.06232,40.73309],[-84.06244,40.73312],[-84.06252,40.73317],[-84.06258,40.73321],[-84.06267,40.73328],[-84.06281,40.73337],[-84.06299,40.73346],[-84.06325,40.73357],[-84.06365,40.73376],[-84.06374,40.73381],[-84.0638,40.73385],[-84.06411,40.734],[-84.06417,40.73404],[-84.06425,40.73407],[-84.06438,40.73411],[-84.06445,40.73413],[-84.06453,40.73415],[-84.0646,40.73415],[-84.06472,40.73416],[-84.0648,40.73419],[-84.06494,40.73423],[-84.06506,40.73425],[-84.06552,40.73433],[-84.06564,40.7344],[-84.0657,40.73445],[-84.06575,40.7345],[-84.06578,40.73455],[-84.06581,40.73459],[-84.06585,40.73467],[-84.06587,40.73472],[-84.0659,40.73477],[-84.06596,40.73489],[-84.066,40.73495],[-84.06602,40.735],[-84.06604,40.73514],[-84.0661,40.73531],[-84.06617,40.7354],[-84.06618,40.73546],[-84.06616,40.7356],[-84.06491,40.73735],[-84.06431,40.73809],[-84.06094,40.74275],[-84.06091,40.74306],[-84.06102,40.74544],[-84.06141,40.74544],[-84.0626,40.74544],[-84.06333,40.74543],[-84.0641,40.74542],[-84.06567,40.74539],[-84.06661,40.74536],[-84.06693,40.74533],[-84.06719,40.7453],[-84.06739,40.74526],[-84.06761,40.74521],[-84.06787,40.74512],[-84.06804,40.74506],[-84.06824,40.74497],[-84.06838,40.74489],[-84.06855,40.74478],[-84.06874,40.74466],[-84.06884,40.7446],[-84.06902,40.74445],[-84.0691,40.74437],[-84.06925,40.7442],[-84.06935,40.74409],[-84.06948,40.74394],[-84.06961,40.74379],[-84.06973,40.74366],[-84.06982,40.74357],[-84.07003,40.74339],[-84.07022,40.74327],[-84.07045,40.74313],[-84.0707,40.74301],[-84.07099,40.74289],[-84.07145,40.74275],[-84.07181,40.74268],[-84.07207,40.74265],[-84.07256,40.74258],[-84.07495,40.7424],[-84.07538,40.74238],[-84.07546,40.74238],[-84.0756,40.74237],[-84.07569,40.74237],[-84.07569,40.7424],[-84.0757,40.74522],[-84.0757,40.74638],[-84.07589,40.74637],[-84.07596,40.74636],[-84.07597,40.74564],[-84.07598,40.74521],[-84.07626,40.7452],[-84.07755,40.74515],[-84.07766,40.74515],[-84.07766,40.74312],[-84.07766,40.74288],[-84.07786,40.74287],[-84.07785,40.74238],[-84.07787,40.74238],[-84.07793,40.74238],[-84.07794,40.74238],[-84.07795,40.74265],[-84.07795,40.74299],[-84.07804,40.74308],[-84.0781,40.74312],[-84.07846,40.7432],[-84.07849,40.74463],[-84.07849,40.74483],[-84.07849,40.74491],[-84.0785,40.74512],[-84.07979,40.74509],[-84.07979,40.7449],[-84.0798,40.74466],[-84.07989,40.74231],[-84.0799,40.74165],[-84.0799,40.74152],[-84.07991,40.74027],[-84.07988,40.7379],[-84.07988,40.73734],[-84.07988,40.73717],[-84.07987,40.73669],[-84.07985,40.73563],[-84.07987,40.73485],[-84.07987,40.73455],[-84.0792,40.73456],[-84.07845,40.73456],[-84.07846,40.73483],[-84.07846,40.73485],[-84.07846,40.73498],[-84.07832,40.73498],[-84.07797,40.73498],[-84.07786,40.73498],[-84.07786,40.73508],[-84.07846,40.73507],[-84.07846,40.7352],[-84.07836,40.7352],[-84.07795,40.7352],[-84.07786,40.7352],[-84.07786,40.73543],[-84.07837,40.73543],[-84.07847,40.73543],[-84.07847,40.73555],[-84.07847,40.73563],[-84.07805,40.73564],[-84.07806,40.73556],[-84.07744,40.73556],[-84.07744,40.73565],[-84.07707,40.73565],[-84.07709,40.73666],[-84.07644,40.73667],[-84.07595,40.73667],[-84.07596,40.73456],[-84.07602,40.73457],[-84.07653,40.73457],[-84.07653,40.73419],[-84.0759,40.73419],[-84.0759,40.73418],[-84.0759,40.73413],[-84.07591,40.7335],[-84.07591,40.73305],[-84.07597,40.73304],[-84.07606,40.73304],[-84.07607,40.7327],[-84.07656,40.7327],[-84.07655,40.7335],[-84.07715,40.7335],[-84.07717,40.7332],[-84.07716,40.73302],[-84.07851,40.73303],[-84.07852,40.73287],[-84.07855,40.73273],[-84.07929,40.73275],[-84.07928,40.73289],[-84.07989,40.73289],[-84.07991,40.73168],[-84.0786,40.73171],[-84.07859,40.73237],[-84.07859,40.73241],[-84.07851,40.73241],[-84.07779,40.73241],[-84.07779,40.73174],[-84.07773,40.73174],[-84.0776,40.73174],[-84.07734,40.73175],[-84.07731,40.73175],[-84.07714,40.73175],[-84.07715,40.73066],[-84.07863,40.73064],[-84.0788,40.73063],[-84.07889,40.73068],[-84.07897,40.73071],[-84.07972,40.73094],[-84.07991,40.731]]]}},{"type":"Feature","properties":{"GEOID":"39003002AEN","NAME":"JACKSON A","BASENAME":"JACKSON A","VTD":"002AEN","POP100":1380,"HU100":544,"AREALAND":"50715449","CENTLAT":"+40.7947349","CENTLON":"-083.9400582"},"geometry":{"type":"Polygon","coordinates":[[[-83.99445,40.81511],[-83.99445,40.81489],[-83.99444,40.81456],[-83.99444,40.81384],[-83.99443,40.81348],[-83.99443,40.81344],[-83.99444,40.81312],[-83.99443,40.81241],[-83.99443,40.81207],[-83.99443,40.81175],[-83.99443,40.81171],[-83.99443,40.81137],[-83.99442,40.81085],[-83.99442,40.81042],[-83.99441,40.81001],[-83.99439,40.80865],[-83.99438,40.80731],[-83.99437,40.80676],[-83.99436,40.80598],[-83.99435,40.80526],[-83.99436,40.80493],[-83.99435,40.80477],[-83.99435,40.8034],[-83.99436,40.80174],[-83.99434,40.80075],[-83.99434,40.80068],[-83.99432,40.79977],[-83.99432,40.79931],[-83.99432,40.7976],[-83.99432,40.7969],[-83.99432,40.79665],[-83.99431,40.79458],[-83.99429,40.79352],[-83.99428,40.7921],[-83.99428,40.79169],[-83.99428,40.79133],[-83.99427,40.78956],[-83.99427,40.78916],[-83.99427,40.78896],[-83.99427,40.78855],[-83.99427,40.7883],[-83.99426,40.78794],[-83.99426,40.78774],[-83.99426,40.78709],[-83.99426,40.7858],[-83.99426,40.78532],[-83.99426,40.78513],[-83.99426,40.78491],[-83.99426,40.78462],[-83.99425,40.78439],[-83.99425,40.78395],[-83.99425,40.78285],[-83.99425,40.78226],[-83.99424,40.78181],[-83.99422,40.781],[-83.99421,40.77973],[-83.99422,40.77892],[-83.99423,40.7778],[-83.99422,40.77658],[-83.9942,40.77532],[-83.9942,40.77499],[-83.99421,40.77457],[-83.9942,40.77437],[-83.99422,40.77387],[-83.99421,40.77349],[-83.9942,40.77224],[-83.9942,40.77199],[-83.9942,40.77195],[-83.9942,40.77171],[-83.9942,40.77161],[-83.99421,40.77108],[-83.99421,40.77048],[-83.99422,40.76988],[-83.99423,40.76931],[-83.99423,40.76873],[-83.99423,40.76826],[-83.99422,40.76813],[-83.9942,40.76744],[-83.9942,40.76686],[-83.99418,40.7664],[-83.99417,40.76626],[-83.99417,40.76572],[-83.99417,40.76516],[-83.99416,40.7643],[-83.9938,40.76429],[-83.99021,40.76419],[-83.98833,40.76413],[-83.98607,40.76408],[-83.98496,40.76404],[-83.98336,40.76401],[-83.982,40.76398],[-83.98141,40.76398],[-83.98013,40.76398],[-83.97937,40.76399],[-83.97887,40.76399],[-83.97853,40.76399],[-83.978,40.764],[-83.97699,40.764],[-83.9762,40.764],[-83.97546,40.764],[-83.97177,40.76403],[-83.97073,40.76405],[-83.96995,40.76406],[-83.96943,40.76406],[-83.96827,40.76406],[-83.96804,40.76408],[-83.96753,40.76407],[-83.96742,40.76407],[-83.9672,40.76407],[-83.96667,40.76411],[-83.96646,40.76412],[-83.96627,40.76413],[-83.96604,40.76416],[-83.96575,40.7642],[-83.96528,40.76426],[-83.96505,40.7643],[-83.96478,40.76436],[-83.96461,40.76439],[-83.96441,40.76444],[-83.9641,40.76452],[-83.9639,40.76457],[-83.96286,40.7649],[-83.96245,40.76503],[-83.96165,40.76528],[-83.96074,40.76555],[-83.95958,40.7659],[-83.95882,40.76614],[-83.95753,40.76654],[-83.95658,40.76684],[-83.95587,40.76705],[-83.95464,40.76744],[-83.95449,40.76749],[-83.9533,40.76786],[-83.953,40.76795],[-83.95226,40.76817],[-83.95159,40.76838],[-83.95109,40.76852],[-83.95069,40.76864],[-83.95028,40.76877],[-83.94948,40.76903],[-83.94908,40.76915],[-83.94869,40.76927],[-83.9483,40.76938],[-83.94791,40.7695],[-83.94753,40.76962],[-83.94715,40.76973],[-83.94669,40.76987],[-83.946,40.77008],[-83.94562,40.7702],[-83.94523,40.77033],[-83.94484,40.77045],[-83.94446,40.77057],[-83.94408,40.77069],[-83.94369,40.77081],[-83.9433,40.77094],[-83.94291,40.77107],[-83.94251,40.77122],[-83.94211,40.77137],[-83.94165,40.77155],[-83.94119,40.77174],[-83.94072,40.77195],[-83.94025,40.77216],[-83.93977,40.77239],[-83.93929,40.77263],[-83.93899,40.7728],[-83.9388,40.7729],[-83.9383,40.77317],[-83.93798,40.77335],[-83.93726,40.77376],[-83.93678,40.77403],[-83.93671,40.77407],[-83.93669,40.77408],[-83.93632,40.77428],[-83.93593,40.77447],[-83.93553,40.77464],[-83.93515,40.77481],[-83.93464,40.77499],[-83.93425,40.77511],[-83.93387,40.77522],[-83.93349,40.77532],[-83.93333,40.77534],[-83.93316,40.77537],[-83.93299,40.77541],[-83.93277,40.77545],[-83.93244,40.7755],[-83.93192,40.77557],[-83.93177,40.77558],[-83.93145,40.77561],[-83.93122,40.77562],[-83.93093,40.77563],[-83.93033,40.77565],[-83.92913,40.77567],[-83.92857,40.77567],[-83.92772,40.77568],[-83.92697,40.77569],[-83.92495,40.77571],[-83.92362,40.77573],[-83.92145,40.77575],[-83.92004,40.77578],[-83.9189,40.77579],[-83.91826,40.7758],[-83.91767,40.77581],[-83.91654,40.77582],[-83.91553,40.77583],[-83.91502,40.77584],[-83.91379,40.77584],[-83.91199,40.77586],[-83.91042,40.77587],[-83.90932,40.77589],[-83.90858,40.7759],[-83.90844,40.7759],[-83.90783,40.77591],[-83.90658,40.77593],[-83.90597,40.77593],[-83.90559,40.77593],[-83.90447,40.77595],[-83.90367,40.77595],[-83.90338,40.77595],[-83.903,40.77596],[-83.90236,40.77597],[-83.90209,40.77597],[-83.90186,40.77597],[-83.90168,40.77597],[-83.89927,40.77599],[-83.89891,40.77599],[-83.89807,40.776],[-83.89122,40.77605],[-83.89076,40.77605],[-83.88514,40.77609],[-83.88454,40.77609],[-83.88404,40.77609],[-83.88329,40.77609],[-83.8826,40.7761],[-83.88217,40.7761],[-83.88153,40.77613],[-83.881,40.77615],[-83.88045,40.7762],[-83.87992,40.77626],[-83.87992,40.77644],[-83.87992,40.77706],[-83.87993,40.78001],[-83.87994,40.78092],[-83.87994,40.78131],[-83.87994,40.78143],[-83.87995,40.78211],[-83.87995,40.78247],[-83.87995,40.78323],[-83.87996,40.78349],[-83.87996,40.78382],[-83.88002,40.78848],[-83.88001,40.79041],[-83.88001,40.7907],[-83.88001,40.79071],[-83.88001,40.79095],[-83.88001,40.79096],[-83.88001,40.79098],[-83.88001,40.79125],[-83.88001,40.79145],[-83.88001,40.79164],[-83.88001,40.79173],[-83.88001,40.79254],[-83.88001,40.7937],[-83.88001,40.79384],[-83.88,40.79438],[-83.88,40.79551],[-83.88,40.79646],[-83.88,40.79647],[-83.88001,40.79726],[-83.88002,40.79888],[-83.88,40.80142],[-83.87999,40.80227],[-83.88001,40.80365],[-83.88002,40.80435],[-83.88002,40.80542],[-83.88002,40.80558],[-83.88002,40.80717],[-83.88003,40.80757],[-83.88004,40.80948],[-83.88004,40.81179],[-83.88005,40.8126],[-83.88006,40.81446],[-83.88005,40.81674],[-83.88005,40.8173],[-83.88005,40.81758],[-83.88005,40.81768],[-83.88005,40.81778],[-83.88005,40.8192],[-83.88006,40.81992],[-83.88363,40.81987],[-83.89133,40.81978],[-83.8933,40.81976],[-83.8991,40.81968],[-83.90528,40.81959],[-83.90706,40.81956],[-83.9077,40.81955],[-83.90781,40.81955],[-83.90836,40.81954],[-83.90872,40.81953],[-83.92741,40.81912],[-83.93264,40.81914],[-83.93396,40.81914],[-83.93488,40.81913],[-83.93636,40.81911],[-83.93703,40.8191],[-83.93746,40.81909],[-83.94599,40.81874],[-83.95184,40.81865],[-83.95725,40.81851],[-83.96137,40.81843],[-83.97564,40.81822],[-83.97647,40.8182],[-83.98524,40.81802],[-83.98999,40.81799],[-83.99082,40.81799],[-83.99434,40.81805],[-83.99445,40.81511]]]}},{"type":"Feature","properties":{"GEOID":"39003002AEO","NAME":"LAFAYETTE","BASENAME":"LAFAYETTE","VTD":"002AEO","POP100":406,"HU100":175,"AREALAND":"602323","CENTLAT":"+40.7589114","CENTLON":"-083.9499215"},"geometry":{"type":"Polygon","coordinates":[[[-83.95632,40.76063],[-83.95631,40.76016],[-83.95631,40.75949],[-83.95629,40.75775],[-83.95523,40.75786],[-83.95524,40.75791],[-83.95277,40.75818],[-83.95278,40.75803],[-83.95278,40.75798],[-83.95272,40.75709],[-83.9527,40.75634],[-83.9527,40.75622],[-83.95268,40.75497],[-83.95278,40.75497],[-83.95277,40.75433],[-83.95147,40.75435],[-83.95148,40.75498],[-83.95148,40.75513],[-83.95148,40.75529],[-83.9489,40.75532],[-83.94741,40.75534],[-83.94535,40.75534],[-83.9453,40.75761],[-83.94533,40.7587],[-83.94534,40.7593],[-83.94536,40.76018],[-83.94537,40.76054],[-83.94538,40.76106],[-83.94541,40.76248],[-83.94541,40.76262],[-83.94748,40.76258],[-83.94828,40.76256],[-83.9484,40.76256],[-83.94873,40.76255],[-83.95126,40.7625],[-83.95132,40.7625],[-83.95148,40.76251],[-83.95158,40.76251],[-83.95161,40.76251],[-83.95191,40.76249],[-83.9521,40.76249],[-83.95221,40.76249],[-83.95258,40.76248],[-83.95277,40.76248],[-83.95276,40.76195],[-83.95276,40.76152],[-83.95275,40.7607],[-83.9542,40.76068],[-83.95507,40.76066],[-83.95611,40.76064],[-83.95632,40.76063]]]}},{"type":"Feature","properties":{"GEOID":"39003002AEQ","NAME":"JACKSON B","BASENAME":"JACKSON B","VTD":"002AEQ","POP100":1357,"HU100":567,"AREALAND":"41193629","CENTLAT":"+40.7517043","CENTLON":"-083.9330588"},"geometry":{"type":"Polygon","coordinates":[[[-83.99419,40.73987],[-83.99419,40.73974],[-83.99418,40.7396],[-83.99417,40.73953],[-83.99416,40.7395],[-83.99415,40.73946],[-83.99414,40.73942],[-83.99412,40.73939],[-83.9941,40.73936],[-83.99404,40.73927],[-83.99404,40.73733],[-83.99408,40.73552],[-83.99411,40.7355],[-83.99412,40.73548],[-83.99414,40.73545],[-83.99416,40.73542],[-83.99417,40.73538],[-83.99418,40.73534],[-83.99418,40.73512],[-83.99417,40.73481],[-83.99415,40.7345],[-83.99414,40.73419],[-83.99414,40.73388],[-83.99414,40.73356],[-83.99414,40.73329],[-83.99414,40.7329],[-83.99413,40.73259],[-83.99413,40.73226],[-83.99414,40.73201],[-83.99413,40.73113],[-83.98477,40.73125],[-83.98282,40.73128],[-83.9823,40.73128],[-83.98205,40.73128],[-83.98041,40.73132],[-83.97884,40.73132],[-83.9771,40.73137],[-83.97579,40.73138],[-83.97555,40.73138],[-83.97361,40.7314],[-83.9723,40.73143],[-83.97087,40.73144],[-83.96925,40.73146],[-83.9658,40.7315],[-83.96303,40.73153],[-83.96149,40.73155],[-83.96091,40.73156],[-83.95883,40.73158],[-83.95757,40.7316],[-83.95695,40.73161],[-83.95473,40.73164],[-83.95406,40.73164],[-83.95256,40.73166],[-83.95232,40.73167],[-83.95067,40.73169],[-83.9456,40.73175],[-83.94449,40.73177],[-83.94169,40.7318],[-83.94092,40.73181],[-83.94071,40.73182],[-83.93994,40.73183],[-83.93841,40.73185],[-83.93815,40.73185],[-83.93796,40.73186],[-83.93749,40.73186],[-83.9343,40.7319],[-83.93325,40.73192],[-83.93262,40.73193],[-83.92936,40.73198],[-83.92782,40.732],[-83.92526,40.73204],[-83.91487,40.73219],[-83.91143,40.73223],[-83.90933,40.73225],[-83.90842,40.73228],[-83.90608,40.73231],[-83.90566,40.73231],[-83.90252,40.73233],[-83.90127,40.73234],[-83.90061,40.73235],[-83.89922,40.73235],[-83.89894,40.73236],[-83.89745,40.73237],[-83.89676,40.73237],[-83.89561,40.73239],[-83.89042,40.73241],[-83.8858,40.73243],[-83.88573,40.73243],[-83.88249,40.73243],[-83.88086,40.73243],[-83.88056,40.73243],[-83.88007,40.73243],[-83.87983,40.73244],[-83.87983,40.73292],[-83.87983,40.73383],[-83.87983,40.73385],[-83.87983,40.73408],[-83.87983,40.73427],[-83.87983,40.73431],[-83.87983,40.73432],[-83.87983,40.73437],[-83.87983,40.7344],[-83.87983,40.73442],[-83.87983,40.73452],[-83.87983,40.73461],[-83.87983,40.73468],[-83.87983,40.7348],[-83.87984,40.7358],[-83.87984,40.73582],[-83.87985,40.73623],[-83.87985,40.73673],[-83.87985,40.73675],[-83.87985,40.73707],[-83.87985,40.73731],[-83.87986,40.73873],[-83.87986,40.73888],[-83.87986,40.73963],[-83.87986,40.73985],[-83.87987,40.74006],[-83.87987,40.74104],[-83.87987,40.74106],[-83.87987,40.74144],[-83.87988,40.74213],[-83.87989,40.74251],[-83.87989,40.74252],[-83.87989,40.74255],[-83.87989,40.7427],[-83.87989,40.74354],[-83.87989,40.74531],[-83.8799,40.74662],[-83.8799,40.74664],[-83.8799,40.74689],[-83.8799,40.74693],[-83.8799,40.74706],[-83.8799,40.7472],[-83.8799,40.74723],[-83.8799,40.74727],[-83.8799,40.74953],[-83.87991,40.74976],[-83.87991,40.75007],[-83.87991,40.75011],[-83.87991,40.75061],[-83.87991,40.75071],[-83.87991,40.75078],[-83.87992,40.75084],[-83.87991,40.75182],[-83.87991,40.7524],[-83.8799,40.75322],[-83.87992,40.75468],[-83.87992,40.75492],[-83.87992,40.75493],[-83.87992,40.75494],[-83.87992,40.75556],[-83.87992,40.75557],[-83.87992,40.75559],[-83.87992,40.75561],[-83.87992,40.75566],[-83.87992,40.7557],[-83.87992,40.75573],[-83.87991,40.75611],[-83.87991,40.75677],[-83.87992,40.75705],[-83.87992,40.7573],[-83.87992,40.75731],[-83.87992,40.75738],[-83.87992,40.7574],[-83.87992,40.7585],[-83.87992,40.75985],[-83.87992,40.76073],[-83.87992,40.76157],[-83.87992,40.76171],[-83.87992,40.76186],[-83.87992,40.76303],[-83.87992,40.76514],[-83.87992,40.76516],[-83.87994,40.76727],[-83.87992,40.76902],[-83.87992,40.76904],[-83.87992,40.76905],[-83.87992,40.76907],[-83.87991,40.76994],[-83.87991,40.76996],[-83.87991,40.77011],[-83.87991,40.77013],[-83.8799,40.77427],[-83.87991,40.7756],[-83.87991,40.77562],[-83.87991,40.77564],[-83.87992,40.77618],[-83.87992,40.77626],[-83.88045,40.7762],[-83.881,40.77615],[-83.88153,40.77613],[-83.88217,40.7761],[-83.8826,40.7761],[-83.88329,40.77609],[-83.88404,40.77609],[-83.88454,40.77609],[-83.88514,40.77609],[-83.89076,40.77605],[-83.89122,40.77605],[-83.89807,40.776],[-83.89891,40.77599],[-83.89927,40.77599],[-83.90168,40.77597],[-83.90186,40.77597],[-83.90209,40.77597],[-83.90236,40.77597],[-83.903,40.77596],[-83.90338,40.77595],[-83.90367,40.77595],[-83.90447,40.77595],[-83.90559,40.77593],[-83.90597,40.77593],[-83.90658,40.77593],[-83.90783,40.77591],[-83.90844,40.7759],[-83.90858,40.7759],[-83.90932,40.77589],[-83.91042,40.77587],[-83.91199,40.77586],[-83.91379,40.77584],[-83.91502,40.77584],[-83.91553,40.77583],[-83.91654,40.77582],[-83.91767,40.77581],[-83.91826,40.7758],[-83.9189,40.77579],[-83.92004,40.77578],[-83.92145,40.77575],[-83.92362,40.77573],[-83.92495,40.77571],[-83.92697,40.77569],[-83.92772,40.77568],[-83.92857,40.77567],[-83.92913,40.77567],[-83.93033,40.77565],[-83.93093,40.77563],[-83.93122,40.77562],[-83.93145,40.77561],[-83.93177,40.77558],[-83.93192,40.77557],[-83.93244,40.7755],[-83.93277,40.77545],[-83.93299,40.77541],[-83.93316,40.77537],[-83.93333,40.77534],[-83.93349,40.77532],[-83.93387,40.77522],[-83.93425,40.77511],[-83.93464,40.77499],[-83.93515,40.77481],[-83.93553,40.77464],[-83.93593,40.77447],[-83.93632,40.77428],[-83.93669,40.77408],[-83.93671,40.77407],[-83.93678,40.77403],[-83.93726,40.77376],[-83.93798,40.77335],[-83.9383,40.77317],[-83.9388,40.7729],[-83.93899,40.7728],[-83.93929,40.77263],[-83.93977,40.77239],[-83.94025,40.77216],[-83.94072,40.77195],[-83.94119,40.77174],[-83.94165,40.77155],[-83.94211,40.77137],[-83.94251,40.77122],[-83.94291,40.77107],[-83.9433,40.77094],[-83.94369,40.77081],[-83.94408,40.77069],[-83.94446,40.77057],[-83.94484,40.77045],[-83.94523,40.77033],[-83.94562,40.7702],[-83.946,40.77008],[-83.94669,40.76987],[-83.94715,40.76973],[-83.94753,40.76962],[-83.94791,40.7695],[-83.9483,40.76938],[-83.94869,40.76927],[-83.94908,40.76915],[-83.94948,40.76903],[-83.95028,40.76877],[-83.95069,40.76864],[-83.95109,40.76852],[-83.95159,40.76838],[-83.95226,40.76817],[-83.953,40.76795],[-83.9533,40.76786],[-83.95449,40.76749],[-83.95464,40.76744],[-83.95587,40.76705],[-83.95658,40.76684],[-83.95753,40.76654],[-83.95882,40.76614],[-83.95958,40.7659],[-83.96074,40.76555],[-83.96165,40.76528],[-83.96245,40.76503],[-83.96286,40.7649],[-83.9639,40.76457],[-83.9641,40.76452],[-83.96441,40.76444],[-83.96461,40.76439],[-83.96478,40.76436],[-83.96505,40.7643],[-83.96528,40.76426],[-83.96575,40.7642],[-83.96604,40.76416],[-83.96627,40.76413],[-83.96646,40.76412],[-83.96667,40.76411],[-83.9672,40.76407],[-83.96742,40.76407],[-83.96753,40.76407],[-83.96804,40.76408],[-83.96827,40.76406],[-83.96943,40.76406],[-83.96995,40.76406],[-83.97073,40.76405],[-83.97177,40.76403],[-83.97546,40.764],[-83.9762,40.764],[-83.97699,40.764],[-83.978,40.764],[-83.97853,40.76399],[-83.97887,40.76399],[-83.97937,40.76399],[-83.98013,40.76398],[-83.98141,40.76398],[-83.982,40.76398],[-83.98336,40.76401],[-83.98496,40.76404],[-83.98607,40.76408],[-83.98833,40.76413],[-83.99021,40.76419],[-83.9938,40.76429],[-83.99416,40.7643],[-83.99416,40.76402],[-83.99416,40.76376],[-83.99416,40.76348],[-83.99416,40.7631],[-83.99415,40.76273],[-83.99416,40.76236],[-83.99416,40.76197],[-83.99418,40.76158],[-83.99418,40.76141],[-83.99418,40.7612],[-83.99418,40.76083],[-83.99417,40.76047],[-83.99417,40.76005],[-83.99418,40.75974],[-83.99417,40.7593],[-83.99417,40.75891],[-83.99417,40.75857],[-83.99416,40.75818],[-83.99415,40.75777],[-83.99414,40.75735],[-83.99414,40.75694],[-83.99414,40.7562],[-83.99414,40.75527],[-83.99413,40.75423],[-83.99413,40.75406],[-83.99414,40.7538],[-83.99412,40.75298],[-83.99414,40.75139],[-83.99414,40.75094],[-83.99414,40.75045],[-83.99413,40.74995],[-83.99413,40.74945],[-83.99415,40.74871],[-83.99415,40.74791],[-83.99414,40.74569],[-83.99418,40.7411],[-83.99417,40.74015],[-83.99419,40.73987]],[[-83.95631,40.76016],[-83.95632,40.76063],[-83.95611,40.76064],[-83.95507,40.76066],[-83.9542,40.76068],[-83.95275,40.7607],[-83.95276,40.76152],[-83.95276,40.76195],[-83.95277,40.76248],[-83.95258,40.76248],[-83.95221,40.76249],[-83.9521,40.76249],[-83.95191,40.76249],[-83.95161,40.76251],[-83.95158,40.76251],[-83.95148,40.76251],[-83.95132,40.7625],[-83.95126,40.7625],[-83.94873,40.76255],[-83.9484,40.76256],[-83.94828,40.76256],[-83.94748,40.76258],[-83.94541,40.76262],[-83.94541,40.76248],[-83.94538,40.76106],[-83.94537,40.76054],[-83.94536,40.76018],[-83.94534,40.7593],[-83.94533,40.7587],[-83.9453,40.75761],[-83.94535,40.75534],[-83.94741,40.75534],[-83.9489,40.75532],[-83.95148,40.75529],[-83.95148,40.75513],[-83.95148,40.75498],[-83.95147,40.75435],[-83.95277,40.75433],[-83.95278,40.75497],[-83.95268,40.75497],[-83.9527,40.75622],[-83.9527,40.75634],[-83.95272,40.75709],[-83.95278,40.75798],[-83.95278,40.75803],[-83.95277,40.75818],[-83.95524,40.75791],[-83.95523,40.75786],[-83.95629,40.75775],[-83.95631,40.75949],[-83.95631,40.76016]]]}},{"type":"Feature","properties":{"GEOID":"39003002AES","NAME":"MARION A","BASENAME":"MARION A","VTD":"002AES","POP100":1487,"HU100":581,"AREALAND":"55185146","CENTLAT":"+40.8142463","CENTLON":"-084.2589733"},"geometry":{"type":"Polygon","coordinates":[[[-84.31528,40.77227],[-84.31538,40.77213],[-84.30947,40.77213],[-84.30336,40.77213],[-84.30315,40.77213],[-84.30006,40.77213],[-84.29996,40.77216],[-84.29996,40.77222],[-84.29993,40.77227],[-84.29989,40.77229],[-84.29985,40.77231],[-84.29981,40.77232],[-84.29973,40.77232],[-84.29949,40.77232],[-84.29862,40.7723],[-84.29656,40.77233],[-84.29491,40.77236],[-84.29483,40.77238],[-84.29476,40.7724],[-84.29471,40.77243],[-84.2878,40.7725],[-84.28509,40.77253],[-84.28183,40.77259],[-84.28098,40.77259],[-84.27958,40.77259],[-84.27899,40.77261],[-84.27867,40.77262],[-84.26738,40.77271],[-84.26666,40.77272],[-84.26288,40.77273],[-84.25711,40.77284],[-84.2565,40.77284],[-84.25262,40.77293],[-84.2503,40.77298],[-84.24848,40.77302],[-84.24786,40.77303],[-84.24736,40.77305],[-84.24696,40.77305],[-84.24655,40.77306],[-84.24621,40.77306],[-84.246,40.77307],[-84.24558,40.77307],[-84.245,40.77309],[-84.24466,40.77311],[-84.24422,40.77312],[-84.24289,40.77314],[-84.24234,40.7732],[-84.23329,40.77326],[-84.23045,40.77327],[-84.22366,40.77345],[-84.22367,40.77474],[-84.22368,40.77494],[-84.22368,40.77519],[-84.2237,40.77649],[-84.2237,40.77672],[-84.2237,40.77685],[-84.22374,40.77869],[-84.22374,40.77949],[-84.22375,40.77983],[-84.22375,40.7803],[-84.22376,40.78081],[-84.22377,40.7811],[-84.22377,40.78185],[-84.22379,40.78239],[-84.2238,40.78308],[-84.22381,40.78372],[-84.22386,40.78725],[-84.22391,40.7897],[-84.22391,40.78999],[-84.2239,40.79015],[-84.22391,40.79043],[-84.22392,40.79068],[-84.22392,40.7909],[-84.22392,40.79094],[-84.22393,40.79118],[-84.22393,40.79144],[-84.22394,40.79163],[-84.22394,40.79182],[-84.22394,40.79201],[-84.22395,40.7922],[-84.22395,40.79239],[-84.22395,40.79277],[-84.22395,40.79279],[-84.22397,40.7939],[-84.22397,40.79404],[-84.22397,40.79405],[-84.22398,40.79419],[-84.22398,40.79446],[-84.22398,40.79463],[-84.22398,40.79476],[-84.224,40.79504],[-84.224,40.79514],[-84.22401,40.7955],[-84.22402,40.79578],[-84.22402,40.79594],[-84.22402,40.79647],[-84.22403,40.79682],[-84.22404,40.79707],[-84.22404,40.79779],[-84.22403,40.79795],[-84.22404,40.7984],[-84.22405,40.79865],[-84.22405,40.79887],[-84.22405,40.79919],[-84.22405,40.79949],[-84.22405,40.8001],[-84.22407,40.80125],[-84.22407,40.80154],[-84.22408,40.80179],[-84.22408,40.80205],[-84.2241,40.80247],[-84.22411,40.80261],[-84.2241,40.8029],[-84.22411,40.80349],[-84.22411,40.80379],[-84.22411,40.80384],[-84.22411,40.80412],[-84.22413,40.80452],[-84.22413,40.80463],[-84.22415,40.80488],[-84.22414,40.80554],[-84.22415,40.80601],[-84.22415,40.80614],[-84.22415,40.80645],[-84.22416,40.80676],[-84.22416,40.80709],[-84.22416,40.80735],[-84.22416,40.80765],[-84.22416,40.80788],[-84.22415,40.80796],[-84.22417,40.81658],[-84.22426,40.82358],[-84.22455,40.83423],[-84.22443,40.83655],[-84.22441,40.83681],[-84.22463,40.84564],[-84.22469,40.84816],[-84.22471,40.84844],[-84.2247,40.84896],[-84.2247,40.8497],[-84.2247,40.8499],[-84.22474,40.85106],[-84.22475,40.85237],[-84.22476,40.85307],[-84.22478,40.85376],[-84.22479,40.85446],[-84.2248,40.85516],[-84.22481,40.85586],[-84.22481,40.85655],[-84.22484,40.85793],[-84.22484,40.85863],[-84.22485,40.85931],[-84.22485,40.85967],[-84.22486,40.86011],[-84.22699,40.86009],[-84.23143,40.86004],[-84.23158,40.86004],[-84.23313,40.85998],[-84.23341,40.85997],[-84.23441,40.85992],[-84.23531,40.85991],[-84.23645,40.85989],[-84.23913,40.85984],[-84.24276,40.85977],[-84.24363,40.85975],[-84.2439,40.85978],[-84.24994,40.85977],[-84.25274,40.85976],[-84.25329,40.85975],[-84.2593,40.85971],[-84.26282,40.85968],[-84.26626,40.85969],[-84.26645,40.85969],[-84.26688,40.85969],[-84.26816,40.8597],[-84.26837,40.8597],[-84.27099,40.85969],[-84.27729,40.85966],[-84.27899,40.85966],[-84.28148,40.85965],[-84.28342,40.85964],[-84.28683,40.85964],[-84.28697,40.85963],[-84.28712,40.85961],[-84.28721,40.85962],[-84.28731,40.85963],[-84.28744,40.85965],[-84.28796,40.85966],[-84.28984,40.85969],[-84.28993,40.85969],[-84.28999,40.85969],[-84.29006,40.85969],[-84.29551,40.85963],[-84.29529,40.85941],[-84.29501,40.85914],[-84.29484,40.85894],[-84.2946,40.85862],[-84.29429,40.85816],[-84.29377,40.85741],[-84.29315,40.85646],[-84.29255,40.8556],[-84.29234,40.85532],[-84.29193,40.85477],[-84.29117,40.85375],[-84.29049,40.85278],[-84.29039,40.85264],[-84.29033,40.85253],[-84.29027,40.85239],[-84.29024,40.85225],[-84.29023,40.8521],[-84.29021,40.85138],[-84.2902,40.85003],[-84.29017,40.84884],[-84.29017,40.84877],[-84.29012,40.84503],[-84.29012,40.84437],[-84.28905,40.84409],[-84.28915,40.844],[-84.28946,40.84368],[-84.29004,40.84312],[-84.2904,40.84277],[-84.2906,40.84252],[-84.29087,40.84216],[-84.29128,40.84167],[-84.29145,40.84146],[-84.29149,40.84135],[-84.29152,40.84118],[-84.29153,40.84103],[-84.29153,40.84093],[-84.2915,40.84078],[-84.29133,40.84017],[-84.29083,40.83865],[-84.29064,40.83809],[-84.29053,40.83775],[-84.29044,40.83751],[-84.29006,40.83643],[-84.28988,40.83592],[-84.28976,40.83554],[-84.28974,40.8355],[-84.28964,40.83523],[-84.28958,40.83506],[-84.28944,40.83468],[-84.28941,40.83461],[-84.28929,40.83428],[-84.28924,40.83415],[-84.28838,40.83165],[-84.28825,40.83141],[-84.28778,40.83082],[-84.28725,40.83011],[-84.2872,40.83005],[-84.28714,40.82997],[-84.28696,40.82973],[-84.28686,40.82955],[-84.28682,40.82945],[-84.2866,40.8288],[-84.28649,40.82852],[-84.28642,40.82829],[-84.28634,40.82807],[-84.28625,40.82769],[-84.2858,40.82751],[-84.28501,40.82719],[-84.2846,40.82703],[-84.28371,40.82667],[-84.28281,40.82631],[-84.28242,40.82615],[-84.28206,40.82599],[-84.28194,40.82593],[-84.28187,40.82589],[-84.28177,40.82583],[-84.28178,40.82547],[-84.28179,40.82506],[-84.2818,40.82488],[-84.2818,40.8246],[-84.28179,40.8244],[-84.28179,40.82418],[-84.28178,40.82382],[-84.28179,40.82367],[-84.2818,40.82302],[-84.2818,40.82267],[-84.2818,40.82225],[-84.28179,40.82198],[-84.28179,40.82197],[-84.2818,40.8217],[-84.2818,40.82088],[-84.2818,40.82052],[-84.2818,40.81997],[-84.2818,40.81942],[-84.28182,40.81858],[-84.28183,40.81835],[-84.28184,40.81824],[-84.28191,40.81791],[-84.28193,40.81777],[-84.282,40.8174],[-84.28207,40.81709],[-84.28215,40.81663],[-84.28221,40.81637],[-84.28222,40.8163],[-84.2823,40.81598],[-84.28233,40.81582],[-84.28244,40.81538],[-84.28255,40.81493],[-84.28265,40.81453],[-84.2827,40.81439],[-84.28275,40.81427],[-84.28281,40.81416],[-84.28285,40.81408],[-84.28291,40.81398],[-84.28307,40.81376],[-84.28336,40.81334],[-84.28367,40.81293],[-84.28383,40.81269],[-84.28412,40.81229],[-84.28436,40.81197],[-84.28465,40.81159],[-84.28495,40.81117],[-84.28524,40.81075],[-84.28554,40.81033],[-84.28585,40.80993],[-84.28615,40.80951],[-84.28646,40.8091],[-84.28674,40.80869],[-84.28703,40.80827],[-84.28713,40.80813],[-84.28717,40.80808],[-84.28731,40.80788],[-84.2874,40.80773],[-84.28766,40.80737],[-84.2877,40.80732],[-84.28787,40.80707],[-84.28813,40.80667],[-84.28846,40.80622],[-84.28873,40.80581],[-84.28905,40.80537],[-84.28931,40.80499],[-84.28948,40.80473],[-84.28955,40.80458],[-84.28959,40.80447],[-84.28961,40.80436],[-84.28962,40.80415],[-84.28962,40.80395],[-84.28961,40.80378],[-84.28961,40.80359],[-84.28962,40.80327],[-84.28962,40.80312],[-84.28963,40.80289],[-84.28966,40.80273],[-84.28969,40.80259],[-84.28974,40.80247],[-84.28985,40.80218],[-84.29001,40.80178],[-84.29005,40.80166],[-84.2901,40.80154],[-84.29016,40.80139],[-84.29031,40.80106],[-84.29059,40.80048],[-84.29084,40.79987],[-84.29111,40.79928],[-84.29138,40.79867],[-84.29151,40.79837],[-84.2916,40.79822],[-84.29178,40.79797],[-84.29195,40.79771],[-84.29201,40.79763],[-84.29218,40.79742],[-84.2924,40.79717],[-84.29262,40.79692],[-84.29285,40.79668],[-84.29306,40.79643],[-84.29329,40.79619],[-84.29352,40.79595],[-84.29364,40.79585],[-84.29405,40.79551],[-84.29432,40.79529],[-84.29439,40.79524],[-84.29464,40.79507],[-84.29471,40.79502],[-84.29494,40.79488],[-84.29527,40.7947],[-84.29553,40.79456],[-84.29628,40.79415],[-84.29642,40.79406],[-84.29674,40.79383],[-84.29704,40.79354],[-84.29742,40.79315],[-84.29785,40.79268],[-84.2981,40.79244],[-84.29836,40.79216],[-84.29866,40.79189],[-84.299,40.79159],[-84.29922,40.7914],[-84.29943,40.79114],[-84.29964,40.79086],[-84.29978,40.79066],[-84.29994,40.79038],[-84.30003,40.79021],[-84.30008,40.79011],[-84.30026,40.78975],[-84.30044,40.78941],[-84.30062,40.78907],[-84.30079,40.78873],[-84.30087,40.78857],[-84.30098,40.78837],[-84.30106,40.78825],[-84.30121,40.78807],[-84.30147,40.78772],[-84.30182,40.78727],[-84.30204,40.78698],[-84.30225,40.78672],[-84.30234,40.7866],[-84.30253,40.78635],[-84.30271,40.7861],[-84.3029,40.78585],[-84.30309,40.78561],[-84.30347,40.78512],[-84.30365,40.78487],[-84.30385,40.78463],[-84.30423,40.78414],[-84.30443,40.7839],[-84.30462,40.78366],[-84.30482,40.78344],[-84.30499,40.78322],[-84.30511,40.78306],[-84.30532,40.78279],[-84.30546,40.78259],[-84.30563,40.78234],[-84.30581,40.78211],[-84.30655,40.78108],[-84.30711,40.78032],[-84.30729,40.78007],[-84.30748,40.77982],[-84.30764,40.77962],[-84.30778,40.77948],[-84.30786,40.77939],[-84.30796,40.77928],[-84.30814,40.77914],[-84.30867,40.77869],[-84.30897,40.77842],[-84.30931,40.7781],[-84.30935,40.77806],[-84.30943,40.77799],[-84.30957,40.77784],[-84.30978,40.77758],[-84.30995,40.7774],[-84.31033,40.77693],[-84.31064,40.77655],[-84.31096,40.77618],[-84.31124,40.77588],[-84.31173,40.7754],[-84.31219,40.77497],[-84.31243,40.77476],[-84.31266,40.77454],[-84.31289,40.77433],[-84.31312,40.77412],[-84.31357,40.77371],[-84.31379,40.77353],[-84.31403,40.77333],[-84.31417,40.77323],[-84.31459,40.77292],[-84.31471,40.77283],[-84.31482,40.77274],[-84.31492,40.77266],[-84.31506,40.77252],[-84.31512,40.77246],[-84.31517,40.77241],[-84.31528,40.77227]]]}},{"type":"Feature","properties":{"GEOID":"39003002AET","NAME":"MARION B","BASENAME":"MARION B","VTD":"002AET","POP100":1207,"HU100":475,"AREALAND":"49455828","CENTLAT":"+40.8102971","CENTLON":"-084.3310825"},"geometry":{"type":"MultiPolygon","coordinates":[[[[-84.39738,40.81565],[-84.39738,40.81495],[-84.39737,40.81424],[-84.39737,40.81354],[-84.39736,40.81242],[-84.39735,40.81172],[-84.39734,40.81085],[-84.39734,40.81016],[-84.39732,40.8086],[-84.39732,40.80833],[-84.39732,40.80759],[-84.39731,40.80697],[-84.3973,40.80605],[-84.3973,40.80585],[-84.3973,40.8053],[-84.39728,40.80452],[-84.39728,40.80441],[-84.39728,40.80431],[-84.39726,40.80114],[-84.39723,40.79721],[-84.39723,40.797],[-84.39723,40.79642],[-84.39723,40.79594],[-84.39722,40.79541],[-84.39722,40.79383],[-84.39721,40.7914],[-84.39721,40.79083],[-84.39721,40.7902],[-84.39719,40.78792],[-84.3972,40.7876],[-84.39719,40.78658],[-84.38773,40.78664],[-84.38387,40.78668],[-84.37834,40.78671],[-84.37494,40.78677],[-84.36556,40.78678],[-84.36105,40.7868],[-84.35897,40.78676],[-84.35511,40.78676],[-84.35288,40.78678],[-84.35213,40.7868],[-84.34946,40.78683],[-84.34002,40.78695],[-84.34002,40.78686],[-84.34004,40.78566],[-84.33993,40.77969],[-84.34004,40.77381],[-84.34,40.77211],[-84.33633,40.77211],[-84.33409,40.77212],[-84.32409,40.77212],[-84.31538,40.77213],[-84.31528,40.77227],[-84.31517,40.77241],[-84.31512,40.77246],[-84.31506,40.77252],[-84.31492,40.77266],[-84.31482,40.77274],[-84.31471,40.77283],[-84.31459,40.77292],[-84.31417,40.77323],[-84.31403,40.77333],[-84.31379,40.77353],[-84.31357,40.77371],[-84.31312,40.77412],[-84.31289,40.77433],[-84.31266,40.77454],[-84.31243,40.77476],[-84.31219,40.77497],[-84.31173,40.7754],[-84.31124,40.77588],[-84.31096,40.77618],[-84.31064,40.77655],[-84.31033,40.77693],[-84.30995,40.7774],[-84.30978,40.77758],[-84.30957,40.77784],[-84.30943,40.77799],[-84.30935,40.77806],[-84.30931,40.7781],[-84.30897,40.77842],[-84.30867,40.77869],[-84.30814,40.77914],[-84.30796,40.77928],[-84.30786,40.77939],[-84.30778,40.77948],[-84.30764,40.77962],[-84.30748,40.77982],[-84.30729,40.78007],[-84.30711,40.78032],[-84.30655,40.78108],[-84.30581,40.78211],[-84.30563,40.78234],[-84.30546,40.78259],[-84.30532,40.78279],[-84.30511,40.78306],[-84.30499,40.78322],[-84.30482,40.78344],[-84.30462,40.78366],[-84.30443,40.7839],[-84.30423,40.78414],[-84.30385,40.78463],[-84.30365,40.78487],[-84.30347,40.78512],[-84.30309,40.78561],[-84.3029,40.78585],[-84.30271,40.7861],[-84.30253,40.78635],[-84.30234,40.7866],[-84.30225,40.78672],[-84.30204,40.78698],[-84.30182,40.78727],[-84.30147,40.78772],[-84.30121,40.78807],[-84.30106,40.78825],[-84.30098,40.78837],[-84.30087,40.78857],[-84.30079,40.78873],[-84.30062,40.78907],[-84.30044,40.78941],[-84.30026,40.78975],[-84.30008,40.79011],[-84.30003,40.79021],[-84.29994,40.79038],[-84.29978,40.79066],[-84.29964,40.79086],[-84.29943,40.79114],[-84.29922,40.7914],[-84.299,40.79159],[-84.29866,40.79189],[-84.29836,40.79216],[-84.2981,40.79244],[-84.29785,40.79268],[-84.29742,40.79315],[-84.29704,40.79354],[-84.29674,40.79383],[-84.29642,40.79406],[-84.29628,40.79415],[-84.29553,40.79456],[-84.29527,40.7947],[-84.29494,40.79488],[-84.29471,40.79502],[-84.29464,40.79507],[-84.29439,40.79524],[-84.29432,40.79529],[-84.29405,40.79551],[-84.29364,40.79585],[-84.29352,40.79595],[-84.29329,40.79619],[-84.29306,40.79643],[-84.29285,40.79668],[-84.29262,40.79692],[-84.2924,40.79717],[-84.29218,40.79742],[-84.29201,40.79763],[-84.29195,40.79771],[-84.29178,40.79797],[-84.2916,40.79822],[-84.29151,40.79837],[-84.29138,40.79867],[-84.29111,40.79928],[-84.29084,40.79987],[-84.29059,40.80048],[-84.29031,40.80106],[-84.29016,40.80139],[-84.2901,40.80154],[-84.29005,40.80166],[-84.29001,40.80178],[-84.28985,40.80218],[-84.28974,40.80247],[-84.28969,40.80259],[-84.28966,40.80273],[-84.28963,40.80289],[-84.28962,40.80312],[-84.28962,40.80327],[-84.28961,40.80359],[-84.28961,40.80378],[-84.28962,40.80395],[-84.28962,40.80415],[-84.28961,40.80436],[-84.28959,40.80447],[-84.28955,40.80458],[-84.28948,40.80473],[-84.28931,40.80499],[-84.28905,40.80537],[-84.28873,40.80581],[-84.28846,40.80622],[-84.28813,40.80667],[-84.28787,40.80707],[-84.2877,40.80732],[-84.28766,40.80737],[-84.2874,40.80773],[-84.28731,40.80788],[-84.28717,40.80808],[-84.28713,40.80813],[-84.28703,40.80827],[-84.28674,40.80869],[-84.28646,40.8091],[-84.28615,40.80951],[-84.28585,40.80993],[-84.28554,40.81033],[-84.28524,40.81075],[-84.28495,40.81117],[-84.28465,40.81159],[-84.28436,40.81197],[-84.28412,40.81229],[-84.28383,40.81269],[-84.28367,40.81293],[-84.28336,40.81334],[-84.28307,40.81376],[-84.28291,40.81398],[-84.28285,40.81408],[-84.28281,40.81416],[-84.28275,40.81427],[-84.2827,40.81439],[-84.28265,40.81453],[-84.28255,40.81493],[-84.28244,40.81538],[-84.28233,40.81582],[-84.2823,40.81598],[-84.28222,40.8163],[-84.28221,40.81637],[-84.28215,40.81663],[-84.28207,40.81709],[-84.282,40.8174],[-84.28193,40.81777],[-84.28191,40.81791],[-84.28184,40.81824],[-84.28183,40.81835],[-84.28182,40.81858],[-84.2818,40.81942],[-84.2818,40.81997],[-84.2818,40.82052],[-84.2818,40.82088],[-84.2818,40.8217],[-84.28179,40.82197],[-84.28179,40.82198],[-84.2818,40.82225],[-84.2818,40.82267],[-84.2818,40.82302],[-84.28179,40.82367],[-84.28178,40.82382],[-84.28179,40.82418],[-84.28179,40.8244],[-84.2818,40.8246],[-84.2818,40.82488],[-84.28179,40.82506],[-84.28178,40.82547],[-84.28177,40.82583],[-84.28187,40.82589],[-84.28194,40.82593],[-84.28206,40.82599],[-84.28242,40.82615],[-84.28281,40.82631],[-84.28371,40.82667],[-84.2846,40.82703],[-84.28501,40.82719],[-84.2858,40.82751],[-84.28625,40.82769],[-84.28634,40.82807],[-84.28642,40.82829],[-84.28649,40.82852],[-84.2866,40.8288],[-84.28682,40.82945],[-84.28686,40.82955],[-84.28696,40.82973],[-84.28714,40.82997],[-84.2872,40.83005],[-84.28725,40.83011],[-84.28778,40.83082],[-84.28825,40.83141],[-84.28838,40.83165],[-84.28924,40.83415],[-84.28929,40.83428],[-84.28941,40.83461],[-84.28944,40.83468],[-84.28958,40.83506],[-84.28964,40.83523],[-84.28974,40.8355],[-84.28976,40.83554],[-84.28988,40.83592],[-84.29006,40.83643],[-84.29044,40.83751],[-84.29053,40.83775],[-84.29064,40.83809],[-84.29083,40.83865],[-84.29133,40.84017],[-84.2915,40.84078],[-84.29153,40.84093],[-84.29153,40.84103],[-84.29152,40.84118],[-84.29149,40.84135],[-84.29145,40.84146],[-84.29128,40.84167],[-84.29087,40.84216],[-84.2906,40.84252],[-84.2904,40.84277],[-84.29004,40.84312],[-84.28946,40.84368],[-84.28915,40.844],[-84.28905,40.84409],[-84.29012,40.84437],[-84.29012,40.84503],[-84.29017,40.84877],[-84.29017,40.84884],[-84.2902,40.85003],[-84.29021,40.85138],[-84.29023,40.8521],[-84.29024,40.85225],[-84.29027,40.85239],[-84.29033,40.85253],[-84.29039,40.85264],[-84.29049,40.85278],[-84.29117,40.85375],[-84.29193,40.85477],[-84.29234,40.85532],[-84.29255,40.8556],[-84.29315,40.85646],[-84.29377,40.85741],[-84.29429,40.85816],[-84.2946,40.85862],[-84.29484,40.85894],[-84.29501,40.85914],[-84.29529,40.85941],[-84.29551,40.85963],[-84.31073,40.85946],[-84.31216,40.85944],[-84.31307,40.85943],[-84.31302,40.85628],[-84.31416,40.85628],[-84.31415,40.85577],[-84.31405,40.85577],[-84.31303,40.85576],[-84.31302,40.85389],[-84.31301,40.8526],[-84.31292,40.85259],[-84.31256,40.85227],[-84.31317,40.85228],[-84.31358,40.85227],[-84.31371,40.85227],[-84.31413,40.85227],[-84.31323,40.85141],[-84.31185,40.85009],[-84.31129,40.84956],[-84.31051,40.8487],[-84.31025,40.84842],[-84.31001,40.84797],[-84.30989,40.84738],[-84.3106,40.84735],[-84.31219,40.84732],[-84.31218,40.84688],[-84.31276,40.84688],[-84.31332,40.84687],[-84.31397,40.84686],[-84.31405,40.84686],[-84.31484,40.84685],[-84.31483,40.84586],[-84.31483,40.84532],[-84.31482,40.84504],[-84.31564,40.84503],[-84.31564,40.84427],[-84.32,40.84423],[-84.32,40.84456],[-84.32,40.845],[-84.32116,40.84499],[-84.32154,40.84498],[-84.32209,40.84497],[-84.32219,40.84497],[-84.32219,40.84486],[-84.32219,40.84442],[-84.32386,40.84441],[-84.32386,40.84426],[-84.32386,40.84417],[-84.32387,40.84346],[-84.32385,40.8429],[-84.32389,40.84227],[-84.32406,40.84228],[-84.32406,40.84227],[-84.32401,40.84111],[-84.32401,40.8411],[-84.32401,40.84098],[-84.32401,40.84094],[-84.32498,40.8414],[-84.32498,40.84116],[-84.32499,40.84096],[-84.32604,40.84118],[-84.32673,40.84133],[-84.32707,40.8414],[-84.32743,40.84148],[-84.32789,40.84155],[-84.32828,40.84161],[-84.32955,40.84177],[-84.32955,40.84166],[-84.32954,40.84162],[-84.32951,40.84116],[-84.32952,40.84079],[-84.32922,40.84079],[-84.32899,40.84079],[-84.32901,40.83959],[-84.32953,40.8396],[-84.32954,40.83901],[-84.32954,40.8385],[-84.32954,40.83834],[-84.32955,40.83769],[-84.32671,40.8377],[-84.326,40.8377],[-84.32602,40.83519],[-84.32603,40.83456],[-84.32605,40.83286],[-84.32606,40.83085],[-84.32607,40.8306],[-84.32859,40.83062],[-84.32958,40.83063],[-84.32959,40.83364],[-84.32998,40.83364],[-84.3331,40.83367],[-84.33311,40.83206],[-84.33314,40.83107],[-84.33313,40.83062],[-84.33313,40.83045],[-84.33313,40.82969],[-84.33504,40.82967],[-84.33503,40.82884],[-84.33504,40.82842],[-84.34025,40.82838],[-84.34022,40.82659],[-84.3401,40.81614],[-84.34014,40.81614],[-84.34022,40.81615],[-84.34474,40.81614],[-84.34635,40.81614],[-84.34992,40.81609],[-84.35063,40.8161],[-84.35079,40.8161],[-84.35246,40.8161],[-84.35917,40.81608],[-84.3594,40.81608],[-84.35943,40.81608],[-84.36003,40.81608],[-84.36325,40.81608],[-84.3641,40.81609],[-84.36466,40.81609],[-84.36714,40.81606],[-84.36888,40.81604],[-84.37155,40.81603],[-84.37484,40.81603],[-84.37805,40.81602],[-84.37839,40.81602],[-84.37868,40.816],[-84.3793,40.81599],[-84.38556,40.81597],[-84.38803,40.81598],[-84.38856,40.81596],[-84.38928,40.81595],[-84.38936,40.81595],[-84.39,40.81595],[-84.39008,40.81595],[-84.39214,40.81595],[-84.39391,40.81595],[-84.39546,40.81593],[-84.39551,40.81593],[-84.39737,40.81594],[-84.39738,40.81565]]],[[[-84.32318,40.85941],[-84.32317,40.85922],[-84.32175,40.85921],[-84.32173,40.85823],[-84.32172,40.85767],[-84.32171,40.85751],[-84.32076,40.85751],[-84.31975,40.85751],[-84.31956,40.85734],[-84.31936,40.85717],[-84.31877,40.85666],[-84.31832,40.85666],[-84.31806,40.85667],[-84.3179,40.85667],[-84.3174,40.85667],[-84.3179,40.85714],[-84.31875,40.85793],[-84.32027,40.85934],[-84.32036,40.85934],[-84.32077,40.85933],[-84.32119,40.85933],[-84.32191,40.85932],[-84.32315,40.8593],[-84.32315,40.85941],[-84.32318,40.85941]]],[[[-84.33782,40.85575],[-84.33781,40.85567],[-84.33781,40.85514],[-84.33781,40.85506],[-84.33781,40.85491],[-84.33781,40.85481],[-84.3374,40.85482],[-84.33716,40.85482],[-84.33721,40.85387],[-84.33721,40.85384],[-84.3372,40.85307],[-84.3372,40.8526],[-84.33719,40.85219],[-84.33719,40.85209],[-84.33719,40.852],[-84.33586,40.85202],[-84.3354,40.85203],[-84.33512,40.85203],[-84.33473,40.85204],[-84.33319,40.85206],[-84.33241,40.85207],[-84.33221,40.85208],[-84.33198,40.85208],[-84.33198,40.85122],[-84.33197,40.85104],[-84.3317,40.85104],[-84.3317,40.85106],[-84.33166,40.85122],[-84.33145,40.85189],[-84.33141,40.85197],[-84.33136,40.85215],[-84.3307,40.85291],[-84.32972,40.85404],[-84.32953,40.85425],[-84.32952,40.85531],[-84.32956,40.85674],[-84.32956,40.85684],[-84.32956,40.85695],[-84.33035,40.85692],[-84.33044,40.85707],[-84.33047,40.85711],[-84.33051,40.85717],[-84.33053,40.85722],[-84.32957,40.85724],[-84.32956,40.85717],[-84.32879,40.85716],[-84.32865,40.85716],[-84.32866,40.85771],[-84.32958,40.8577],[-84.32958,40.85797],[-84.32865,40.85798],[-84.32866,40.85811],[-84.32868,40.85883],[-84.32869,40.85908],[-84.3296,40.85907],[-84.32962,40.8593],[-84.32974,40.85929],[-84.33027,40.85929],[-84.33063,40.85927],[-84.33398,40.8592],[-84.33437,40.85919],[-84.33437,40.85908],[-84.33516,40.85906],[-84.33515,40.85803],[-84.33512,40.85579],[-84.33651,40.85577],[-84.33782,40.85575]]]]}},{"type":"Feature","properties":{"GEOID":"39003002AEW","NAME":"CAIRO","BASENAME":"CAIRO","VTD":"002AEW","POP100":517,"HU100":216,"AREALAND":"717434","CENTLAT":"+40.8307525","CENTLON":"-084.0844887"},"geometry":{"type":"Polygon","coordinates":[[[-84.09318,40.83192],[-84.09318,40.83163],[-84.09318,40.83159],[-84.09303,40.83156],[-84.09213,40.83141],[-84.09213,40.83098],[-84.09118,40.83074],[-84.09124,40.8306],[-84.09131,40.83044],[-84.09161,40.82976],[-84.0918,40.82932],[-84.09216,40.82848],[-84.09225,40.82829],[-84.09127,40.82828],[-84.09025,40.82829],[-84.08902,40.82829],[-84.0885,40.8283],[-84.08796,40.8283],[-84.08252,40.82832],[-84.08226,40.82832],[-84.08255,40.82718],[-84.0826,40.82698],[-84.08242,40.82699],[-84.08177,40.82699],[-84.07996,40.827],[-84.07829,40.82701],[-84.0783,40.83019],[-84.07834,40.83098],[-84.07835,40.83142],[-84.07768,40.83149],[-84.07747,40.83149],[-84.07748,40.83197],[-84.07748,40.832],[-84.07747,40.83201],[-84.07748,40.83203],[-84.07745,40.83202],[-84.07743,40.83202],[-84.07743,40.83208],[-84.07743,40.83217],[-84.07743,40.83259],[-84.07761,40.83259],[-84.07823,40.83259],[-84.07823,40.8326],[-84.07823,40.8328],[-84.07823,40.83314],[-84.07866,40.83313],[-84.07893,40.83313],[-84.07983,40.83313],[-84.07998,40.83313],[-84.08077,40.83312],[-84.08098,40.83312],[-84.08007,40.83641],[-84.07929,40.83925],[-84.07947,40.83925],[-84.07998,40.83737],[-84.08041,40.83609],[-84.0806,40.83588],[-84.08129,40.83514],[-84.08134,40.83509],[-84.08161,40.83481],[-84.0819,40.83453],[-84.08208,40.83437],[-84.08224,40.8342],[-84.0824,40.83402],[-84.08247,40.83409],[-84.08256,40.83415],[-84.08267,40.83419],[-84.08292,40.83433],[-84.08297,40.83438],[-84.08297,40.83311],[-84.08633,40.83308],[-84.08954,40.83306],[-84.09014,40.83306],[-84.09024,40.83286],[-84.09032,40.83289],[-84.09215,40.83336],[-84.09214,40.83306],[-84.09213,40.83266],[-84.09212,40.83229],[-84.09211,40.83193],[-84.09262,40.83193],[-84.09318,40.83192]]]}},{"type":"Feature","properties":{"GEOID":"39003002AEX","NAME":"MONROE E","BASENAME":"MONROE E","VTD":"002AEX","POP100":855,"HU100":331,"AREALAND":"50756690","CENTLAT":"+40.8640398","CENTLON":"-084.0266650"},"geometry":{"type":"Polygon","coordinates":[[[-84.0744,40.89238],[-84.0744,40.89202],[-84.07439,40.89181],[-84.07438,40.89167],[-84.07436,40.8915],[-84.07431,40.89126],[-84.07421,40.8908],[-84.07402,40.8901],[-84.07369,40.8889],[-84.0735,40.88815],[-84.07335,40.88759],[-84.07317,40.88688],[-84.07296,40.88598],[-84.07276,40.88519],[-84.07258,40.88438],[-84.07247,40.88398],[-84.07237,40.8835],[-84.07228,40.88312],[-84.07222,40.8828],[-84.06812,40.88281],[-84.0678,40.8828],[-84.06773,40.8828],[-84.06565,40.88281],[-84.06425,40.88281],[-84.0641,40.88281],[-84.06221,40.88279],[-84.06028,40.88278],[-84.05823,40.88276],[-84.05649,40.88273],[-84.05523,40.88273],[-84.0547,40.88273],[-84.05292,40.88272],[-84.05225,40.88273],[-84.05193,40.88273],[-84.05192,40.88181],[-84.05188,40.87341],[-84.05188,40.87163],[-84.05185,40.8683],[-84.05182,40.86515],[-84.0518,40.86104],[-84.05181,40.86004],[-84.05182,40.8589],[-84.05182,40.8583],[-84.05182,40.85769],[-84.05183,40.85708],[-84.05182,40.8563],[-84.05181,40.85584],[-84.05181,40.85522],[-84.05181,40.85461],[-84.0518,40.85339],[-84.05181,40.85277],[-84.05181,40.85216],[-84.0518,40.85155],[-84.0518,40.85032],[-84.0518,40.8497],[-84.05179,40.84847],[-84.05179,40.84839],[-84.0518,40.84723],[-84.0518,40.84658],[-84.05181,40.84504],[-84.0518,40.84445],[-84.0518,40.84385],[-84.05179,40.84328],[-84.05178,40.84288],[-84.05178,40.84278],[-84.05179,40.84219],[-84.05179,40.84159],[-84.05179,40.84039],[-84.0518,40.83979],[-84.0518,40.83973],[-84.0518,40.83932],[-84.05179,40.83889],[-84.05179,40.83865],[-84.05179,40.83807],[-84.0518,40.8375],[-84.05179,40.83689],[-84.05179,40.8363],[-84.05178,40.83568],[-84.05177,40.83497],[-84.05178,40.83445],[-84.05178,40.83395],[-84.05177,40.83383],[-84.05178,40.83322],[-84.05179,40.8326],[-84.05178,40.83215],[-84.0518,40.83153],[-84.0518,40.83108],[-84.05181,40.83063],[-84.05181,40.83019],[-84.0518,40.8293],[-84.05179,40.82856],[-84.05179,40.82847],[-84.05179,40.82811],[-84.05178,40.82759],[-84.05178,40.82692],[-84.05179,40.82623],[-84.0518,40.82525],[-84.0518,40.82495],[-84.0518,40.82471],[-84.05179,40.82337],[-84.05179,40.82146],[-84.05179,40.82095],[-84.05179,40.82084],[-84.05179,40.82062],[-84.05179,40.82019],[-84.05179,40.81969],[-84.05179,40.81893],[-84.05178,40.8186],[-84.05177,40.81836],[-84.05175,40.81824],[-84.05177,40.81813],[-84.05178,40.81797],[-84.05177,40.81766],[-84.0515,40.81765],[-84.05124,40.81766],[-84.04964,40.81767],[-84.04874,40.81767],[-84.04812,40.81768],[-84.04715,40.81768],[-84.04656,40.81769],[-84.04615,40.81769],[-84.04556,40.8177],[-84.04432,40.8177],[-84.04308,40.81772],[-84.04265,40.81772],[-84.04227,40.81772],[-84.04083,40.81772],[-84.04023,40.81772],[-84.03925,40.81773],[-84.03858,40.81773],[-84.03782,40.81773],[-84.03695,40.81774],[-84.03641,40.81774],[-84.03622,40.81774],[-84.03595,40.81774],[-84.03518,40.81774],[-84.03353,40.81776],[-84.03325,40.81776],[-84.03265,40.81777],[-84.03239,40.81777],[-84.03223,40.81776],[-84.03077,40.81777],[-84.02966,40.81778],[-84.02904,40.81778],[-84.02788,40.81778],[-84.02647,40.81779],[-84.02622,40.81779],[-84.02573,40.81779],[-84.02536,40.8178],[-84.02473,40.8178],[-84.0238,40.8178],[-84.02284,40.81781],[-84.02186,40.81782],[-84.0211,40.81782],[-84.0199,40.81783],[-84.01892,40.81783],[-84.01808,40.81783],[-84.017,40.81784],[-84.01596,40.81785],[-84.01587,40.81784],[-84.01541,40.81785],[-84.0149,40.81785],[-84.01416,40.81785],[-84.01392,40.81785],[-84.01348,40.81786],[-84.01322,40.81787],[-84.0126,40.81788],[-84.01182,40.81789],[-84.01108,40.8179],[-84.00934,40.81785],[-84.00744,40.81785],[-84.00689,40.81787],[-84.00674,40.8179],[-84.00658,40.8179],[-84.00639,40.8179],[-84.00284,40.81805],[-83.99976,40.81795],[-83.99941,40.81796],[-83.99909,40.81797],[-83.99889,40.81796],[-83.99873,40.81795],[-83.99434,40.81805],[-83.99444,40.81845],[-83.99444,40.8186],[-83.99445,40.81962],[-83.99457,40.82065],[-83.99457,40.82067],[-83.99459,40.82093],[-83.99461,40.8213],[-83.99461,40.8219],[-83.9946,40.82191],[-83.99444,40.82205],[-83.99444,40.8223],[-83.99439,40.82275],[-83.99435,40.82327],[-83.99438,40.824],[-83.99454,40.82409],[-83.99455,40.82473],[-83.99455,40.82496],[-83.99458,40.82813],[-83.99458,40.82871],[-83.99459,40.8292],[-83.99461,40.83152],[-83.99462,40.83267],[-83.99462,40.83327],[-83.99462,40.83352],[-83.99464,40.83908],[-83.99465,40.83943],[-83.99466,40.8401],[-83.99466,40.84104],[-83.99467,40.84143],[-83.99468,40.84175],[-83.99468,40.84228],[-83.99469,40.84248],[-83.99468,40.84332],[-83.99468,40.84424],[-83.99468,40.84481],[-83.99469,40.84577],[-83.99471,40.84748],[-83.99471,40.84749],[-83.99472,40.85007],[-83.99474,40.85108],[-83.99475,40.8525],[-83.99475,40.85279],[-83.99476,40.85365],[-83.99477,40.85402],[-83.99478,40.85472],[-83.99478,40.85537],[-83.9948,40.85658],[-83.99482,40.85854],[-83.99482,40.85925],[-83.99482,40.86016],[-83.99484,40.8612],[-83.99483,40.8615],[-83.99483,40.86177],[-83.99484,40.86193],[-83.99484,40.86198],[-83.99486,40.86208],[-83.99484,40.86222],[-83.99484,40.86258],[-83.99484,40.86291],[-83.99487,40.86623],[-83.99487,40.86745],[-83.99489,40.86843],[-83.99489,40.86874],[-83.99488,40.8689],[-83.99486,40.8691],[-83.99488,40.8692],[-83.99488,40.86932],[-83.995,40.87388],[-83.99503,40.87505],[-83.99502,40.87616],[-83.99502,40.87639],[-83.99502,40.87679],[-83.99494,40.88423],[-83.99494,40.88444],[-83.99506,40.89072],[-83.9951,40.89572],[-83.99515,40.90247],[-83.99517,40.90507],[-83.99621,40.90506],[-83.99647,40.90505],[-83.99676,40.90505],[-83.99702,40.90505],[-83.9982,40.90503],[-84.0046,40.90501],[-84.00939,40.90496],[-84.01058,40.90497],[-84.01191,40.90494],[-84.01195,40.90494],[-84.01369,40.90495],[-84.01694,40.90492],[-84.0203,40.90489],[-84.02036,40.90489],[-84.02181,40.90488],[-84.02543,40.90488],[-84.0257,40.90488],[-84.02832,40.90486],[-84.04465,40.90483],[-84.05263,40.90481],[-84.05417,40.90481],[-84.05501,40.90481],[-84.05528,40.90475],[-84.05766,40.90477],[-84.06215,40.90476],[-84.06219,40.90476],[-84.0625,40.90475],[-84.07016,40.9049],[-84.07028,40.90474],[-84.07041,40.90451],[-84.07055,40.90426],[-84.07069,40.90397],[-84.07084,40.90367],[-84.07091,40.90348],[-84.07111,40.90292],[-84.07116,40.90277],[-84.0713,40.90236],[-84.07166,40.90132],[-84.07184,40.90079],[-84.0722,40.89975],[-84.07237,40.89924],[-84.0725,40.89881],[-84.07269,40.89825],[-84.07296,40.89734],[-84.07304,40.89711],[-84.07321,40.89658],[-84.0733,40.89629],[-84.07341,40.89595],[-84.07356,40.89545],[-84.07361,40.89532],[-84.07381,40.8947],[-84.07399,40.89413],[-84.07401,40.89406],[-84.0741,40.89376],[-84.07423,40.89328],[-84.0743,40.89301],[-84.07433,40.89288],[-84.07438,40.89258],[-84.0744,40.89238]]]}},{"type":"Feature","properties":{"GEOID":"39003002AEY","NAME":"MONROE W","BASENAME":"MONROE W","VTD":"002AEY","POP100":695,"HU100":315,"AREALAND":"42009286","CENTLAT":"+40.8583937","CENTLON":"-084.0825310"},"geometry":{"type":"Polygon","coordinates":[[[-84.10994,40.8943],[-84.10994,40.89423],[-84.10993,40.89414],[-84.10992,40.89389],[-84.10993,40.89328],[-84.10992,40.89266],[-84.10991,40.89201],[-84.1099,40.89137],[-84.1099,40.89104],[-84.1099,40.89081],[-84.10989,40.89038],[-84.10989,40.88999],[-84.10989,40.88994],[-84.10988,40.88945],[-84.10988,40.88895],[-84.10987,40.88846],[-84.10987,40.88793],[-84.10987,40.88719],[-84.10988,40.88692],[-84.10986,40.88379],[-84.10986,40.88287],[-84.10987,40.87925],[-84.10987,40.8788],[-84.10987,40.8783],[-84.10987,40.87794],[-84.10988,40.8758],[-84.10976,40.87542],[-84.10973,40.87505],[-84.10973,40.87387],[-84.1097,40.8683],[-84.10968,40.86815],[-84.10967,40.86714],[-84.10966,40.86683],[-84.10966,40.86645],[-84.10966,40.866],[-84.10965,40.86556],[-84.10964,40.86519],[-84.10964,40.86515],[-84.10964,40.86508],[-84.10963,40.86478],[-84.10963,40.86434],[-84.10963,40.86392],[-84.10962,40.86349],[-84.10962,40.86307],[-84.10961,40.86263],[-84.10959,40.86201],[-84.10959,40.86133],[-84.10959,40.86099],[-84.10953,40.85634],[-84.10952,40.85396],[-84.10949,40.8525],[-84.10946,40.85075],[-84.10945,40.85011],[-84.10938,40.84641],[-84.10938,40.84633],[-84.10934,40.84269],[-84.10932,40.84124],[-84.10932,40.84107],[-84.1093,40.83998],[-84.1093,40.83968],[-84.10929,40.83889],[-84.10924,40.83531],[-84.10924,40.83471],[-84.1092,40.83182],[-84.10926,40.82426],[-84.10926,40.82402],[-84.10925,40.81728],[-84.10898,40.81728],[-84.10854,40.81728],[-84.10807,40.81729],[-84.10762,40.81728],[-84.10715,40.81729],[-84.1065,40.81729],[-84.10614,40.8173],[-84.10562,40.8173],[-84.1042,40.81731],[-84.10373,40.81732],[-84.10347,40.81732],[-84.1034,40.81731],[-84.10307,40.81731],[-84.10302,40.81731],[-84.10225,40.81732],[-84.10148,40.81732],[-84.10086,40.81733],[-84.1004,40.81734],[-84.09969,40.81734],[-84.0993,40.81734],[-84.09918,40.81734],[-84.09889,40.81734],[-84.09862,40.81735],[-84.09839,40.81735],[-84.09743,40.81736],[-84.09705,40.81736],[-84.09603,40.81737],[-84.09492,40.81737],[-84.0945,40.81737],[-84.0938,40.81737],[-84.09344,40.81738],[-84.09299,40.81738],[-84.09257,40.81739],[-84.09205,40.81739],[-84.09192,40.81739],[-84.09155,40.81739],[-84.09101,40.81739],[-84.09046,40.8174],[-84.08986,40.8174],[-84.08898,40.81739],[-84.088,40.8174],[-84.08778,40.8174],[-84.08718,40.8174],[-84.08707,40.8174],[-84.08683,40.81741],[-84.08661,40.81741],[-84.08643,40.81742],[-84.08545,40.81743],[-84.08512,40.81743],[-84.08483,40.81743],[-84.08448,40.81743],[-84.08318,40.81744],[-84.08255,40.81744],[-84.08247,40.81744],[-84.08209,40.81744],[-84.08178,40.81745],[-84.0808,40.81746],[-84.08006,40.81747],[-84.07973,40.81748],[-84.07921,40.81748],[-84.07897,40.81748],[-84.07861,40.81748],[-84.07796,40.81749],[-84.07764,40.81749],[-84.07718,40.8175],[-84.07673,40.8175],[-84.0766,40.8175],[-84.07618,40.8175],[-84.07575,40.8175],[-84.07511,40.81751],[-84.07442,40.81752],[-84.07367,40.81753],[-84.07314,40.81753],[-84.07251,40.81753],[-84.07221,40.81753],[-84.0718,40.81754],[-84.07133,40.81755],[-84.07107,40.81756],[-84.07023,40.81756],[-84.06903,40.81756],[-84.06786,40.81756],[-84.06673,40.81756],[-84.06551,40.81757],[-84.06357,40.81758],[-84.06284,40.81759],[-84.06236,40.81759],[-84.06189,40.8176],[-84.06118,40.8176],[-84.06027,40.81762],[-84.05931,40.81763],[-84.05864,40.81764],[-84.05702,40.81764],[-84.05507,40.81764],[-84.0541,40.81764],[-84.05301,40.81765],[-84.05177,40.81766],[-84.05178,40.81797],[-84.05177,40.81813],[-84.05175,40.81824],[-84.05177,40.81836],[-84.05178,40.8186],[-84.05179,40.81893],[-84.05179,40.81969],[-84.05179,40.82019],[-84.05179,40.82062],[-84.05179,40.82084],[-84.05179,40.82095],[-84.05179,40.82146],[-84.05179,40.82337],[-84.0518,40.82471],[-84.0518,40.82495],[-84.0518,40.82525],[-84.05179,40.82623],[-84.05178,40.82692],[-84.05178,40.82759],[-84.05179,40.82811],[-84.05179,40.82847],[-84.05179,40.82856],[-84.0518,40.8293],[-84.05181,40.83019],[-84.05181,40.83063],[-84.0518,40.83108],[-84.0518,40.83153],[-84.05178,40.83215],[-84.05179,40.8326],[-84.05178,40.83322],[-84.05177,40.83383],[-84.05178,40.83395],[-84.05178,40.83445],[-84.05177,40.83497],[-84.05178,40.83568],[-84.05179,40.8363],[-84.05179,40.83689],[-84.0518,40.8375],[-84.05179,40.83807],[-84.05179,40.83865],[-84.05179,40.83889],[-84.0518,40.83932],[-84.0518,40.83973],[-84.0518,40.83979],[-84.05179,40.84039],[-84.05179,40.84159],[-84.05179,40.84219],[-84.05178,40.84278],[-84.05178,40.84288],[-84.05179,40.84328],[-84.0518,40.84385],[-84.0518,40.84445],[-84.05181,40.84504],[-84.0518,40.84658],[-84.0518,40.84723],[-84.05179,40.84839],[-84.05179,40.84847],[-84.0518,40.8497],[-84.0518,40.85032],[-84.0518,40.85155],[-84.05181,40.85216],[-84.05181,40.85277],[-84.0518,40.85339],[-84.05181,40.85461],[-84.05181,40.85522],[-84.05181,40.85584],[-84.05182,40.8563],[-84.05183,40.85708],[-84.05182,40.85769],[-84.05182,40.8583],[-84.05182,40.8589],[-84.05181,40.86004],[-84.0518,40.86104],[-84.05182,40.86515],[-84.05185,40.8683],[-84.05188,40.87163],[-84.05188,40.87341],[-84.05192,40.88181],[-84.05193,40.88273],[-84.05225,40.88273],[-84.05292,40.88272],[-84.0547,40.88273],[-84.05523,40.88273],[-84.05649,40.88273],[-84.05823,40.88276],[-84.06028,40.88278],[-84.06221,40.88279],[-84.0641,40.88281],[-84.06425,40.88281],[-84.06565,40.88281],[-84.06773,40.8828],[-84.0678,40.8828],[-84.06812,40.88281],[-84.07222,40.8828],[-84.07228,40.88312],[-84.07237,40.8835],[-84.07247,40.88398],[-84.07258,40.88438],[-84.07276,40.88519],[-84.07296,40.88598],[-84.07317,40.88688],[-84.07335,40.88759],[-84.0735,40.88815],[-84.07369,40.8889],[-84.07402,40.8901],[-84.07421,40.8908],[-84.07431,40.89126],[-84.07436,40.8915],[-84.07438,40.89167],[-84.07439,40.89181],[-84.0744,40.89202],[-84.0744,40.89238],[-84.07438,40.89258],[-84.07433,40.89288],[-84.0743,40.89301],[-84.07423,40.89328],[-84.0741,40.89376],[-84.07401,40.89406],[-84.07399,40.89413],[-84.07381,40.8947],[-84.07361,40.89532],[-84.07356,40.89545],[-84.07341,40.89595],[-84.0733,40.89629],[-84.07321,40.89658],[-84.07304,40.89711],[-84.07296,40.89734],[-84.07269,40.89825],[-84.0725,40.89881],[-84.07237,40.89924],[-84.0722,40.89975],[-84.07184,40.90079],[-84.07166,40.90132],[-84.0713,40.90236],[-84.07116,40.90277],[-84.07111,40.90292],[-84.07091,40.90348],[-84.07084,40.90367],[-84.07069,40.90397],[-84.07055,40.90426],[-84.07041,40.90451],[-84.07028,40.90474],[-84.07016,40.9049],[-84.07602,40.90486],[-84.08134,40.90484],[-84.08246,40.9048],[-84.08286,40.90481],[-84.0834,40.90481],[-84.08565,40.90482],[-84.08584,40.90483],[-84.0861,40.90482],[-84.08711,40.90479],[-84.08713,40.90479],[-84.08713,40.90479],[-84.08715,40.90478],[-84.08718,40.90478],[-84.10952,40.90473],[-84.10994,40.8943]],[[-84.09318,40.83163],[-84.09318,40.83192],[-84.09262,40.83193],[-84.09211,40.83193],[-84.09212,40.83229],[-84.09213,40.83266],[-84.09214,40.83306],[-84.09215,40.83336],[-84.09032,40.83289],[-84.09024,40.83286],[-84.09014,40.83306],[-84.08954,40.83306],[-84.08633,40.83308],[-84.08297,40.83311],[-84.08297,40.83438],[-84.08292,40.83433],[-84.08267,40.83419],[-84.08256,40.83415],[-84.08247,40.83409],[-84.0824,40.83402],[-84.08224,40.8342],[-84.08208,40.83437],[-84.0819,40.83453],[-84.08161,40.83481],[-84.08134,40.83509],[-84.08129,40.83514],[-84.0806,40.83588],[-84.08041,40.83609],[-84.07998,40.83737],[-84.07947,40.83925],[-84.07929,40.83925],[-84.08007,40.83641],[-84.08098,40.83312],[-84.08077,40.83312],[-84.07998,40.83313],[-84.07983,40.83313],[-84.07893,40.83313],[-84.07866,40.83313],[-84.07823,40.83314],[-84.07823,40.8328],[-84.07823,40.8326],[-84.07823,40.83259],[-84.07761,40.83259],[-84.07743,40.83259],[-84.07743,40.83217],[-84.07743,40.83208],[-84.07743,40.83202],[-84.07745,40.83202],[-84.07748,40.83203],[-84.07747,40.83201],[-84.07748,40.832],[-84.07748,40.83197],[-84.07747,40.83149],[-84.07768,40.83149],[-84.07835,40.83142],[-84.07834,40.83098],[-84.0783,40.83019],[-84.07829,40.82701],[-84.07996,40.827],[-84.08177,40.82699],[-84.08242,40.82699],[-84.0826,40.82698],[-84.08255,40.82718],[-84.08226,40.82832],[-84.08252,40.82832],[-84.08796,40.8283],[-84.0885,40.8283],[-84.08902,40.82829],[-84.09025,40.82829],[-84.09127,40.82828],[-84.09225,40.82829],[-84.09216,40.82848],[-84.0918,40.82932],[-84.09161,40.82976],[-84.09131,40.83044],[-84.09124,40.8306],[-84.09118,40.83074],[-84.09213,40.83098],[-84.09213,40.83141],[-84.09303,40.83156],[-84.09318,40.83159],[-84.09318,40.83163]]]}},{"type":"Feature","properties":{"GEOID":"39003002AEZ","NAME":"PERRY C","BASENAME":"PERRY C","VTD":"002AEZ","POP100":1124,"HU100":465,"AREALAND":"49785981","CENTLAT":"+40.6702553","CENTLON":"-084.0413013"},"geometry":{"type":"Polygon","coordinates":[[[-84.10796,40.66573],[-84.10795,40.66488],[-84.10794,40.66325],[-84.10794,40.66217],[-84.10794,40.66181],[-84.10793,40.66109],[-84.10792,40.66096],[-84.10792,40.66014],[-84.10792,40.65961],[-84.10791,40.65794],[-84.10789,40.65699],[-84.10789,40.65645],[-84.10788,40.65624],[-84.10787,40.65603],[-84.10787,40.65573],[-84.10785,40.65491],[-84.10786,40.65442],[-84.10787,40.6537],[-84.10787,40.65337],[-84.10787,40.65288],[-84.10787,40.65254],[-84.10786,40.65248],[-84.10785,40.65171],[-84.10785,40.65149],[-84.10785,40.65117],[-84.10785,40.65112],[-84.10785,40.65108],[-84.10785,40.65053],[-84.10784,40.65021],[-84.10784,40.65015],[-84.10782,40.64856],[-84.10781,40.64803],[-84.10781,40.64677],[-84.10781,40.64514],[-84.10781,40.64483],[-84.10781,40.64458],[-84.10781,40.64437],[-84.10781,40.64421],[-84.1078,40.64412],[-84.10779,40.6438],[-84.10779,40.64307],[-84.0994,40.64322],[-84.08979,40.6434],[-84.08976,40.6434],[-84.08457,40.64346],[-84.08135,40.6435],[-84.07896,40.64353],[-84.0784,40.64353],[-84.07826,40.64353],[-84.07808,40.64353],[-84.07775,40.64354],[-84.07741,40.64356],[-84.07724,40.64357],[-84.07619,40.64357],[-84.07532,40.6436],[-84.07461,40.64361],[-84.07057,40.64365],[-84.06524,40.64374],[-84.0647,40.64375],[-84.06256,40.64378],[-84.06167,40.6438],[-84.06098,40.6438],[-84.05531,40.6438],[-84.04924,40.64385],[-84.04654,40.64395],[-84.03918,40.64395],[-84.03849,40.64397],[-84.03222,40.64405],[-84.03219,40.64406],[-84.03216,40.64406],[-84.03212,40.64406],[-84.03209,40.64406],[-84.03203,40.64406],[-84.03192,40.64406],[-84.03147,40.64405],[-84.03025,40.64405],[-84.02903,40.64405],[-84.02768,40.64406],[-84.0267,40.64406],[-84.02524,40.64407],[-84.02458,40.64407],[-84.02376,40.64407],[-84.02291,40.64407],[-84.02177,40.64407],[-84.02103,40.64408],[-84.02061,40.64407],[-84.02007,40.64407],[-84.01952,40.64408],[-84.01897,40.64407],[-84.01842,40.64407],[-84.01787,40.64407],[-84.01732,40.64407],[-84.01677,40.64408],[-84.01585,40.64408],[-84.01314,40.64408],[-84.01213,40.64409],[-84.01171,40.64409],[-84.01096,40.64409],[-84.01087,40.64409],[-84.01001,40.64408],[-84.00915,40.64408],[-84.00884,40.64408],[-84.00827,40.64409],[-84.00744,40.64409],[-84.00728,40.64409],[-84.0066,40.64409],[-84.00576,40.64409],[-84.0049,40.64408],[-84.00426,40.64409],[-84.00319,40.64409],[-84.00242,40.6441],[-84.0018,40.6441],[-84.00057,40.6441],[-83.9992,40.64411],[-83.99668,40.64412],[-83.99559,40.64412],[-83.99518,40.64413],[-83.99408,40.64413],[-83.99408,40.64525],[-83.99409,40.6459],[-83.99409,40.6464],[-83.99408,40.64705],[-83.99408,40.64764],[-83.99406,40.64862],[-83.99406,40.64868],[-83.99406,40.64877],[-83.99407,40.65019],[-83.99407,40.65133],[-83.99411,40.65858],[-83.99407,40.66224],[-83.99394,40.67312],[-83.99389,40.68055],[-83.99384,40.68769],[-83.99384,40.68862],[-83.99384,40.68985],[-83.99385,40.69489],[-83.99386,40.69895],[-83.99408,40.70164],[-83.9942,40.7017],[-83.99442,40.70181],[-83.99517,40.70217],[-83.99586,40.70252],[-83.99655,40.70288],[-83.9972,40.70321],[-83.99783,40.70353],[-83.99863,40.70394],[-83.99871,40.70388],[-83.99875,40.70385],[-83.99875,40.70381],[-83.99875,40.70365],[-83.99875,40.70339],[-83.99875,40.70313],[-83.99878,40.70273],[-83.99877,40.70214],[-83.99927,40.70216],[-84.00014,40.70218],[-84.00101,40.70219],[-84.00154,40.70219],[-84.00243,40.7022],[-84.00262,40.7022],[-84.00269,40.7022],[-84.00323,40.70221],[-84.00404,40.70222],[-84.00945,40.70227],[-84.0113,40.70228],[-84.01291,40.70228],[-84.01456,40.70229],[-84.01678,40.7023],[-84.01796,40.7023],[-84.02038,40.7023],[-84.0208,40.7023],[-84.02153,40.7023],[-84.02232,40.7023],[-84.02534,40.70232],[-84.02548,40.70232],[-84.02765,40.70231],[-84.03241,40.70233],[-84.03687,40.70233],[-84.03733,40.70233],[-84.03841,40.70233],[-84.04168,40.70233],[-84.04266,40.70233],[-84.04334,40.70233],[-84.04646,40.70233],[-84.04668,40.70233],[-84.0479,40.70234],[-84.05047,40.70234],[-84.05154,40.70234],[-84.05282,40.70235],[-84.05303,40.70235],[-84.05328,40.70235],[-84.05369,40.70235],[-84.05433,40.70235],[-84.05569,40.70235],[-84.05649,40.70235],[-84.0581,40.70234],[-84.05886,40.70235],[-84.06042,40.70234],[-84.06121,40.70234],[-84.06202,40.70234],[-84.06283,40.70233],[-84.06444,40.70233],[-84.06524,40.70232],[-84.06602,40.70232],[-84.06632,40.70232],[-84.06676,40.70232],[-84.06754,40.70232],[-84.06758,40.70232],[-84.06869,40.70231],[-84.06918,40.70231],[-84.06949,40.70231],[-84.06967,40.70231],[-84.07003,40.70231],[-84.07022,40.70231],[-84.07072,40.7023],[-84.0707,40.70032],[-84.07069,40.69983],[-84.07068,40.6991],[-84.0707,40.69794],[-84.07066,40.69002],[-84.07065,40.68808],[-84.07065,40.68773],[-84.07065,40.68721],[-84.07065,40.68694],[-84.07065,40.68666],[-84.07065,40.68653],[-84.07066,40.68608],[-84.07067,40.68593],[-84.07067,40.68563],[-84.07067,40.6853],[-84.07065,40.68498],[-84.07064,40.68435],[-84.07064,40.68401],[-84.07064,40.68335],[-84.07064,40.68302],[-84.07066,40.68267],[-84.07067,40.68243],[-84.07067,40.68235],[-84.07067,40.68201],[-84.07067,40.68179],[-84.07067,40.68168],[-84.07067,40.68152],[-84.07067,40.68128],[-84.07068,40.68094],[-84.07068,40.68061],[-84.07067,40.68027],[-84.07067,40.67993],[-84.07067,40.6792],[-84.07067,40.67899],[-84.07065,40.67845],[-84.07062,40.67783],[-84.07061,40.6769],[-84.0706,40.67595],[-84.07061,40.67486],[-84.07063,40.674],[-84.07062,40.67332],[-84.07062,40.67281],[-84.0706,40.67225],[-84.07059,40.67172],[-84.07055,40.6706],[-84.07054,40.66998],[-84.07053,40.66959],[-84.07054,40.66884],[-84.07055,40.66869],[-84.07054,40.66804],[-84.07054,40.66774],[-84.07054,40.66757],[-84.07053,40.66708],[-84.07052,40.66671],[-84.07052,40.6663],[-84.0705,40.66581],[-84.07495,40.66581],[-84.07579,40.66581],[-84.07738,40.66579],[-84.07793,40.66579],[-84.07853,40.66579],[-84.07881,40.66579],[-84.07948,40.6658],[-84.07987,40.6658],[-84.08082,40.66579],[-84.08482,40.6658],[-84.085,40.6658],[-84.08969,40.66579],[-84.09144,40.66579],[-84.09192,40.66579],[-84.09275,40.66578],[-84.09335,40.66577],[-84.09429,40.66576],[-84.09463,40.66576],[-84.09672,40.66577],[-84.09691,40.66578],[-84.09861,40.66575],[-84.09925,40.66575],[-84.09932,40.66575],[-84.10024,40.66575],[-84.10031,40.66575],[-84.10097,40.66575],[-84.10159,40.66575],[-84.10238,40.66574],[-84.10796,40.66573]]]}},{"type":"Feature","properties":{"GEOID":"39003002AFB","NAME":"PERRY A","BASENAME":"PERRY A","VTD":"002AFB","POP100":1169,"HU100":612,"AREALAND":"20897355","CENTLAT":"+40.7168412","CENTLON":"-084.0329969"},"geometry":{"type":"Polygon","coordinates":[[[-84.07525,40.73069],[-84.07525,40.7306],[-84.07509,40.7306],[-84.07507,40.72871],[-84.07507,40.72866],[-84.07508,40.72859],[-84.07507,40.72821],[-84.07506,40.7272],[-84.07506,40.72715],[-84.07506,40.72661],[-84.07496,40.72322],[-84.07496,40.72301],[-84.07495,40.72292],[-84.07089,40.72258],[-84.07092,40.72182],[-84.07094,40.72121],[-84.07114,40.72121],[-84.07104,40.72118],[-84.07095,40.72115],[-84.07091,40.72112],[-84.07089,40.72108],[-84.07091,40.72032],[-84.07091,40.72001],[-84.0709,40.71897],[-84.07091,40.7185],[-84.07093,40.71805],[-84.07093,40.71797],[-84.07092,40.7175],[-84.07091,40.7171],[-84.07087,40.71711],[-84.07087,40.71695],[-84.07075,40.7169],[-84.07076,40.71657],[-84.07076,40.71526],[-84.07076,40.71488],[-84.07076,40.71453],[-84.07076,40.71436],[-84.07076,40.71414],[-84.07075,40.71386],[-84.07074,40.71337],[-84.07074,40.71314],[-84.07074,40.71284],[-84.07074,40.71233],[-84.07074,40.7118],[-84.07073,40.71127],[-84.07071,40.71024],[-84.07071,40.70972],[-84.07072,40.70921],[-84.07072,40.70873],[-84.07072,40.70857],[-84.07072,40.70775],[-84.07071,40.70727],[-84.07071,40.70675],[-84.07071,40.70624],[-84.07071,40.70547],[-84.07071,40.7052],[-84.07071,40.70506],[-84.07071,40.70468],[-84.07072,40.7043],[-84.07072,40.70396],[-84.07072,40.70391],[-84.07072,40.70377],[-84.07073,40.70363],[-84.07073,40.70312],[-84.07072,40.70287],[-84.07072,40.7023],[-84.07022,40.70231],[-84.07003,40.70231],[-84.06967,40.70231],[-84.06949,40.70231],[-84.06918,40.70231],[-84.06869,40.70231],[-84.06758,40.70232],[-84.06754,40.70232],[-84.06676,40.70232],[-84.06632,40.70232],[-84.06602,40.70232],[-84.06524,40.70232],[-84.06444,40.70233],[-84.06283,40.70233],[-84.06202,40.70234],[-84.06121,40.70234],[-84.06042,40.70234],[-84.05886,40.70235],[-84.0581,40.70234],[-84.05649,40.70235],[-84.05569,40.70235],[-84.05433,40.70235],[-84.05369,40.70235],[-84.05328,40.70235],[-84.05303,40.70235],[-84.05282,40.70235],[-84.05154,40.70234],[-84.05047,40.70234],[-84.0479,40.70234],[-84.04668,40.70233],[-84.04646,40.70233],[-84.04334,40.70233],[-84.04266,40.70233],[-84.04168,40.70233],[-84.03841,40.70233],[-84.03733,40.70233],[-84.03687,40.70233],[-84.03241,40.70233],[-84.02765,40.70231],[-84.02548,40.70232],[-84.02534,40.70232],[-84.02232,40.7023],[-84.02153,40.7023],[-84.0208,40.7023],[-84.02038,40.7023],[-84.01796,40.7023],[-84.01678,40.7023],[-84.01456,40.70229],[-84.01291,40.70228],[-84.0113,40.70228],[-84.00945,40.70227],[-84.00404,40.70222],[-84.00323,40.70221],[-84.00269,40.7022],[-84.00262,40.7022],[-84.00243,40.7022],[-84.00154,40.70219],[-84.00101,40.70219],[-84.00014,40.70218],[-83.99927,40.70216],[-83.99877,40.70214],[-83.99878,40.70273],[-83.99875,40.70313],[-83.99875,40.70339],[-83.99875,40.70365],[-83.99875,40.70381],[-83.99875,40.70385],[-83.99871,40.70388],[-83.99863,40.70394],[-83.99783,40.70353],[-83.9972,40.70321],[-83.99655,40.70288],[-83.99586,40.70252],[-83.99517,40.70217],[-83.99442,40.70181],[-83.9942,40.7017],[-83.99408,40.70164],[-83.99407,40.70198],[-83.99407,40.70226],[-83.99408,40.70304],[-83.99407,40.70328],[-83.99408,40.70389],[-83.99407,40.70487],[-83.99408,40.70567],[-83.99407,40.70578],[-83.99407,40.70617],[-83.99407,40.70644],[-83.99406,40.70696],[-83.99406,40.70865],[-83.99406,40.70906],[-83.99407,40.70949],[-83.99407,40.70979],[-83.99411,40.71126],[-83.99411,40.71188],[-83.99411,40.71297],[-83.99412,40.71377],[-83.99412,40.71433],[-83.99412,40.71486],[-83.99411,40.71576],[-83.99411,40.71605],[-83.99411,40.71625],[-83.99412,40.71665],[-83.99411,40.71678],[-83.99411,40.71685],[-83.99412,40.71694],[-83.99412,40.71708],[-83.99412,40.71747],[-83.99414,40.71906],[-83.99415,40.72131],[-83.99415,40.72156],[-83.99415,40.72174],[-83.99415,40.72212],[-83.99415,40.7224],[-83.99414,40.72256],[-83.99413,40.72299],[-83.99414,40.72342],[-83.99413,40.72384],[-83.99414,40.72404],[-83.99414,40.72426],[-83.99415,40.72469],[-83.99415,40.72511],[-83.99416,40.72555],[-83.99416,40.72608],[-83.99416,40.72641],[-83.99417,40.72683],[-83.99413,40.72753],[-83.99413,40.72813],[-83.99413,40.72885],[-83.99413,40.73025],[-83.99413,40.73113],[-83.99836,40.73113],[-83.99862,40.73112],[-84.00047,40.73112],[-84.00322,40.73112],[-84.00359,40.73112],[-84.00372,40.73112],[-84.01317,40.73112],[-84.01325,40.73113],[-84.02115,40.73112],[-84.02168,40.73112],[-84.02396,40.73112],[-84.02564,40.73113],[-84.02584,40.73114],[-84.02896,40.73113],[-84.0304,40.73113],[-84.03223,40.73112],[-84.03335,40.73112],[-84.03366,40.73112],[-84.03575,40.73109],[-84.03583,40.7311],[-84.03592,40.73109],[-84.03759,40.7311],[-84.03855,40.73108],[-84.03866,40.73108],[-84.03922,40.73107],[-84.04042,40.73106],[-84.04086,40.73105],[-84.04121,40.73104],[-84.0432,40.73102],[-84.04345,40.73101],[-84.04357,40.73101],[-84.04565,40.731],[-84.04589,40.73102],[-84.04629,40.73101],[-84.04655,40.73101],[-84.04682,40.73101],[-84.04747,40.73101],[-84.0502,40.73099],[-84.05061,40.73099],[-84.05147,40.73099],[-84.05165,40.73098],[-84.05169,40.73098],[-84.05417,40.73096],[-84.05471,40.73096],[-84.05741,40.73091],[-84.06082,40.73085],[-84.06169,40.73083],[-84.06364,40.73082],[-84.06384,40.73082],[-84.06503,40.73079],[-84.06504,40.73079],[-84.06558,40.73078],[-84.06694,40.73076],[-84.06841,40.73075],[-84.06962,40.73075],[-84.07073,40.73073],[-84.0708,40.73073],[-84.07089,40.73073],[-84.07203,40.73071],[-84.07331,40.73072],[-84.07443,40.73071],[-84.07525,40.73069]]]}},{"type":"Feature","properties":{"GEOID":"39003002AFC","NAME":"PERRY B","BASENAME":"PERRY B","VTD":"002AFC","POP100":1089,"HU100":469,"AREALAND":"14020914","CENTLAT":"+40.6882919","CENTLON":"-084.0877634"},"geometry":{"type":"MultiPolygon","coordinates":[[[[-84.1082,40.69506],[-84.1082,40.69422],[-84.10819,40.69362],[-84.10819,40.69087],[-84.10819,40.68982],[-84.10819,40.68977],[-84.10818,40.68913],[-84.10818,40.68877],[-84.10817,40.68841],[-84.10818,40.68804],[-84.10817,40.68767],[-84.10817,40.687],[-84.10818,40.68667],[-84.10817,40.68651],[-84.10817,40.68639],[-84.10817,40.68616],[-84.10817,40.68602],[-84.10817,40.68588],[-84.10817,40.68582],[-84.10817,40.68525],[-84.10816,40.68499],[-84.10816,40.68462],[-84.10815,40.68433],[-84.10815,40.68404],[-84.10814,40.68374],[-84.10814,40.68345],[-84.10814,40.68315],[-84.10814,40.68298],[-84.10814,40.68291],[-84.10814,40.68285],[-84.10815,40.68254],[-84.10816,40.68228],[-84.10816,40.68214],[-84.10816,40.682],[-84.10816,40.68189],[-84.10815,40.68146],[-84.10815,40.68122],[-84.10815,40.68098],[-84.10814,40.68056],[-84.10815,40.6804],[-84.10814,40.68026],[-84.10814,40.68012],[-84.10814,40.67978],[-84.10815,40.67944],[-84.10814,40.67913],[-84.10813,40.67877],[-84.10813,40.6784],[-84.10812,40.67755],[-84.10811,40.67743],[-84.10811,40.67707],[-84.10811,40.6765],[-84.1081,40.67607],[-84.1081,40.67595],[-84.10809,40.67509],[-84.10807,40.67469],[-84.10807,40.67463],[-84.10807,40.67442],[-84.10808,40.67421],[-84.10807,40.67398],[-84.10807,40.67371],[-84.10807,40.67326],[-84.10807,40.6731],[-84.10807,40.6727],[-84.10806,40.67224],[-84.10804,40.67139],[-84.10805,40.67096],[-84.10803,40.67065],[-84.10804,40.66997],[-84.10803,40.66944],[-84.10798,40.66709],[-84.10796,40.66573],[-84.10238,40.66574],[-84.10159,40.66575],[-84.10097,40.66575],[-84.10031,40.66575],[-84.10024,40.66575],[-84.09932,40.66575],[-84.09925,40.66575],[-84.09861,40.66575],[-84.09691,40.66578],[-84.09672,40.66577],[-84.09463,40.66576],[-84.09429,40.66576],[-84.09335,40.66577],[-84.09275,40.66578],[-84.09192,40.66579],[-84.09144,40.66579],[-84.08969,40.66579],[-84.085,40.6658],[-84.08482,40.6658],[-84.08082,40.66579],[-84.07987,40.6658],[-84.07948,40.6658],[-84.07881,40.66579],[-84.07853,40.66579],[-84.07793,40.66579],[-84.07738,40.66579],[-84.07579,40.66581],[-84.07495,40.66581],[-84.0705,40.66581],[-84.07052,40.6663],[-84.07052,40.66671],[-84.07053,40.66708],[-84.07054,40.66757],[-84.07054,40.66774],[-84.07054,40.66804],[-84.07055,40.66869],[-84.07054,40.66884],[-84.07053,40.66959],[-84.07054,40.66998],[-84.07055,40.6706],[-84.07059,40.67172],[-84.0706,40.67225],[-84.07062,40.67281],[-84.07062,40.67332],[-84.07063,40.674],[-84.07061,40.67486],[-84.0706,40.67595],[-84.07061,40.6769],[-84.07062,40.67783],[-84.07065,40.67845],[-84.07067,40.67899],[-84.07067,40.6792],[-84.07067,40.67993],[-84.07067,40.68027],[-84.07068,40.68061],[-84.07068,40.68094],[-84.07067,40.68128],[-84.07067,40.68152],[-84.07067,40.68168],[-84.07067,40.68179],[-84.07067,40.68201],[-84.07067,40.68235],[-84.07067,40.68243],[-84.07066,40.68267],[-84.07064,40.68302],[-84.07064,40.68335],[-84.07064,40.68401],[-84.07064,40.68435],[-84.07065,40.68498],[-84.07067,40.6853],[-84.07067,40.68563],[-84.07067,40.68593],[-84.07066,40.68608],[-84.07065,40.68653],[-84.07065,40.68666],[-84.07065,40.68694],[-84.07065,40.68721],[-84.07065,40.68773],[-84.07065,40.68808],[-84.07066,40.69002],[-84.0707,40.69794],[-84.07068,40.6991],[-84.07069,40.69983],[-84.0707,40.70032],[-84.07072,40.7023],[-84.07072,40.70287],[-84.07073,40.70312],[-84.07073,40.70363],[-84.07072,40.70377],[-84.07072,40.70391],[-84.07072,40.70396],[-84.07072,40.7043],[-84.07071,40.70468],[-84.07071,40.70506],[-84.07071,40.7052],[-84.07071,40.70547],[-84.07071,40.70624],[-84.07071,40.70675],[-84.07071,40.70727],[-84.07072,40.70775],[-84.07072,40.70857],[-84.07072,40.70873],[-84.07072,40.70921],[-84.07071,40.70972],[-84.07071,40.71024],[-84.07073,40.71127],[-84.07074,40.7118],[-84.07074,40.71233],[-84.07074,40.71284],[-84.07074,40.71314],[-84.07074,40.71337],[-84.07075,40.71386],[-84.07076,40.71414],[-84.07076,40.71436],[-84.07076,40.71453],[-84.07076,40.71488],[-84.07076,40.71526],[-84.07076,40.71657],[-84.07075,40.7169],[-84.07087,40.71695],[-84.07134,40.71694],[-84.0715,40.71696],[-84.07207,40.71701],[-84.07209,40.71702],[-84.07244,40.71704],[-84.07322,40.71714],[-84.07327,40.71714],[-84.07478,40.71733],[-84.07497,40.71733],[-84.07504,40.71733],[-84.07506,40.71733],[-84.07512,40.71733],[-84.07525,40.71733],[-84.07528,40.71733],[-84.07533,40.71733],[-84.07539,40.71733],[-84.07543,40.71733],[-84.07546,40.71733],[-84.07655,40.71732],[-84.07705,40.71732],[-84.07714,40.71732],[-84.07718,40.71732],[-84.07722,40.71732],[-84.07729,40.71733],[-84.07737,40.71734],[-84.07738,40.71818],[-84.07739,40.71865],[-84.07742,40.72048],[-84.07799,40.72046],[-84.07863,40.72045],[-84.07864,40.72029],[-84.07862,40.7188],[-84.07858,40.71707],[-84.07858,40.71687],[-84.07885,40.71686],[-84.07892,40.71686],[-84.07911,40.71685],[-84.07946,40.71685],[-84.08041,40.71685],[-84.08041,40.71718],[-84.08041,40.71732],[-84.0804,40.71746],[-84.0804,40.71775],[-84.0804,40.71789],[-84.0804,40.71804],[-84.0804,40.71818],[-84.0804,40.71832],[-84.0804,40.71848],[-84.0804,40.71862],[-84.0804,40.71877],[-84.0804,40.71891],[-84.0804,40.71906],[-84.08039,40.71921],[-84.08039,40.71935],[-84.08039,40.71965],[-84.08039,40.71994],[-84.08039,40.72009],[-84.08039,40.72024],[-84.08039,40.72039],[-84.08039,40.72055],[-84.08038,40.72085],[-84.08038,40.72104],[-84.08064,40.72103],[-84.08091,40.72102],[-84.08121,40.72102],[-84.08254,40.721],[-84.08274,40.72099],[-84.08273,40.71991],[-84.08273,40.71942],[-84.08273,40.71916],[-84.0827,40.7189],[-84.08271,40.71884],[-84.08248,40.71768],[-84.08242,40.71752],[-84.08233,40.71728],[-84.08223,40.71705],[-84.08213,40.71686],[-84.08207,40.71676],[-84.0823,40.71676],[-84.08241,40.71676],[-84.08447,40.71676],[-84.08498,40.71673],[-84.08499,40.71684],[-84.08508,40.71684],[-84.0851,40.71635],[-84.08522,40.71635],[-84.08522,40.71633],[-84.0866,40.71633],[-84.08699,40.71633],[-84.08735,40.71633],[-84.08777,40.71633],[-84.08892,40.71632],[-84.0891,40.71631],[-84.08933,40.71631],[-84.08951,40.71631],[-84.08951,40.71628],[-84.09049,40.71627],[-84.09097,40.71627],[-84.09293,40.71626],[-84.09346,40.71625],[-84.09396,40.71625],[-84.0947,40.71624],[-84.0947,40.71545],[-84.09471,40.71399],[-84.09472,40.71254],[-84.09472,40.7121],[-84.0947,40.71083],[-84.09465,40.70945],[-84.09286,40.7095],[-84.09274,40.70948],[-84.09232,40.70947],[-84.09206,40.70947],[-84.09113,40.70952],[-84.09026,40.70953],[-84.09013,40.70895],[-84.0901,40.70882],[-84.09004,40.70849],[-84.08999,40.70818],[-84.08996,40.70793],[-84.08995,40.7078],[-84.08991,40.7075],[-84.08991,40.70737],[-84.08989,40.7071],[-84.08988,40.70661],[-84.08987,40.70604],[-84.08987,40.70575],[-84.08986,40.70564],[-84.08987,40.7053],[-84.08987,40.70476],[-84.08987,40.70458],[-84.08987,40.70399],[-84.08987,40.70347],[-84.08988,40.7032],[-84.08987,40.70306],[-84.08987,40.70237],[-84.08987,40.70221],[-84.08897,40.70221],[-84.08862,40.70221],[-84.08695,40.70222],[-84.08656,40.70223],[-84.08588,40.70225],[-84.08541,40.70225],[-84.08534,40.70225],[-84.08535,40.70586],[-84.08525,40.70585],[-84.08523,40.70951],[-84.0851,40.70952],[-84.07856,40.70952],[-84.07739,40.70953],[-84.0756,40.70954],[-84.0756,40.70594],[-84.0756,40.70468],[-84.07559,40.70438],[-84.0756,40.70393],[-84.07567,40.70345],[-84.07579,40.70298],[-84.07592,40.70265],[-84.07598,40.70251],[-84.07616,40.70226],[-84.07734,40.70227],[-84.07833,40.70226],[-84.07843,40.70226],[-84.07872,40.70226],[-84.07951,40.70226],[-84.0798,40.70226],[-84.0802,40.70226],[-84.0803,40.70226],[-84.08032,40.70587],[-84.08293,40.70586],[-84.08308,40.70586],[-84.08307,40.70561],[-84.08307,40.70452],[-84.08306,40.70394],[-84.08306,40.70367],[-84.08388,40.70367],[-84.08406,40.70367],[-84.08405,40.70225],[-84.08456,40.70225],[-84.08465,40.70225],[-84.08493,40.70225],[-84.08503,40.70225],[-84.08502,40.702],[-84.08501,40.7008],[-84.08499,40.69965],[-84.08499,40.69942],[-84.08512,40.69942],[-84.08532,40.69942],[-84.08569,40.69941],[-84.08645,40.69941],[-84.08679,40.69941],[-84.0878,40.6994],[-84.08932,40.69959],[-84.08956,40.69967],[-84.08966,40.70046],[-84.08967,40.70049],[-84.08971,40.70058],[-84.08974,40.70068],[-84.08975,40.70074],[-84.08975,40.70076],[-84.08975,40.70088],[-84.08986,40.70088],[-84.08986,40.70065],[-84.08986,40.69977],[-84.08986,40.69956],[-84.08987,40.69908],[-84.08987,40.69905],[-84.08986,40.69888],[-84.08986,40.69885],[-84.08986,40.69845],[-84.08986,40.6984],[-84.08986,40.69825],[-84.08985,40.69808],[-84.08985,40.69764],[-84.08985,40.6974],[-84.08985,40.69733],[-84.08984,40.69728],[-84.08985,40.69698],[-84.08984,40.69672],[-84.08984,40.69666],[-84.08984,40.69635],[-84.08984,40.69616],[-84.08984,40.69577],[-84.08984,40.69545],[-84.08984,40.69509],[-84.08984,40.69494],[-84.08984,40.69478],[-84.08984,40.69462],[-84.08984,40.69419],[-84.08984,40.69357],[-84.08984,40.69347],[-84.08983,40.69324],[-84.08983,40.69299],[-84.08983,40.69271],[-84.08983,40.69254],[-84.08983,40.69245],[-84.08983,40.69189],[-84.08983,40.6916],[-84.08982,40.6913],[-84.08982,40.69109],[-84.08982,40.69074],[-84.08982,40.69046],[-84.08982,40.69018],[-84.08981,40.69],[-84.0898,40.68967],[-84.08981,40.68939],[-84.08982,40.68931],[-84.08982,40.68922],[-84.08982,40.68879],[-84.08981,40.68842],[-84.08981,40.6884],[-84.08981,40.68838],[-84.09084,40.68827],[-84.09084,40.68772],[-84.09175,40.68771],[-84.09254,40.68772],[-84.09328,40.68772],[-84.09387,40.68772],[-84.095,40.6877],[-84.09574,40.6877],[-84.09618,40.6877],[-84.09675,40.6877],[-84.09775,40.68769],[-84.09874,40.68768],[-84.09972,40.68768],[-84.10033,40.68767],[-84.10069,40.68767],[-84.10074,40.68811],[-84.10079,40.6887],[-84.101,40.68871],[-84.10226,40.6887],[-84.10226,40.68895],[-84.10226,40.68902],[-84.10226,40.6891],[-84.10227,40.69332],[-84.10226,40.69495],[-84.10226,40.69509],[-84.10392,40.69507],[-84.10412,40.69507],[-84.10483,40.69507],[-84.10581,40.69507],[-84.10695,40.69508],[-84.10746,40.6951],[-84.10794,40.6951],[-84.1082,40.69513],[-84.1082,40.69508],[-84.1082,40.69506]]],[[[-84.1083,40.7095],[-84.10829,40.70853],[-84.10827,40.70769],[-84.10826,40.70734],[-84.10825,40.70688],[-84.10825,40.70606],[-84.10823,40.70522],[-84.10824,40.70437],[-84.10824,40.70355],[-84.10822,40.70222],[-84.10822,40.70117],[-84.10822,40.69884],[-84.10822,40.69864],[-84.10822,40.69861],[-84.10822,40.6985],[-84.10821,40.69776],[-84.10821,40.69744],[-84.10812,40.69744],[-84.10812,40.69795],[-84.10739,40.69814],[-84.10637,40.69839],[-84.1059,40.69842],[-84.10431,40.69852],[-84.10347,40.69852],[-84.1018,40.69852],[-84.10106,40.69853],[-84.10071,40.69853],[-84.09999,40.69853],[-84.09944,40.69853],[-84.09764,40.69854],[-84.09641,40.69854],[-84.09507,40.69855],[-84.0946,40.69855],[-84.0946,40.69871],[-84.0946,40.69882],[-84.09459,40.69885],[-84.0946,40.69905],[-84.0946,40.69909],[-84.0946,40.69916],[-84.09599,40.69916],[-84.09827,40.69915],[-84.09851,40.69915],[-84.09911,40.69914],[-84.09912,40.69929],[-84.09911,40.70073],[-84.09912,40.70221],[-84.09945,40.70221],[-84.09945,40.70282],[-84.09946,40.70454],[-84.09947,40.70694],[-84.09948,40.70947],[-84.09955,40.70947],[-84.10015,40.70946],[-84.10086,40.70946],[-84.10223,40.70946],[-84.10392,40.70946],[-84.10532,40.70946],[-84.10597,40.70946],[-84.10609,40.70946],[-84.10626,40.70945],[-84.10641,40.70946],[-84.10666,40.70947],[-84.10704,40.70949],[-84.1083,40.7095]]]]}},{"type":"Feature","properties":{"GEOID":"39003002AFE","NAME":"BEAVERDAM","BASENAME":"BEAVERDAM","VTD":"002AFE","POP100":319,"HU100":151,"AREALAND":"1631420","CENTLAT":"+40.8327998","CENTLON":"-083.9737883"},"geometry":{"type":"Polygon","coordinates":[[[-83.98537,40.83648],[-83.98537,40.83642],[-83.98536,40.83638],[-83.98535,40.83458],[-83.98533,40.83283],[-83.98529,40.83117],[-83.98527,40.83062],[-83.98524,40.82919],[-83.98267,40.82923],[-83.98255,40.82923],[-83.98166,40.82925],[-83.98068,40.82926],[-83.979,40.82928],[-83.97659,40.82931],[-83.97575,40.82933],[-83.97506,40.82933],[-83.97505,40.82898],[-83.9743,40.82899],[-83.97376,40.8288],[-83.97215,40.82822],[-83.97067,40.82816],[-83.96943,40.82812],[-83.96889,40.82813],[-83.96818,40.82816],[-83.96798,40.82817],[-83.96761,40.8282],[-83.96718,40.82825],[-83.96685,40.8283],[-83.96646,40.82839],[-83.96619,40.82846],[-83.96554,40.82868],[-83.96536,40.82876],[-83.9652,40.82883],[-83.9649,40.82898],[-83.96483,40.82901],[-83.96428,40.82934],[-83.96414,40.82942],[-83.96397,40.82953],[-83.96385,40.82962],[-83.9637,40.82975],[-83.96356,40.82989],[-83.96344,40.83002],[-83.96333,40.83016],[-83.96329,40.83023],[-83.96319,40.83039],[-83.96308,40.83063],[-83.963,40.83092],[-83.96297,40.83116],[-83.96296,40.83133],[-83.96298,40.8315],[-83.96349,40.83319],[-83.96447,40.83313],[-83.96487,40.83312],[-83.96486,40.83324],[-83.96423,40.8333],[-83.96352,40.83337],[-83.96259,40.83434],[-83.96229,40.83465],[-83.96231,40.83503],[-83.96221,40.83511],[-83.96212,40.8352],[-83.9621,40.83534],[-83.96194,40.83542],[-83.96188,40.83556],[-83.96185,40.83567],[-83.96182,40.83584],[-83.96172,40.83675],[-83.96172,40.83685],[-83.96368,40.83681],[-83.96484,40.83679],[-83.96506,40.83678],[-83.96572,40.83677],[-83.96584,40.83677],[-83.96618,40.83676],[-83.96622,40.83676],[-83.96623,40.83676],[-83.96628,40.83676],[-83.9666,40.83675],[-83.96705,40.83674],[-83.96779,40.83673],[-83.96791,40.83672],[-83.9687,40.83671],[-83.96958,40.83669],[-83.97124,40.83667],[-83.97135,40.83667],[-83.97313,40.83665],[-83.9758,40.83661],[-83.97582,40.83661],[-83.9766,40.8366],[-83.98003,40.83656],[-83.9836,40.83651],[-83.98537,40.83648]]]}},{"type":"Feature","properties":{"GEOID":"39003002AFF","NAME":"RICHLAND A","BASENAME":"RICHLAND A","VTD":"002AFF","POP100":902,"HU100":358,"AREALAND":"51715888","CENTLAT":"+40.8449569","CENTLON":"-083.9319544"},"geometry":{"type":"Polygon","coordinates":[[[-83.99483,40.8615],[-83.99484,40.8612],[-83.99482,40.86016],[-83.99482,40.85925],[-83.99482,40.85854],[-83.9948,40.85658],[-83.99478,40.85537],[-83.99478,40.85472],[-83.99477,40.85402],[-83.99476,40.85365],[-83.99475,40.85279],[-83.99475,40.8525],[-83.99474,40.85108],[-83.99472,40.85007],[-83.99471,40.84749],[-83.99471,40.84748],[-83.99469,40.84577],[-83.99468,40.84481],[-83.99468,40.84424],[-83.99468,40.84332],[-83.99469,40.84248],[-83.99468,40.84228],[-83.99468,40.84175],[-83.99467,40.84143],[-83.99466,40.84104],[-83.99466,40.8401],[-83.99465,40.83943],[-83.99464,40.83908],[-83.99462,40.83352],[-83.99462,40.83327],[-83.99462,40.83267],[-83.99461,40.83152],[-83.99459,40.8292],[-83.99458,40.82871],[-83.99458,40.82813],[-83.99455,40.82496],[-83.99455,40.82473],[-83.99454,40.82409],[-83.99438,40.824],[-83.99435,40.82327],[-83.99439,40.82275],[-83.99444,40.8223],[-83.99444,40.82205],[-83.9946,40.82191],[-83.99461,40.8219],[-83.99461,40.8213],[-83.99459,40.82093],[-83.99457,40.82067],[-83.99457,40.82065],[-83.99445,40.81962],[-83.99444,40.8186],[-83.99444,40.81845],[-83.99434,40.81805],[-83.99082,40.81799],[-83.98999,40.81799],[-83.98524,40.81802],[-83.97647,40.8182],[-83.97564,40.81822],[-83.96137,40.81843],[-83.95725,40.81851],[-83.95184,40.81865],[-83.94599,40.81874],[-83.93746,40.81909],[-83.93703,40.8191],[-83.93636,40.81911],[-83.93488,40.81913],[-83.93396,40.81914],[-83.93264,40.81914],[-83.92741,40.81912],[-83.90872,40.81953],[-83.90836,40.81954],[-83.90781,40.81955],[-83.9077,40.81955],[-83.90706,40.81956],[-83.90528,40.81959],[-83.8991,40.81968],[-83.8933,40.81976],[-83.89133,40.81978],[-83.88363,40.81987],[-83.88006,40.81992],[-83.8801,40.82176],[-83.8801,40.822],[-83.88014,40.82481],[-83.88014,40.82545],[-83.88013,40.82748],[-83.88014,40.82772],[-83.88014,40.82878],[-83.88015,40.83089],[-83.88017,40.83229],[-83.88017,40.83242],[-83.88017,40.83245],[-83.88018,40.83438],[-83.88018,40.83535],[-83.88018,40.83616],[-83.88019,40.83742],[-83.88019,40.83938],[-83.8802,40.84088],[-83.8802,40.84228],[-83.8802,40.84354],[-83.8802,40.84435],[-83.8802,40.84716],[-83.8802,40.84799],[-83.88021,40.84837],[-83.88021,40.84886],[-83.88021,40.84984],[-83.88021,40.85008],[-83.88022,40.85431],[-83.88023,40.85727],[-83.88025,40.86127],[-83.88025,40.86151],[-83.88025,40.86226],[-83.88025,40.86248],[-83.88026,40.86335],[-83.88026,40.86348],[-83.88026,40.86354],[-83.88026,40.86411],[-83.88026,40.86564],[-83.88026,40.86638],[-83.88027,40.86753],[-83.88027,40.86884],[-83.8803,40.87064],[-83.88029,40.8719],[-83.88029,40.87354],[-83.88028,40.87382],[-83.88028,40.8746],[-83.88028,40.87462],[-83.88028,40.87484],[-83.88028,40.87508],[-83.88028,40.8752],[-83.88029,40.87555],[-83.88029,40.87649],[-83.88028,40.87689],[-83.88028,40.87786],[-83.88028,40.87794],[-83.88029,40.87836],[-83.88029,40.87885],[-83.8803,40.87984],[-83.8803,40.88006],[-83.8803,40.88008],[-83.8803,40.88103],[-83.8803,40.88142],[-83.8803,40.88154],[-83.88153,40.88154],[-83.8889,40.88178],[-83.89025,40.8818],[-83.89023,40.88012],[-83.89011,40.87738],[-83.89041,40.87739],[-83.8914,40.87744],[-83.89382,40.87755],[-83.89448,40.87758],[-83.89818,40.87775],[-83.89817,40.87728],[-83.89829,40.87728],[-83.89887,40.8773],[-83.89887,40.87686],[-83.89982,40.87688],[-83.89981,40.87675],[-83.89981,40.87619],[-83.8998,40.87603],[-83.9046,40.87595],[-83.90461,40.87773],[-83.90476,40.87773],[-83.9048,40.87899],[-83.90481,40.87904],[-83.90416,40.87949],[-83.90383,40.87969],[-83.90362,40.87981],[-83.90344,40.8799],[-83.90302,40.88008],[-83.90267,40.88016],[-83.90205,40.88057],[-83.90195,40.88064],[-83.90178,40.88069],[-83.90006,40.88075],[-83.89983,40.88076],[-83.89981,40.88105],[-83.89983,40.88238],[-83.89983,40.88265],[-83.89984,40.88287],[-83.89984,40.88302],[-83.89984,40.88343],[-83.89984,40.88349],[-83.89984,40.88359],[-83.90038,40.88324],[-83.90067,40.88305],[-83.90236,40.88196],[-83.90649,40.87929],[-83.90704,40.87971],[-83.90763,40.87932],[-83.90908,40.88042],[-83.91054,40.87932],[-83.91065,40.87924],[-83.91223,40.87805],[-83.91285,40.87759],[-83.91301,40.87746],[-83.91326,40.87728],[-83.91327,40.87727],[-83.91362,40.87701],[-83.91418,40.87658],[-83.91497,40.87598],[-83.91518,40.87582],[-83.9161,40.87511],[-83.91633,40.87493],[-83.91726,40.87423],[-83.91753,40.87401],[-83.91809,40.87354],[-83.9185,40.87319],[-83.91887,40.87289],[-83.91916,40.87266],[-83.92087,40.87135],[-83.92186,40.8706],[-83.92253,40.87009],[-83.92325,40.87008],[-83.92549,40.87005],[-83.92839,40.87002],[-83.92964,40.86999],[-83.93097,40.86995],[-83.93232,40.86993],[-83.93367,40.86992],[-83.93511,40.86991],[-83.93683,40.86987],[-83.93783,40.86986],[-83.93804,40.86985],[-83.93802,40.86883],[-83.938,40.86526],[-83.93799,40.86455],[-83.93797,40.86258],[-83.93933,40.86255],[-83.9428,40.8625],[-83.9449,40.86244],[-83.94711,40.86241],[-83.94741,40.86241],[-83.94937,40.86238],[-83.95189,40.86235],[-83.95258,40.86233],[-83.95389,40.86232],[-83.95698,40.86228],[-83.9578,40.86226],[-83.95907,40.86223],[-83.96031,40.86222],[-83.96183,40.86221],[-83.96374,40.86219],[-83.96401,40.86219],[-83.96525,40.86217],[-83.96663,40.86215],[-83.96896,40.86212],[-83.97156,40.86209],[-83.97609,40.86204],[-83.9761,40.86204],[-83.97728,40.86201],[-83.97889,40.86199],[-83.98,40.86197],[-83.98023,40.86197],[-83.98178,40.86195],[-83.98612,40.86191],[-83.98823,40.86188],[-83.98982,40.86185],[-83.99314,40.86181],[-83.99483,40.86177],[-83.99483,40.8615]],[[-83.98537,40.83642],[-83.98537,40.83648],[-83.9836,40.83651],[-83.98003,40.83656],[-83.9766,40.8366],[-83.97582,40.83661],[-83.9758,40.83661],[-83.97313,40.83665],[-83.97135,40.83667],[-83.97124,40.83667],[-83.96958,40.83669],[-83.9687,40.83671],[-83.96791,40.83672],[-83.96779,40.83673],[-83.96705,40.83674],[-83.9666,40.83675],[-83.96628,40.83676],[-83.96623,40.83676],[-83.96622,40.83676],[-83.96618,40.83676],[-83.96584,40.83677],[-83.96572,40.83677],[-83.96506,40.83678],[-83.96484,40.83679],[-83.96368,40.83681],[-83.96172,40.83685],[-83.96172,40.83675],[-83.96182,40.83584],[-83.96185,40.83567],[-83.96188,40.83556],[-83.96194,40.83542],[-83.9621,40.83534],[-83.96212,40.8352],[-83.96221,40.83511],[-83.96231,40.83503],[-83.96229,40.83465],[-83.96259,40.83434],[-83.96352,40.83337],[-83.96423,40.8333],[-83.96486,40.83324],[-83.96487,40.83312],[-83.96447,40.83313],[-83.96349,40.83319],[-83.96298,40.8315],[-83.96296,40.83133],[-83.96297,40.83116],[-83.963,40.83092],[-83.96308,40.83063],[-83.96319,40.83039],[-83.96329,40.83023],[-83.96333,40.83016],[-83.96344,40.83002],[-83.96356,40.82989],[-83.9637,40.82975],[-83.96385,40.82962],[-83.96397,40.82953],[-83.96414,40.82942],[-83.96428,40.82934],[-83.96483,40.82901],[-83.9649,40.82898],[-83.9652,40.82883],[-83.96536,40.82876],[-83.96554,40.82868],[-83.96619,40.82846],[-83.96646,40.82839],[-83.96685,40.8283],[-83.96718,40.82825],[-83.96761,40.8282],[-83.96798,40.82817],[-83.96818,40.82816],[-83.96889,40.82813],[-83.96943,40.82812],[-83.97067,40.82816],[-83.97215,40.82822],[-83.97376,40.8288],[-83.9743,40.82899],[-83.97505,40.82898],[-83.97506,40.82933],[-83.97575,40.82933],[-83.97659,40.82931],[-83.979,40.82928],[-83.98068,40.82926],[-83.98166,40.82925],[-83.98255,40.82923],[-83.98267,40.82923],[-83.98524,40.82919],[-83.98527,40.83062],[-83.98529,40.83117],[-83.98533,40.83283],[-83.98535,40.83458],[-83.98536,40.83638],[-83.98537,40.83642]]]}},{"type":"Feature","properties":{"GEOID":"39003002AFG","NAME":"RICHLAND B","BASENAME":"RICHLAND B","VTD":"002AFG","POP100":887,"HU100":333,"AREALAND":"47927528","CENTLAT":"+40.8942876","CENTLON":"-083.9486634"},"geometry":{"type":"MultiPolygon","coordinates":[[[[-83.99529,40.91228],[-83.99524,40.91184],[-83.99519,40.91148],[-83.99519,40.91103],[-83.99518,40.90667],[-83.99517,40.90507],[-83.99515,40.90247],[-83.9951,40.89572],[-83.99506,40.89072],[-83.99494,40.88444],[-83.99494,40.88423],[-83.99502,40.87679],[-83.99502,40.87639],[-83.99502,40.87616],[-83.99503,40.87505],[-83.995,40.87388],[-83.99488,40.86932],[-83.99488,40.8692],[-83.99486,40.8691],[-83.99488,40.8689],[-83.99489,40.86874],[-83.99489,40.86843],[-83.99487,40.86745],[-83.99487,40.86623],[-83.99484,40.86291],[-83.99484,40.86258],[-83.99484,40.86222],[-83.99486,40.86208],[-83.99484,40.86198],[-83.99484,40.86193],[-83.99483,40.86177],[-83.99314,40.86181],[-83.98982,40.86185],[-83.98823,40.86188],[-83.98612,40.86191],[-83.98178,40.86195],[-83.98023,40.86197],[-83.98,40.86197],[-83.97889,40.86199],[-83.97728,40.86201],[-83.9761,40.86204],[-83.97609,40.86204],[-83.97156,40.86209],[-83.96896,40.86212],[-83.96663,40.86215],[-83.96525,40.86217],[-83.96401,40.86219],[-83.96374,40.86219],[-83.96183,40.86221],[-83.96031,40.86222],[-83.95907,40.86223],[-83.9578,40.86226],[-83.95698,40.86228],[-83.95389,40.86232],[-83.95258,40.86233],[-83.95189,40.86235],[-83.94937,40.86238],[-83.94741,40.86241],[-83.94711,40.86241],[-83.9449,40.86244],[-83.9428,40.8625],[-83.93933,40.86255],[-83.93797,40.86258],[-83.93799,40.86455],[-83.938,40.86526],[-83.93802,40.86883],[-83.93804,40.86985],[-83.93783,40.86986],[-83.93683,40.86987],[-83.93511,40.86991],[-83.93367,40.86992],[-83.93232,40.86993],[-83.93097,40.86995],[-83.92964,40.86999],[-83.92839,40.87002],[-83.92549,40.87005],[-83.92325,40.87008],[-83.92253,40.87009],[-83.92186,40.8706],[-83.92087,40.87135],[-83.91916,40.87266],[-83.91887,40.87289],[-83.9185,40.87319],[-83.91809,40.87354],[-83.91753,40.87401],[-83.91726,40.87423],[-83.91633,40.87493],[-83.9161,40.87511],[-83.91518,40.87582],[-83.91497,40.87598],[-83.91418,40.87658],[-83.91362,40.87701],[-83.91327,40.87727],[-83.91326,40.87728],[-83.91301,40.87746],[-83.91285,40.87759],[-83.91223,40.87805],[-83.91065,40.87924],[-83.91054,40.87932],[-83.90908,40.88042],[-83.909,40.88048],[-83.90866,40.88074],[-83.9083,40.88101],[-83.90905,40.88159],[-83.9097,40.88209],[-83.90921,40.88246],[-83.90855,40.88195],[-83.90821,40.88222],[-83.90993,40.88353],[-83.90989,40.88357],[-83.90985,40.88358],[-83.90978,40.88359],[-83.90972,40.8836],[-83.90961,40.88361],[-83.90953,40.88361],[-83.90948,40.88361],[-83.90941,40.88361],[-83.9093,40.88362],[-83.90919,40.88362],[-83.90911,40.88363],[-83.90903,40.88363],[-83.90898,40.88362],[-83.90889,40.88362],[-83.90881,40.8836],[-83.90877,40.88359],[-83.90867,40.88354],[-83.90857,40.8835],[-83.9085,40.88349],[-83.90838,40.88348],[-83.90829,40.8835],[-83.90823,40.88353],[-83.90815,40.88356],[-83.90804,40.8836],[-83.90777,40.88339],[-83.907,40.88371],[-83.9068,40.88379],[-83.90625,40.88421],[-83.90619,40.88426],[-83.90564,40.88468],[-83.90535,40.8849],[-83.90525,40.88498],[-83.90577,40.88538],[-83.90558,40.88559],[-83.90535,40.88585],[-83.90526,40.88632],[-83.90461,40.88648],[-83.90403,40.88663],[-83.90357,40.8871],[-83.90338,40.88723],[-83.9031,40.88744],[-83.90297,40.88767],[-83.90255,40.888],[-83.90199,40.88842],[-83.90197,40.88844],[-83.90198,40.88891],[-83.90219,40.88937],[-83.90183,40.89021],[-83.90162,40.89047],[-83.9013,40.8909],[-83.901,40.89113],[-83.90076,40.89131],[-83.90076,40.89145],[-83.90076,40.89162],[-83.90077,40.89223],[-83.90077,40.89235],[-83.90189,40.89234],[-83.9039,40.89229],[-83.90483,40.89226],[-83.90481,40.89472],[-83.90482,40.8959],[-83.90485,40.89952],[-83.90503,40.89952],[-83.90636,40.8995],[-83.90728,40.89948],[-83.90731,40.89948],[-83.90965,40.89945],[-83.90961,40.89727],[-83.90954,40.89306],[-83.91426,40.89299],[-83.91431,40.8931],[-83.91651,40.89306],[-83.91651,40.89265],[-83.91844,40.89262],[-83.91845,40.89278],[-83.91872,40.89278],[-83.91911,40.89277],[-83.91915,40.89548],[-83.91915,40.89573],[-83.91915,40.89577],[-83.91781,40.89579],[-83.91787,40.89874],[-83.91919,40.89872],[-83.9192,40.89928],[-83.91708,40.89931],[-83.91448,40.89936],[-83.91434,40.89936],[-83.91429,40.89936],[-83.91437,40.90448],[-83.9144,40.90567],[-83.91006,40.90572],[-83.90996,40.90572],[-83.90989,40.90572],[-83.9096,40.90576],[-83.9096,40.90258],[-83.90652,40.90261],[-83.90636,40.90262],[-83.90501,40.90261],[-83.90487,40.90261],[-83.9014,40.90263],[-83.90017,40.90265],[-83.90017,40.90273],[-83.90018,40.90318],[-83.90018,40.90342],[-83.90019,40.90358],[-83.9002,40.90391],[-83.90021,40.90406],[-83.9002,40.90425],[-83.9002,40.90448],[-83.90021,40.90471],[-83.90021,40.90487],[-83.90021,40.90513],[-83.90021,40.90518],[-83.90022,40.9054],[-83.90022,40.90562],[-83.90022,40.90574],[-83.90022,40.90585],[-83.8949,40.90586],[-83.8949,40.90575],[-83.8949,40.90574],[-83.89461,40.90547],[-83.89438,40.90525],[-83.89419,40.90521],[-83.89379,40.90484],[-83.89359,40.90454],[-83.89371,40.90399],[-83.8939,40.90376],[-83.89411,40.90347],[-83.89417,40.90338],[-83.8943,40.90319],[-83.8942,40.90307],[-83.89352,40.90225],[-83.89308,40.90172],[-83.8928,40.90151],[-83.8927,40.90151],[-83.89215,40.90153],[-83.89028,40.90158],[-83.89028,40.9016],[-83.8903,40.9018],[-83.8903,40.90195],[-83.8903,40.90202],[-83.8903,40.90205],[-83.8903,40.9021],[-83.89,40.90148],[-83.88969,40.90136],[-83.89007,40.90222],[-83.8903,40.90272],[-83.89029,40.90279],[-83.89029,40.90284],[-83.89029,40.90288],[-83.89029,40.90302],[-83.89028,40.90358],[-83.89028,40.90362],[-83.89031,40.9038],[-83.89031,40.90409],[-83.89032,40.90417],[-83.89032,40.90425],[-83.89032,40.90444],[-83.89032,40.90468],[-83.89032,40.9049],[-83.89031,40.90509],[-83.89032,40.90531],[-83.89032,40.90553],[-83.89032,40.90575],[-83.89031,40.90577],[-83.89027,40.9058],[-83.8902,40.90584],[-83.89015,40.90587],[-83.89012,40.90589],[-83.89007,40.90594],[-83.88425,40.90592],[-83.8804,40.90591],[-83.88041,40.90775],[-83.88041,40.90831],[-83.88041,40.90961],[-83.88041,40.91247],[-83.88042,40.91768],[-83.88042,40.91831],[-83.88042,40.91885],[-83.88042,40.9197],[-83.88042,40.92043],[-83.88055,40.92043],[-83.88081,40.92043],[-83.88129,40.92042],[-83.88189,40.92042],[-83.88253,40.92042],[-83.88284,40.92042],[-83.88323,40.92042],[-83.88366,40.92041],[-83.88412,40.92041],[-83.88456,40.92041],[-83.88502,40.92041],[-83.88552,40.92041],[-83.88571,40.92041],[-83.88603,40.9204],[-83.88669,40.92041],[-83.88715,40.9204],[-83.88749,40.9204],[-83.88794,40.9204],[-83.8882,40.9204],[-83.88856,40.9204],[-83.88886,40.9204],[-83.88919,40.9204],[-83.88957,40.9204],[-83.88983,40.9204],[-83.89042,40.9204],[-83.89074,40.92039],[-83.89105,40.92039],[-83.89151,40.92039],[-83.89175,40.92039],[-83.89201,40.92039],[-83.89241,40.92039],[-83.89275,40.92038],[-83.89311,40.92038],[-83.89342,40.92038],[-83.89391,40.92038],[-83.89426,40.92037],[-83.89451,40.92037],[-83.89488,40.92037],[-83.89525,40.92037],[-83.89558,40.92036],[-83.89593,40.92037],[-83.89628,40.92036],[-83.89662,40.92036],[-83.897,40.92036],[-83.89736,40.92035],[-83.89773,40.92035],[-83.89811,40.92035],[-83.89848,40.92034],[-83.89907,40.92035],[-83.89924,40.92035],[-83.89951,40.92035],[-83.89955,40.92035],[-83.8996,40.92034],[-83.90058,40.92034],[-83.90259,40.92033],[-83.90281,40.92033],[-83.9044,40.92032],[-83.90688,40.92032],[-83.90787,40.92031],[-83.909,40.92031],[-83.91441,40.9203],[-83.91443,40.9203],[-83.91453,40.9203],[-83.91455,40.9203],[-83.915,40.9203],[-83.91531,40.9203],[-83.91541,40.9203],[-83.91598,40.9203],[-83.91712,40.9203],[-83.91847,40.9203],[-83.91865,40.92029],[-83.91935,40.92029],[-83.92007,40.92029],[-83.92036,40.92029],[-83.92153,40.92029],[-83.92442,40.9203],[-83.9248,40.9203],[-83.926,40.9203],[-83.92631,40.9203],[-83.92971,40.9203],[-83.93178,40.9203],[-83.93246,40.9203],[-83.93352,40.92029],[-83.93639,40.92027],[-83.93774,40.92026],[-83.93964,40.92026],[-83.94236,40.92024],[-83.94255,40.92023],[-83.94596,40.92022],[-83.94645,40.92021],[-83.94732,40.92021],[-83.94805,40.9202],[-83.94922,40.9202],[-83.94981,40.9202],[-83.94999,40.9202],[-83.95047,40.92019],[-83.95081,40.92019],[-83.9509,40.92019],[-83.95694,40.92019],[-83.96016,40.92014],[-83.96157,40.92012],[-83.96449,40.92008],[-83.96465,40.92007],[-83.96485,40.92007],[-83.96526,40.92006],[-83.96647,40.92004],[-83.96649,40.92004],[-83.96704,40.92004],[-83.96828,40.92003],[-83.97134,40.91999],[-83.97374,40.91996],[-83.97397,40.91996],[-83.97445,40.91996],[-83.97608,40.91994],[-83.97611,40.91994],[-83.98456,40.91989],[-83.99327,40.91985],[-83.99523,40.91984],[-83.99523,40.91971],[-83.99523,40.91961],[-83.99523,40.91942],[-83.99522,40.91885],[-83.99521,40.91763],[-83.99521,40.91704],[-83.99521,40.91644],[-83.99521,40.91598],[-83.99521,40.91552],[-83.99521,40.91503],[-83.99521,40.91401],[-83.99523,40.91364],[-83.99523,40.9136],[-83.99529,40.91228]]],[[[-83.88039,40.90128],[-83.88281,40.89947],[-83.88038,40.89886],[-83.88039,40.89966],[-83.88039,40.90122],[-83.88039,40.90128]]]]}},{"type":"Feature","properties":{"GEOID":"39003002AFI","NAME":"BLUFFTON A","BASENAME":"BLUFFTON A","VTD":"002AFI","POP100":1201,"HU100":481,"AREALAND":"2343042","CENTLAT":"+40.9003783","CENTLON":"-083.8999097"},"geometry":{"type":"Polygon","coordinates":[[[-83.9192,40.89928],[-83.91919,40.89872],[-83.91787,40.89874],[-83.91781,40.89579],[-83.91915,40.89577],[-83.91915,40.89573],[-83.91915,40.89548],[-83.91911,40.89277],[-83.91872,40.89278],[-83.91845,40.89278],[-83.91844,40.89262],[-83.91651,40.89265],[-83.91651,40.89306],[-83.91431,40.8931],[-83.91426,40.89299],[-83.90954,40.89306],[-83.90961,40.89727],[-83.90965,40.89945],[-83.90731,40.89948],[-83.90728,40.89948],[-83.90636,40.8995],[-83.90503,40.89952],[-83.90485,40.89952],[-83.90088,40.89961],[-83.90069,40.89961],[-83.90053,40.89962],[-83.90022,40.89961],[-83.90012,40.8996],[-83.90007,40.8996],[-83.89926,40.89956],[-83.89904,40.89955],[-83.89882,40.89953],[-83.8984,40.89951],[-83.89786,40.89949],[-83.89763,40.89947],[-83.89703,40.89944],[-83.89666,40.89942],[-83.89656,40.89941],[-83.89646,40.89938],[-83.89639,40.89935],[-83.89629,40.89929],[-83.89627,40.89927],[-83.89616,40.89918],[-83.89586,40.89895],[-83.8956,40.89877],[-83.89538,40.89859],[-83.89531,40.89854],[-83.89524,40.89849],[-83.89511,40.8984],[-83.89504,40.89833],[-83.89494,40.89826],[-83.89484,40.89818],[-83.8946,40.89801],[-83.89433,40.89781],[-83.89411,40.89765],[-83.89368,40.8973],[-83.89326,40.89695],[-83.8932,40.89691],[-83.89309,40.89683],[-83.89291,40.89669],[-83.89251,40.8964],[-83.89227,40.89622],[-83.89128,40.89543],[-83.89076,40.89505],[-83.89023,40.89464],[-83.88984,40.89492],[-83.88944,40.89522],[-83.88846,40.89597],[-83.88821,40.89615],[-83.88799,40.89633],[-83.88767,40.89657],[-83.88759,40.89663],[-83.88757,40.89665],[-83.88754,40.89668],[-83.88738,40.89681],[-83.88702,40.89706],[-83.88692,40.89714],[-83.8868,40.89723],[-83.88669,40.89729],[-83.88645,40.89747],[-83.88626,40.89762],[-83.8859,40.89789],[-83.88578,40.89797],[-83.88575,40.89801],[-83.88558,40.89814],[-83.88552,40.89817],[-83.88541,40.89825],[-83.8853,40.89833],[-83.88526,40.89837],[-83.88514,40.89845],[-83.88507,40.89851],[-83.88499,40.89857],[-83.88494,40.89861],[-83.88488,40.89865],[-83.88482,40.8987],[-83.88477,40.89875],[-83.88457,40.89889],[-83.88429,40.89909],[-83.88346,40.89971],[-83.88277,40.90023],[-83.88229,40.90059],[-83.88207,40.90075],[-83.88205,40.90077],[-83.88185,40.90091],[-83.88084,40.90164],[-83.88075,40.90171],[-83.8807,40.90175],[-83.88066,40.90177],[-83.88061,40.9018],[-83.88039,40.90195],[-83.8804,40.90263],[-83.8804,40.90466],[-83.8804,40.9052],[-83.8804,40.90591],[-83.88425,40.90592],[-83.89007,40.90594],[-83.89012,40.90589],[-83.89015,40.90587],[-83.8902,40.90584],[-83.89027,40.9058],[-83.89031,40.90577],[-83.89032,40.90575],[-83.89032,40.90553],[-83.89032,40.90531],[-83.89031,40.90509],[-83.89032,40.9049],[-83.89032,40.90468],[-83.89032,40.90444],[-83.89032,40.90425],[-83.89032,40.90417],[-83.89031,40.90409],[-83.89031,40.9038],[-83.89028,40.90362],[-83.89028,40.90358],[-83.89029,40.90302],[-83.89029,40.90288],[-83.89029,40.90284],[-83.89029,40.90279],[-83.8903,40.90272],[-83.89007,40.90222],[-83.88969,40.90136],[-83.89,40.90148],[-83.8903,40.9021],[-83.8903,40.90205],[-83.8903,40.90202],[-83.8903,40.90195],[-83.8903,40.9018],[-83.89028,40.9016],[-83.89028,40.90158],[-83.89215,40.90153],[-83.8927,40.90151],[-83.8928,40.90151],[-83.89308,40.90172],[-83.89352,40.90225],[-83.8942,40.90307],[-83.8943,40.90319],[-83.89417,40.90338],[-83.89411,40.90347],[-83.8939,40.90376],[-83.89371,40.90399],[-83.89359,40.90454],[-83.89379,40.90484],[-83.89419,40.90521],[-83.89438,40.90525],[-83.89461,40.90547],[-83.8949,40.90574],[-83.8949,40.90575],[-83.8949,40.90586],[-83.90022,40.90585],[-83.90022,40.90574],[-83.90022,40.90562],[-83.90022,40.9054],[-83.90021,40.90518],[-83.90021,40.90513],[-83.90021,40.90487],[-83.90021,40.90471],[-83.9002,40.90448],[-83.9002,40.90425],[-83.90021,40.90406],[-83.9002,40.90391],[-83.90019,40.90358],[-83.90018,40.90342],[-83.90018,40.90318],[-83.90017,40.90273],[-83.90017,40.90265],[-83.9014,40.90263],[-83.90487,40.90261],[-83.90501,40.90261],[-83.90636,40.90262],[-83.90652,40.90261],[-83.9096,40.90258],[-83.9096,40.90576],[-83.90989,40.90572],[-83.90996,40.90572],[-83.91006,40.90572],[-83.9144,40.90567],[-83.91437,40.90448],[-83.91429,40.89936],[-83.91434,40.89936],[-83.91448,40.89936],[-83.91708,40.89931],[-83.9192,40.89928]]]}},{"type":"Feature","properties":{"GEOID":"39003002AFJ","NAME":"BLUFFTON B","BASENAME":"BLUFFTON B","VTD":"002AFJ","POP100":1417,"HU100":431,"AREALAND":"2741701","CENTLAT":"+40.8872790","CENTLON":"-083.8983220"},"geometry":{"type":"Polygon","coordinates":[[[-83.90989,40.88357],[-83.90993,40.88353],[-83.90821,40.88222],[-83.90855,40.88195],[-83.90921,40.88246],[-83.9097,40.88209],[-83.90905,40.88159],[-83.9083,40.88101],[-83.90866,40.88074],[-83.909,40.88048],[-83.90908,40.88042],[-83.90763,40.87932],[-83.90704,40.87971],[-83.90649,40.87929],[-83.90236,40.88196],[-83.90067,40.88305],[-83.90038,40.88324],[-83.89984,40.88359],[-83.89984,40.88349],[-83.89984,40.88343],[-83.89984,40.88302],[-83.89984,40.88287],[-83.89983,40.88265],[-83.89983,40.88238],[-83.89981,40.88105],[-83.89983,40.88076],[-83.90006,40.88075],[-83.90178,40.88069],[-83.90195,40.88064],[-83.90205,40.88057],[-83.90267,40.88016],[-83.90302,40.88008],[-83.90344,40.8799],[-83.90362,40.87981],[-83.90383,40.87969],[-83.90416,40.87949],[-83.90481,40.87904],[-83.9048,40.87899],[-83.90476,40.87773],[-83.90461,40.87773],[-83.9046,40.87595],[-83.8998,40.87603],[-83.89981,40.87619],[-83.89981,40.87675],[-83.89982,40.87688],[-83.89887,40.87686],[-83.89887,40.8773],[-83.89829,40.87728],[-83.89817,40.87728],[-83.89818,40.87775],[-83.89448,40.87758],[-83.89382,40.87755],[-83.8914,40.87744],[-83.89041,40.87739],[-83.89011,40.87738],[-83.89023,40.88012],[-83.89025,40.8818],[-83.8889,40.88178],[-83.88895,40.88182],[-83.88904,40.88192],[-83.88914,40.88209],[-83.88917,40.88217],[-83.88918,40.88225],[-83.88918,40.8823],[-83.88921,40.88236],[-83.88927,40.88246],[-83.88935,40.88257],[-83.88939,40.88264],[-83.88941,40.88273],[-83.88941,40.88282],[-83.88941,40.88288],[-83.88942,40.88301],[-83.8894,40.88323],[-83.8894,40.88343],[-83.88937,40.88358],[-83.88928,40.88372],[-83.88925,40.88383],[-83.8893,40.88396],[-83.88936,40.88411],[-83.88944,40.88422],[-83.88953,40.88441],[-83.88962,40.88461],[-83.88965,40.88476],[-83.88965,40.88484],[-83.88963,40.88488],[-83.8896,40.88493],[-83.88954,40.88495],[-83.88958,40.88508],[-83.88961,40.88517],[-83.8896,40.88522],[-83.88963,40.88529],[-83.8897,40.88534],[-83.88977,40.88539],[-83.88986,40.88547],[-83.88991,40.88552],[-83.88993,40.88555],[-83.88994,40.88561],[-83.88995,40.88567],[-83.88997,40.88575],[-83.89001,40.8858],[-83.89005,40.88583],[-83.89008,40.88586],[-83.8901,40.8859],[-83.89011,40.88594],[-83.8901,40.88598],[-83.89008,40.88603],[-83.89006,40.88604],[-83.89003,40.88608],[-83.89,40.88613],[-83.89,40.88619],[-83.89005,40.88625],[-83.89021,40.88639],[-83.89036,40.8865],[-83.89054,40.88661],[-83.89066,40.88671],[-83.89073,40.88679],[-83.89084,40.88689],[-83.89096,40.88697],[-83.89103,40.88703],[-83.89117,40.88718],[-83.89121,40.88725],[-83.89122,40.88734],[-83.89127,40.88743],[-83.89136,40.88752],[-83.89157,40.88765],[-83.89173,40.88773],[-83.892,40.88783],[-83.89217,40.88789],[-83.89229,40.88791],[-83.8925,40.88798],[-83.89264,40.88804],[-83.89276,40.88812],[-83.89288,40.88823],[-83.893,40.8884],[-83.89311,40.88863],[-83.89314,40.8889],[-83.89316,40.88906],[-83.89315,40.88921],[-83.89313,40.88929],[-83.89309,40.88934],[-83.89306,40.88937],[-83.89305,40.8894],[-83.89304,40.88945],[-83.89307,40.88964],[-83.89307,40.88982],[-83.89307,40.8899],[-83.89305,40.88998],[-83.89299,40.89008],[-83.89297,40.89013],[-83.89296,40.89024],[-83.89289,40.89045],[-83.89273,40.8909],[-83.8927,40.89103],[-83.89267,40.8911],[-83.89263,40.89116],[-83.89259,40.89119],[-83.89253,40.89123],[-83.89244,40.89131],[-83.89257,40.89142],[-83.89266,40.89149],[-83.89295,40.89172],[-83.89318,40.89189],[-83.89339,40.89204],[-83.89347,40.8921],[-83.89353,40.89214],[-83.89287,40.89265],[-83.89271,40.89278],[-83.89253,40.89292],[-83.89209,40.89325],[-83.89196,40.89335],[-83.89181,40.89347],[-83.89126,40.89386],[-83.89099,40.89406],[-83.8907,40.89428],[-83.89061,40.89434],[-83.89023,40.89464],[-83.89076,40.89505],[-83.89128,40.89543],[-83.89227,40.89622],[-83.89251,40.8964],[-83.89291,40.89669],[-83.89309,40.89683],[-83.8932,40.89691],[-83.89326,40.89695],[-83.89368,40.8973],[-83.89411,40.89765],[-83.89433,40.89781],[-83.8946,40.89801],[-83.89484,40.89818],[-83.89494,40.89826],[-83.89504,40.89833],[-83.89511,40.8984],[-83.89524,40.89849],[-83.89531,40.89854],[-83.89538,40.89859],[-83.8956,40.89877],[-83.89586,40.89895],[-83.89616,40.89918],[-83.89627,40.89927],[-83.89629,40.89929],[-83.89639,40.89935],[-83.89646,40.89938],[-83.89656,40.89941],[-83.89666,40.89942],[-83.89703,40.89944],[-83.89763,40.89947],[-83.89786,40.89949],[-83.8984,40.89951],[-83.89882,40.89953],[-83.89904,40.89955],[-83.89926,40.89956],[-83.90007,40.8996],[-83.90012,40.8996],[-83.90022,40.89961],[-83.90053,40.89962],[-83.90069,40.89961],[-83.90088,40.89961],[-83.90485,40.89952],[-83.90482,40.8959],[-83.90481,40.89472],[-83.90483,40.89226],[-83.9039,40.89229],[-83.90189,40.89234],[-83.90077,40.89235],[-83.90077,40.89223],[-83.90076,40.89162],[-83.90076,40.89145],[-83.90076,40.89131],[-83.901,40.89113],[-83.9013,40.8909],[-83.90162,40.89047],[-83.90183,40.89021],[-83.90219,40.88937],[-83.90198,40.88891],[-83.90197,40.88844],[-83.90199,40.88842],[-83.90255,40.888],[-83.90297,40.88767],[-83.9031,40.88744],[-83.90338,40.88723],[-83.90357,40.8871],[-83.90403,40.88663],[-83.90461,40.88648],[-83.90526,40.88632],[-83.90535,40.88585],[-83.90558,40.88559],[-83.90577,40.88538],[-83.90525,40.88498],[-83.90535,40.8849],[-83.90564,40.88468],[-83.90619,40.88426],[-83.90625,40.88421],[-83.9068,40.88379],[-83.907,40.88371],[-83.90777,40.88339],[-83.90804,40.8836],[-83.90815,40.88356],[-83.90823,40.88353],[-83.90829,40.8835],[-83.90838,40.88348],[-83.9085,40.88349],[-83.90857,40.8835],[-83.90867,40.88354],[-83.90877,40.88359],[-83.90881,40.8836],[-83.90889,40.88362],[-83.90898,40.88362],[-83.90903,40.88363],[-83.90911,40.88363],[-83.90919,40.88362],[-83.9093,40.88362],[-83.90941,40.88361],[-83.90948,40.88361],[-83.90953,40.88361],[-83.90961,40.88361],[-83.90972,40.8836],[-83.90978,40.88359],[-83.90985,40.88358],[-83.90989,40.88357]]]}},{"type":"Feature","properties":{"GEOID":"39003002AFK","NAME":"BLUFFTON C","BASENAME":"BLUFFTON C","VTD":"002AFK","POP100":1145,"HU100":533,"AREALAND":"1508228","CENTLAT":"+40.8901140","CENTLON":"-083.8855096"},"geometry":{"type":"Polygon","coordinates":[[[-83.89353,40.89214],[-83.89347,40.8921],[-83.89339,40.89204],[-83.89318,40.89189],[-83.89295,40.89172],[-83.89266,40.89149],[-83.89257,40.89142],[-83.89244,40.89131],[-83.89253,40.89123],[-83.89259,40.89119],[-83.89263,40.89116],[-83.89267,40.8911],[-83.8927,40.89103],[-83.89273,40.8909],[-83.89289,40.89045],[-83.89296,40.89024],[-83.89297,40.89013],[-83.89299,40.89008],[-83.89305,40.88998],[-83.89307,40.8899],[-83.89307,40.88982],[-83.89307,40.88964],[-83.89304,40.88945],[-83.89305,40.8894],[-83.89306,40.88937],[-83.89309,40.88934],[-83.89313,40.88929],[-83.89315,40.88921],[-83.89316,40.88906],[-83.89314,40.8889],[-83.89311,40.88863],[-83.893,40.8884],[-83.89288,40.88823],[-83.89276,40.88812],[-83.89264,40.88804],[-83.8925,40.88798],[-83.89229,40.88791],[-83.89217,40.88789],[-83.892,40.88783],[-83.89173,40.88773],[-83.89157,40.88765],[-83.89136,40.88752],[-83.89127,40.88743],[-83.89122,40.88734],[-83.89121,40.88725],[-83.89117,40.88718],[-83.89103,40.88703],[-83.89096,40.88697],[-83.89084,40.88689],[-83.89073,40.88679],[-83.89066,40.88671],[-83.89054,40.88661],[-83.89036,40.8865],[-83.89021,40.88639],[-83.89005,40.88625],[-83.89,40.88619],[-83.89,40.88613],[-83.89003,40.88608],[-83.89006,40.88604],[-83.89008,40.88603],[-83.8901,40.88598],[-83.89011,40.88594],[-83.8901,40.8859],[-83.89008,40.88586],[-83.89005,40.88583],[-83.89001,40.8858],[-83.88997,40.88575],[-83.88995,40.88567],[-83.88994,40.88561],[-83.88993,40.88555],[-83.88991,40.88552],[-83.88986,40.88547],[-83.88977,40.88539],[-83.8897,40.88534],[-83.88963,40.88529],[-83.8896,40.88522],[-83.88961,40.88517],[-83.88958,40.88508],[-83.88954,40.88495],[-83.8896,40.88493],[-83.88963,40.88488],[-83.88965,40.88484],[-83.88965,40.88476],[-83.88962,40.88461],[-83.88953,40.88441],[-83.88944,40.88422],[-83.88936,40.88411],[-83.8893,40.88396],[-83.88925,40.88383],[-83.88928,40.88372],[-83.88937,40.88358],[-83.8894,40.88343],[-83.8894,40.88323],[-83.88942,40.88301],[-83.88941,40.88288],[-83.88941,40.88282],[-83.88941,40.88273],[-83.88939,40.88264],[-83.88935,40.88257],[-83.88927,40.88246],[-83.88921,40.88236],[-83.88918,40.8823],[-83.88918,40.88225],[-83.88917,40.88217],[-83.88914,40.88209],[-83.88904,40.88192],[-83.88895,40.88182],[-83.8889,40.88178],[-83.88153,40.88154],[-83.8803,40.88154],[-83.8803,40.8816],[-83.8803,40.88217],[-83.8803,40.88245],[-83.8803,40.8829],[-83.88031,40.88455],[-83.88031,40.88476],[-83.88031,40.88493],[-83.8803,40.88525],[-83.8803,40.88574],[-83.88031,40.88744],[-83.88031,40.88747],[-83.88031,40.88784],[-83.88031,40.88785],[-83.88031,40.88807],[-83.88031,40.88821],[-83.88032,40.88909],[-83.88032,40.8896],[-83.88032,40.88996],[-83.88033,40.89041],[-83.88034,40.89135],[-83.88034,40.89138],[-83.88034,40.89194],[-83.88034,40.89242],[-83.88034,40.89244],[-83.88033,40.89257],[-83.88035,40.89342],[-83.88036,40.89524],[-83.88037,40.89563],[-83.88037,40.89575],[-83.88037,40.89588],[-83.88037,40.89591],[-83.88037,40.89593],[-83.88037,40.89598],[-83.88037,40.89612],[-83.88037,40.89629],[-83.88037,40.89643],[-83.88037,40.89664],[-83.88038,40.89864],[-83.88038,40.89876],[-83.88038,40.89886],[-83.88281,40.89947],[-83.88039,40.90128],[-83.88039,40.90135],[-83.88039,40.90195],[-83.88061,40.9018],[-83.88066,40.90177],[-83.8807,40.90175],[-83.88075,40.90171],[-83.88084,40.90164],[-83.88185,40.90091],[-83.88205,40.90077],[-83.88207,40.90075],[-83.88229,40.90059],[-83.88277,40.90023],[-83.88346,40.89971],[-83.88429,40.89909],[-83.88457,40.89889],[-83.88477,40.89875],[-83.88482,40.8987],[-83.88488,40.89865],[-83.88494,40.89861],[-83.88499,40.89857],[-83.88507,40.89851],[-83.88514,40.89845],[-83.88526,40.89837],[-83.8853,40.89833],[-83.88541,40.89825],[-83.88552,40.89817],[-83.88558,40.89814],[-83.88575,40.89801],[-83.88578,40.89797],[-83.8859,40.89789],[-83.88626,40.89762],[-83.88645,40.89747],[-83.88669,40.89729],[-83.8868,40.89723],[-83.88692,40.89714],[-83.88702,40.89706],[-83.88738,40.89681],[-83.88754,40.89668],[-83.88757,40.89665],[-83.88759,40.89663],[-83.88767,40.89657],[-83.88799,40.89633],[-83.88821,40.89615],[-83.88846,40.89597],[-83.88944,40.89522],[-83.88984,40.89492],[-83.89023,40.89464],[-83.89061,40.89434],[-83.8907,40.89428],[-83.89099,40.89406],[-83.89126,40.89386],[-83.89181,40.89347],[-83.89196,40.89335],[-83.89209,40.89325],[-83.89253,40.89292],[-83.89271,40.89278],[-83.89287,40.89265],[-83.89353,40.89214]]]}},{"type":"Feature","properties":{"GEOID":"39003002AFN","NAME":"SHAWNEE A","BASENAME":"SHAWNEE A","VTD":"002AFN","POP100":972,"HU100":350,"AREALAND":"3512921","CENTLAT":"+40.7242085","CENTLON":"-084.2076198"},"geometry":{"type":"Polygon","coordinates":[[[-84.22314,40.72946],[-84.22311,40.72395],[-84.2231,40.72375],[-84.2231,40.72326],[-84.22311,40.72289],[-84.22308,40.72223],[-84.22309,40.72199],[-84.22309,40.72158],[-84.2231,40.7209],[-84.22308,40.71981],[-84.22308,40.71947],[-84.22308,40.71888],[-84.22308,40.71831],[-84.22308,40.71797],[-84.22308,40.71786],[-84.22308,40.71763],[-84.22308,40.71658],[-84.22309,40.71614],[-84.22309,40.71607],[-84.22308,40.71506],[-84.22308,40.71502],[-84.22307,40.71463],[-84.22242,40.71478],[-84.22108,40.71508],[-84.21778,40.71583],[-84.21519,40.71643],[-84.21306,40.71691],[-84.21253,40.71703],[-84.21138,40.71729],[-84.20956,40.71767],[-84.20893,40.71779],[-84.20858,40.71785],[-84.20798,40.71796],[-84.2077,40.71801],[-84.20742,40.71808],[-84.20724,40.71813],[-84.20696,40.71822],[-84.20668,40.71833],[-84.20649,40.71841],[-84.20635,40.71846],[-84.20613,40.71858],[-84.206,40.71865],[-84.20578,40.71879],[-84.2053,40.71911],[-84.20476,40.71949],[-84.20424,40.71984],[-84.2039,40.72009],[-84.20277,40.72088],[-84.20262,40.72099],[-84.20244,40.72112],[-84.20224,40.72126],[-84.20195,40.72146],[-84.20166,40.72165],[-84.20148,40.72176],[-84.20128,40.72187],[-84.20108,40.72198],[-84.20097,40.72203],[-84.20077,40.72212],[-84.20053,40.72221],[-84.20032,40.72229],[-84.20007,40.72236],[-84.19978,40.72243],[-84.19952,40.72249],[-84.19927,40.72253],[-84.19913,40.72255],[-84.19895,40.72257],[-84.19885,40.72258],[-84.1987,40.7226],[-84.19858,40.7226],[-84.19825,40.72261],[-84.19775,40.72261],[-84.19661,40.72261],[-84.19595,40.72261],[-84.19498,40.72261],[-84.19424,40.72261],[-84.19324,40.72261],[-84.19286,40.72261],[-84.19244,40.7226],[-84.19182,40.72261],[-84.19063,40.72261],[-84.19008,40.72262],[-84.18993,40.72262],[-84.18974,40.72262],[-84.18916,40.72262],[-84.18828,40.72262],[-84.1879,40.72262],[-84.18708,40.72262],[-84.18662,40.72262],[-84.18666,40.72329],[-84.18667,40.72358],[-84.18672,40.72499],[-84.18676,40.72573],[-84.18676,40.72589],[-84.18677,40.72601],[-84.18681,40.72714],[-84.18685,40.72848],[-84.18685,40.72863],[-84.1869,40.73015],[-84.19078,40.73001],[-84.19197,40.72996],[-84.19232,40.72995],[-84.19376,40.7299],[-84.19585,40.72988],[-84.20093,40.72989],[-84.20188,40.72991],[-84.20282,40.72992],[-84.20358,40.72992],[-84.20409,40.72992],[-84.20434,40.72992],[-84.20555,40.72991],[-84.20624,40.7299],[-84.20671,40.72989],[-84.2074,40.72988],[-84.20799,40.72988],[-84.20941,40.72987],[-84.21002,40.72986],[-84.21143,40.72985],[-84.21183,40.72983],[-84.21197,40.72982],[-84.21211,40.7298],[-84.21223,40.72978],[-84.21239,40.72973],[-84.21257,40.72967],[-84.21267,40.72964],[-84.21281,40.72961],[-84.21289,40.72959],[-84.21296,40.72957],[-84.21305,40.72956],[-84.21323,40.72955],[-84.21346,40.72954],[-84.21398,40.72954],[-84.21471,40.72953],[-84.21545,40.72954],[-84.2162,40.72954],[-84.21703,40.72953],[-84.21759,40.72952],[-84.21861,40.72951],[-84.2194,40.7295],[-84.22019,40.72949],[-84.22098,40.72948],[-84.22112,40.72948],[-84.22177,40.72948],[-84.22234,40.72948],[-84.22314,40.72946]]]}},{"type":"Feature","properties":{"GEOID":"39003002AFO","NAME":"SHAWNEE B","BASENAME":"SHAWNEE B","VTD":"002AFO","POP100":911,"HU100":392,"AREALAND":"4057219","CENTLAT":"+40.7186261","CENTLON":"-084.1754526"},"geometry":{"type":"MultiPolygon","coordinates":[[[[-84.18763,40.69648],[-84.18764,40.69645],[-84.18745,40.69664],[-84.1839,40.69656],[-84.1839,40.69695],[-84.18309,40.69694],[-84.18156,40.69768],[-84.18,40.69763],[-84.17998,40.70087],[-84.17527,40.70095],[-84.17527,40.701],[-84.17527,40.70168],[-84.17528,40.70205],[-84.17529,40.70285],[-84.17529,40.70328],[-84.1753,40.70335],[-84.17534,40.70426],[-84.17523,40.70429],[-84.17531,40.70763],[-84.17531,40.70794],[-84.17533,40.7082],[-84.17534,40.70834],[-84.17538,40.7087],[-84.1754,40.70909],[-84.17539,40.70936],[-84.17541,40.70978],[-84.17543,40.71006],[-84.17545,40.71077],[-84.17549,40.71163],[-84.17565,40.71166],[-84.1758,40.71167],[-84.17605,40.71167],[-84.17631,40.71167],[-84.17663,40.71166],[-84.177,40.71165],[-84.17716,40.71163],[-84.1773,40.71161],[-84.17745,40.71159],[-84.17754,40.71158],[-84.17763,40.71158],[-84.17769,40.71159],[-84.17773,40.7116],[-84.17778,40.71165],[-84.17785,40.71173],[-84.17787,40.71181],[-84.17783,40.71185],[-84.17779,40.71189],[-84.1778,40.71194],[-84.17778,40.71202],[-84.17773,40.71211],[-84.17769,40.71219],[-84.17768,40.71225],[-84.17768,40.71227],[-84.1777,40.7123],[-84.17768,40.71234],[-84.17764,40.71237],[-84.1776,40.71239],[-84.17759,40.71243],[-84.17762,40.71246],[-84.17761,40.71256],[-84.17763,40.71261],[-84.17766,40.71267],[-84.17765,40.71275],[-84.17762,40.71281],[-84.17758,40.71286],[-84.17759,40.71293],[-84.17756,40.71306],[-84.17752,40.71319],[-84.17754,40.71322],[-84.17754,40.71326],[-84.17749,40.71333],[-84.17746,40.71336],[-84.17745,40.71341],[-84.17744,40.71344],[-84.1774,40.71349],[-84.17736,40.71352],[-84.17735,40.71357],[-84.17739,40.7136],[-84.17745,40.71362],[-84.17748,40.71364],[-84.17748,40.71369],[-84.17747,40.71377],[-84.17748,40.71386],[-84.17746,40.7139],[-84.17743,40.71392],[-84.17741,40.71396],[-84.17743,40.714],[-84.17746,40.71408],[-84.1775,40.7142],[-84.1775,40.71425],[-84.17744,40.71431],[-84.1773,40.71439],[-84.17725,40.71442],[-84.17715,40.71446],[-84.17709,40.71448],[-84.17705,40.71448],[-84.17701,40.71447],[-84.17697,40.71447],[-84.17693,40.71449],[-84.1769,40.71453],[-84.17686,40.71456],[-84.17684,40.71458],[-84.17687,40.71461],[-84.17693,40.71465],[-84.17695,40.71469],[-84.17693,40.71475],[-84.17691,40.71479],[-84.17688,40.71479],[-84.17679,40.71479],[-84.17672,40.71479],[-84.17669,40.7148],[-84.1767,40.71483],[-84.17673,40.71485],[-84.17676,40.71487],[-84.17678,40.71492],[-84.17678,40.71497],[-84.17677,40.715],[-84.17673,40.71502],[-84.1767,40.71503],[-84.1767,40.71507],[-84.17673,40.71511],[-84.17675,40.71515],[-84.17675,40.71516],[-84.17673,40.71518],[-84.17669,40.71517],[-84.17666,40.71518],[-84.17665,40.71521],[-84.17666,40.71525],[-84.17667,40.71527],[-84.17671,40.71528],[-84.17673,40.71528],[-84.17674,40.7153],[-84.17674,40.71532],[-84.17676,40.71533],[-84.17679,40.71532],[-84.17683,40.71531],[-84.17687,40.71531],[-84.17691,40.71531],[-84.17696,40.7154],[-84.177,40.71542],[-84.17689,40.71544],[-84.17684,40.71544],[-84.1768,40.71545],[-84.17675,40.71547],[-84.17669,40.71551],[-84.17662,40.71557],[-84.17659,40.71559],[-84.17655,40.7156],[-84.17648,40.71561],[-84.17643,40.71565],[-84.1764,40.71568],[-84.17637,40.71576],[-84.17634,40.71579],[-84.17621,40.71587],[-84.17608,40.71596],[-84.17596,40.71606],[-84.17588,40.71613],[-84.17581,40.71621],[-84.17575,40.71627],[-84.17573,40.71632],[-84.17572,40.71635],[-84.17569,40.71637],[-84.17565,40.71639],[-84.1756,40.71643],[-84.17557,40.71645],[-84.17558,40.71648],[-84.17563,40.71651],[-84.17574,40.71656],[-84.17534,40.71754],[-84.17555,40.71754],[-84.17565,40.71754],[-84.17576,40.71757],[-84.17591,40.71764],[-84.17606,40.71773],[-84.17618,40.71781],[-84.17628,40.71787],[-84.17632,40.71788],[-84.17652,40.71796],[-84.17674,40.71803],[-84.17701,40.71809],[-84.17728,40.71811],[-84.17748,40.71812],[-84.17764,40.71815],[-84.17774,40.71817],[-84.17785,40.7182],[-84.17794,40.71824],[-84.17805,40.71833],[-84.17819,40.71844],[-84.17835,40.71853],[-84.17855,40.71861],[-84.17882,40.71875],[-84.17906,40.71893],[-84.17921,40.71907],[-84.17929,40.71919],[-84.17935,40.71935],[-84.1794,40.71949],[-84.17944,40.71962],[-84.17945,40.71975],[-84.17942,40.71988],[-84.17936,40.72001],[-84.17925,40.72024],[-84.1792,40.72032],[-84.17911,40.72039],[-84.179,40.72048],[-84.17878,40.72065],[-84.17857,40.7208],[-84.17839,40.72094],[-84.17828,40.72101],[-84.17821,40.72106],[-84.1781,40.72108],[-84.17799,40.72109],[-84.17792,40.72111],[-84.17783,40.72117],[-84.17773,40.72122],[-84.17757,40.72127],[-84.17716,40.7214],[-84.17684,40.7215],[-84.17658,40.72158],[-84.17635,40.72165],[-84.17566,40.72176],[-84.17534,40.72176],[-84.17508,40.72179],[-84.17484,40.72183],[-84.17462,40.72186],[-84.17445,40.72189],[-84.17428,40.72193],[-84.17418,40.72197],[-84.17406,40.72207],[-84.17397,40.72218],[-84.17385,40.72235],[-84.17379,40.72253],[-84.17376,40.72267],[-84.17356,40.72267],[-84.17308,40.72267],[-84.17201,40.72266],[-84.17067,40.72267],[-84.16896,40.72267],[-84.16842,40.72269],[-84.16593,40.72269],[-84.16387,40.72272],[-84.16239,40.72274],[-84.16226,40.72274],[-84.16175,40.72274],[-84.16127,40.72274],[-84.16089,40.72275],[-84.16025,40.72275],[-84.15945,40.72276],[-84.15877,40.72276],[-84.15741,40.72277],[-84.15401,40.72281],[-84.15338,40.72282],[-84.15284,40.72283],[-84.15239,40.72285],[-84.15192,40.72288],[-84.15169,40.72289],[-84.15168,40.72328],[-84.15168,40.72348],[-84.15168,40.72374],[-84.15168,40.72388],[-84.15166,40.72403],[-84.15163,40.72412],[-84.15158,40.72423],[-84.15156,40.72427],[-84.15149,40.72434],[-84.15143,40.72439],[-84.1514,40.72442],[-84.15124,40.72454],[-84.15108,40.72467],[-84.15084,40.72485],[-84.15063,40.72502],[-84.14939,40.72597],[-84.14928,40.72605],[-84.14905,40.72622],[-84.14765,40.72729],[-84.14746,40.72743],[-84.14744,40.72745],[-84.14711,40.72769],[-84.14703,40.72775],[-84.14674,40.72798],[-84.14688,40.72807],[-84.14708,40.72805],[-84.14744,40.72807],[-84.14813,40.72812],[-84.14883,40.72817],[-84.14885,40.72796],[-84.14886,40.72773],[-84.14887,40.72763],[-84.15108,40.7276],[-84.15107,40.7272],[-84.15106,40.72634],[-84.1523,40.72629],[-84.16035,40.72603],[-84.16117,40.72601],[-84.16117,40.73015],[-84.16125,40.73015],[-84.16154,40.73018],[-84.16232,40.73026],[-84.16508,40.73025],[-84.1653,40.73025],[-84.17008,40.73025],[-84.17416,40.73029],[-84.17856,40.73034],[-84.17868,40.73034],[-84.1869,40.73015],[-84.18685,40.72863],[-84.18685,40.72848],[-84.18681,40.72714],[-84.18677,40.72601],[-84.18676,40.72589],[-84.18676,40.72573],[-84.18672,40.72499],[-84.18667,40.72358],[-84.18666,40.72329],[-84.18662,40.72262],[-84.1852,40.72262],[-84.1852,40.72232],[-84.1852,40.7222],[-84.18519,40.72041],[-84.18517,40.71969],[-84.18516,40.71925],[-84.18515,40.71854],[-84.18514,40.71797],[-84.18514,40.71795],[-84.18514,40.71776],[-84.18514,40.71691],[-84.18515,40.71681],[-84.18515,40.71671],[-84.18514,40.71541],[-84.18513,40.71509],[-84.18513,40.71474],[-84.18511,40.71415],[-84.1851,40.71366],[-84.18511,40.71337],[-84.1851,40.7131],[-84.18509,40.7129],[-84.18509,40.71263],[-84.18508,40.71242],[-84.18508,40.71234],[-84.18505,40.71156],[-84.18504,40.71122],[-84.18501,40.71033],[-84.18502,40.70981],[-84.18502,40.70944],[-84.18501,40.70894],[-84.18501,40.70866],[-84.185,40.70851],[-84.185,40.70838],[-84.18499,40.70814],[-84.18499,40.70793],[-84.18499,40.70778],[-84.18498,40.70752],[-84.18497,40.70721],[-84.18496,40.7069],[-84.18496,40.70676],[-84.18496,40.70632],[-84.18495,40.70603],[-84.18495,40.70582],[-84.18494,40.70555],[-84.18494,40.70531],[-84.18493,40.70505],[-84.18492,40.70471],[-84.18492,40.7042],[-84.18492,40.70395],[-84.1849,40.70383],[-84.18489,40.70379],[-84.18489,40.7037],[-84.18486,40.70212],[-84.18504,40.70208],[-84.18501,40.70202],[-84.18499,40.70197],[-84.18499,40.70193],[-84.18501,40.70183],[-84.18505,40.70177],[-84.18508,40.70171],[-84.1851,40.70165],[-84.18512,40.70156],[-84.18512,40.70149],[-84.18509,40.70139],[-84.18503,40.70132],[-84.18498,40.70127],[-84.18494,40.70118],[-84.18493,40.70097],[-84.18492,40.70084],[-84.18484,40.70023],[-84.18481,40.70003],[-84.1848,40.69989],[-84.1848,40.69984],[-84.1848,40.69976],[-84.18479,40.6992],[-84.1848,40.69897],[-84.1848,40.69885],[-84.1848,40.69876],[-84.18477,40.69838],[-84.18475,40.69815],[-84.18474,40.69791],[-84.18472,40.69766],[-84.18472,40.6976],[-84.18475,40.69746],[-84.18481,40.69737],[-84.18489,40.69731],[-84.185,40.69726],[-84.1852,40.69725],[-84.18629,40.69725],[-84.18702,40.69724],[-84.18764,40.69723],[-84.18762,40.69691],[-84.18762,40.69685],[-84.18762,40.69657],[-84.18761,40.69652],[-84.18763,40.69648]]],[[[-84.15623,40.72989],[-84.15623,40.72975],[-84.15622,40.72925],[-84.15622,40.72911],[-84.15475,40.72913],[-84.15476,40.72951],[-84.15503,40.72952],[-84.15503,40.72953],[-84.15503,40.73013],[-84.15503,40.73025],[-84.15532,40.73025],[-84.15571,40.73025],[-84.15623,40.73025],[-84.15623,40.73017],[-84.15623,40.72989]]]]}},{"type":"Feature","properties":{"GEOID":"39003002AFP","NAME":"SHAWNEE C","BASENAME":"SHAWNEE C","VTD":"002AFP","POP100":907,"HU100":397,"AREALAND":"2076826","CENTLAT":"+40.7237726","CENTLON":"-084.1402217"},"geometry":{"type":"Polygon","coordinates":[[[-84.15168,40.72328],[-84.15169,40.72289],[-84.15165,40.7222],[-84.15165,40.72216],[-84.15164,40.72117],[-84.15162,40.72015],[-84.15162,40.71915],[-84.15161,40.71862],[-84.15158,40.71625],[-84.15158,40.71588],[-84.15157,40.71558],[-84.15004,40.71559],[-84.14905,40.71559],[-84.14789,40.7156],[-84.14671,40.71561],[-84.1452,40.71564],[-84.14453,40.71565],[-84.14425,40.71566],[-84.14362,40.71566],[-84.14309,40.71567],[-84.14263,40.71567],[-84.14153,40.71569],[-84.14056,40.71571],[-84.13787,40.71577],[-84.13754,40.71578],[-84.13741,40.71577],[-84.13724,40.71578],[-84.13716,40.71622],[-84.13705,40.71697],[-84.137,40.7174],[-84.13695,40.71784],[-84.13691,40.71809],[-84.13688,40.71829],[-84.13686,40.71846],[-84.13683,40.71869],[-84.13679,40.71902],[-84.13677,40.71918],[-84.13666,40.71961],[-84.13654,40.71997],[-84.13647,40.72011],[-84.13636,40.72033],[-84.13616,40.72064],[-84.13592,40.72096],[-84.13562,40.72126],[-84.1354,40.72144],[-84.13522,40.72158],[-84.13504,40.72171],[-84.13486,40.72182],[-84.13464,40.72195],[-84.13449,40.72203],[-84.13419,40.72217],[-84.13365,40.72238],[-84.13337,40.72246],[-84.133,40.72254],[-84.13279,40.72258],[-84.13247,40.72263],[-84.13216,40.72266],[-84.1318,40.72267],[-84.1312,40.72268],[-84.13072,40.72269],[-84.13018,40.72269],[-84.12944,40.7227],[-84.12925,40.72271],[-84.12866,40.72275],[-84.1283,40.72279],[-84.12804,40.72285],[-84.12784,40.7229],[-84.12729,40.72304],[-84.12718,40.72308],[-84.12968,40.72307],[-84.13134,40.72306],[-84.13157,40.72306],[-84.13301,40.72305],[-84.13335,40.72305],[-84.13351,40.72305],[-84.13392,40.72305],[-84.13495,40.72305],[-84.13593,40.72304],[-84.13659,40.72304],[-84.13976,40.72303],[-84.13972,40.7218],[-84.13964,40.71937],[-84.1446,40.7193],[-84.14461,40.71946],[-84.14461,40.72145],[-84.14467,40.72145],[-84.14535,40.72144],[-84.1453,40.72153],[-84.14521,40.72155],[-84.14519,40.72174],[-84.14462,40.72174],[-84.14463,40.72392],[-84.14463,40.72408],[-84.14458,40.7241],[-84.14456,40.72411],[-84.14452,40.72397],[-84.14448,40.7238],[-84.14438,40.72359],[-84.14432,40.72325],[-84.14416,40.72333],[-84.14382,40.72348],[-84.14352,40.72363],[-84.14333,40.72371],[-84.14383,40.7242],[-84.14388,40.72425],[-84.14401,40.72438],[-84.14393,40.72441],[-84.14386,40.72445],[-84.14317,40.72477],[-84.14303,40.72489],[-84.14301,40.72491],[-84.14281,40.72476],[-84.14252,40.7249],[-84.14239,40.72503],[-84.14228,40.7252],[-84.14204,40.72577],[-84.13995,40.72553],[-84.13957,40.7255],[-84.13956,40.72567],[-84.13955,40.72576],[-84.13843,40.72569],[-84.13761,40.72565],[-84.1376,40.72559],[-84.13725,40.72557],[-84.13593,40.72549],[-84.13462,40.72542],[-84.13462,40.7254],[-84.13422,40.72537],[-84.13379,40.72535],[-84.13356,40.72533],[-84.13313,40.72531],[-84.13295,40.7253],[-84.13292,40.7253],[-84.1329,40.72526],[-84.13264,40.72524],[-84.13262,40.72524],[-84.13221,40.72521],[-84.13175,40.72518],[-84.13172,40.72518],[-84.13153,40.72517],[-84.13142,40.72516],[-84.13129,40.72515],[-84.13123,40.72515],[-84.13111,40.72514],[-84.131,40.72514],[-84.13087,40.72513],[-84.12962,40.72505],[-84.12846,40.72498],[-84.12732,40.7249],[-84.12694,40.72487],[-84.1263,40.72482],[-84.12607,40.72481],[-84.12605,40.72488],[-84.12603,40.72488],[-84.12582,40.72486],[-84.12584,40.72516],[-84.12584,40.72518],[-84.12583,40.72536],[-84.12582,40.72559],[-84.12576,40.72599],[-84.12573,40.7262],[-84.12568,40.7268],[-84.12563,40.72741],[-84.12556,40.72765],[-84.12546,40.72802],[-84.12538,40.72817],[-84.12502,40.72862],[-84.12465,40.72891],[-84.12405,40.72939],[-84.12288,40.73037],[-84.12309,40.73037],[-84.12385,40.73037],[-84.12462,40.73037],[-84.12753,40.73038],[-84.13087,40.73041],[-84.1325,40.73041],[-84.13406,40.73041],[-84.13564,40.73042],[-84.13615,40.73042],[-84.13712,40.73042],[-84.1378,40.73042],[-84.13852,40.73041],[-84.13858,40.73041],[-84.13866,40.73041],[-84.13938,40.73041],[-84.14011,40.7304],[-84.1401,40.72996],[-84.14011,40.72918],[-84.14023,40.72918],[-84.14051,40.72918],[-84.14139,40.72919],[-84.14207,40.7292],[-84.14216,40.72919],[-84.14217,40.7297],[-84.1413,40.7297],[-84.1413,40.72978],[-84.14091,40.72981],[-84.14096,40.73041],[-84.14239,40.73042],[-84.14275,40.73041],[-84.14291,40.7304],[-84.14296,40.73039],[-84.14324,40.73034],[-84.14342,40.73029],[-84.14367,40.7302],[-84.14392,40.73008],[-84.14401,40.73002],[-84.14407,40.72999],[-84.14423,40.72989],[-84.14513,40.72921],[-84.14574,40.72875],[-84.14596,40.72859],[-84.14622,40.72838],[-84.14674,40.72798],[-84.14703,40.72775],[-84.14711,40.72769],[-84.14744,40.72745],[-84.14746,40.72743],[-84.14765,40.72729],[-84.14905,40.72622],[-84.14928,40.72605],[-84.14939,40.72597],[-84.15063,40.72502],[-84.15084,40.72485],[-84.15108,40.72467],[-84.15124,40.72454],[-84.1514,40.72442],[-84.15143,40.72439],[-84.15149,40.72434],[-84.15156,40.72427],[-84.15158,40.72423],[-84.15163,40.72412],[-84.15166,40.72403],[-84.15168,40.72388],[-84.15168,40.72374],[-84.15168,40.72348],[-84.15168,40.72328]]]}},{"type":"Feature","properties":{"GEOID":"39003002AFQ","NAME":"SHAWNEE D","BASENAME":"SHAWNEE D","VTD":"002AFQ","POP100":1012,"HU100":524,"AREALAND":"9851059","CENTLAT":"+40.7060272","CENTLON":"-084.1388129"},"geometry":{"type":"MultiPolygon","coordinates":[[[[-84.17534,40.70426],[-84.1753,40.70335],[-84.17295,40.70335],[-84.17295,40.70095],[-84.17295,40.70088],[-84.17141,40.70089],[-84.17117,40.70089],[-84.17044,40.7009],[-84.17042,40.6992],[-84.16895,40.6992],[-84.16795,40.69921],[-84.16253,40.69926],[-84.16086,40.69927],[-84.16085,40.69838],[-84.16083,40.69601],[-84.16083,40.69561],[-84.16008,40.69562],[-84.15888,40.69565],[-84.15837,40.69564],[-84.15799,40.69566],[-84.15361,40.69572],[-84.1531,40.69573],[-84.15309,40.69451],[-84.16046,40.6901],[-84.16078,40.68991],[-84.16074,40.68887],[-84.16073,40.68845],[-84.16072,40.68819],[-84.16064,40.68819],[-84.16061,40.68819],[-84.1574,40.68822],[-84.15597,40.68823],[-84.15375,40.68826],[-84.15366,40.68826],[-84.15369,40.68985],[-84.15124,40.68988],[-84.15122,40.68927],[-84.15121,40.68861],[-84.1512,40.68841],[-84.15059,40.68841],[-84.15057,40.68691],[-84.14997,40.68692],[-84.14997,40.68646],[-84.14933,40.68647],[-84.14908,40.68648],[-84.14875,40.68648],[-84.14758,40.68651],[-84.14747,40.68651],[-84.1475,40.68644],[-84.14777,40.68574],[-84.14809,40.68489],[-84.14823,40.6845],[-84.14836,40.68418],[-84.14785,40.68389],[-84.14752,40.68371],[-84.14776,40.68342],[-84.14787,40.68327],[-84.14792,40.68323],[-84.14771,40.68312],[-84.14769,40.68311],[-84.14765,40.68309],[-84.14809,40.68256],[-84.14771,40.68237],[-84.1481,40.68192],[-84.14797,40.68185],[-84.14795,40.68015],[-84.14795,40.67987],[-84.14795,40.67983],[-84.1482,40.67983],[-84.14821,40.67964],[-84.1482,40.6792],[-84.1463,40.67923],[-84.14633,40.68225],[-84.14634,40.68317],[-84.14606,40.68313],[-84.14607,40.68399],[-84.1461,40.68591],[-84.14623,40.68591],[-84.14638,40.6859],[-84.14638,40.68651],[-84.14641,40.68749],[-84.14642,40.68814],[-84.14647,40.69015],[-84.14651,40.69216],[-84.14654,40.6938],[-84.14569,40.69381],[-84.14466,40.69382],[-84.14418,40.69382],[-84.1429,40.69383],[-84.1424,40.69384],[-84.14156,40.69385],[-84.14063,40.69386],[-84.1406,40.69386],[-84.1403,40.69386],[-84.14008,40.69386],[-84.13974,40.69387],[-84.13883,40.69388],[-84.13795,40.69389],[-84.13736,40.6939],[-84.1363,40.69391],[-84.13482,40.69394],[-84.13454,40.69394],[-84.13307,40.69396],[-84.13206,40.69396],[-84.12795,40.69402],[-84.12747,40.69402],[-84.12609,40.69404],[-84.12511,40.69405],[-84.12467,40.69502],[-84.12441,40.6956],[-84.12415,40.69617],[-84.1241,40.69627],[-84.12399,40.69652],[-84.12391,40.69671],[-84.12375,40.69704],[-84.12367,40.69723],[-84.12354,40.69749],[-84.12342,40.69774],[-84.12334,40.69793],[-84.12311,40.69841],[-84.12307,40.69849],[-84.12201,40.70078],[-84.12179,40.70125],[-84.12751,40.70123],[-84.12763,40.70424],[-84.12769,40.70827],[-84.12767,40.70866],[-84.12684,40.70865],[-84.12522,40.70863],[-84.12331,40.70861],[-84.12281,40.7086],[-84.12282,40.70923],[-84.12282,40.70951],[-84.12281,40.70988],[-84.12282,40.71048],[-84.12288,40.71179],[-84.12293,40.71235],[-84.12294,40.71246],[-84.12263,40.71265],[-84.12235,40.71281],[-84.12228,40.71285],[-84.12227,40.71286],[-84.12216,40.71293],[-84.12164,40.71324],[-84.12148,40.71333],[-84.12132,40.71342],[-84.12091,40.71303],[-84.12052,40.71303],[-84.11958,40.71303],[-84.11942,40.71303],[-84.11918,40.71303],[-84.11862,40.71303],[-84.11844,40.71303],[-84.11834,40.71303],[-84.11762,40.71418],[-84.11719,40.71486],[-84.11706,40.71506],[-84.11701,40.71515],[-84.11697,40.71524],[-84.11692,40.71537],[-84.11678,40.71541],[-84.11663,40.71544],[-84.11649,40.71547],[-84.11634,40.71549],[-84.11619,40.71551],[-84.11605,40.71553],[-84.11575,40.71555],[-84.11563,40.71555],[-84.11552,40.71555],[-84.11522,40.71555],[-84.11517,40.71566],[-84.11508,40.71581],[-84.1143,40.7175],[-84.11403,40.71807],[-84.1139,40.71836],[-84.11388,40.71841],[-84.11353,40.71915],[-84.11335,40.71956],[-84.11329,40.71976],[-84.11329,40.71991],[-84.11327,40.72019],[-84.11326,40.72077],[-84.11327,40.7219],[-84.11327,40.7221],[-84.11327,40.72219],[-84.11327,40.72265],[-84.11327,40.72395],[-84.11327,40.72412],[-84.11393,40.72416],[-84.11411,40.72417],[-84.11442,40.72419],[-84.11579,40.72427],[-84.11619,40.7243],[-84.11664,40.72433],[-84.11703,40.72435],[-84.11778,40.72439],[-84.11817,40.72441],[-84.12001,40.72452],[-84.12018,40.72453],[-84.1215,40.72461],[-84.12297,40.7247],[-84.12367,40.72474],[-84.12453,40.72479],[-84.12464,40.72468],[-84.1248,40.72451],[-84.12485,40.72446],[-84.12489,40.72442],[-84.12511,40.72423],[-84.12515,40.72419],[-84.12537,40.72402],[-84.12564,40.72383],[-84.12591,40.72366],[-84.12596,40.72363],[-84.12614,40.72353],[-84.12623,40.72348],[-84.12634,40.72342],[-84.12669,40.72327],[-84.12689,40.72319],[-84.12718,40.72308],[-84.12729,40.72304],[-84.12784,40.7229],[-84.12804,40.72285],[-84.1283,40.72279],[-84.12866,40.72275],[-84.12925,40.72271],[-84.12944,40.7227],[-84.13018,40.72269],[-84.13072,40.72269],[-84.1312,40.72268],[-84.1318,40.72267],[-84.13216,40.72266],[-84.13247,40.72263],[-84.13279,40.72258],[-84.133,40.72254],[-84.13337,40.72246],[-84.13365,40.72238],[-84.13419,40.72217],[-84.13449,40.72203],[-84.13464,40.72195],[-84.13486,40.72182],[-84.13504,40.72171],[-84.13522,40.72158],[-84.1354,40.72144],[-84.13562,40.72126],[-84.13592,40.72096],[-84.13616,40.72064],[-84.13636,40.72033],[-84.13647,40.72011],[-84.13654,40.71997],[-84.13666,40.71961],[-84.13677,40.71918],[-84.13679,40.71902],[-84.13683,40.71869],[-84.13686,40.71846],[-84.13688,40.71829],[-84.13691,40.71809],[-84.13695,40.71784],[-84.137,40.7174],[-84.13705,40.71697],[-84.13716,40.71622],[-84.13724,40.71578],[-84.13741,40.71577],[-84.13754,40.71578],[-84.13787,40.71577],[-84.14056,40.71571],[-84.14153,40.71569],[-84.14263,40.71567],[-84.14309,40.71567],[-84.14362,40.71566],[-84.14425,40.71566],[-84.14453,40.71565],[-84.1452,40.71564],[-84.14671,40.71561],[-84.14789,40.7156],[-84.14905,40.71559],[-84.15004,40.71559],[-84.15157,40.71558],[-84.15157,40.71497],[-84.15156,40.71355],[-84.15155,40.71274],[-84.15154,40.71182],[-84.15153,40.71147],[-84.15151,40.71015],[-84.15151,40.70967],[-84.15149,40.708],[-84.15148,40.70778],[-84.15148,40.70762],[-84.15148,40.70698],[-84.15148,40.70676],[-84.15148,40.70649],[-84.15149,40.7063],[-84.15146,40.70576],[-84.1525,40.70569],[-84.15394,40.70559],[-84.15412,40.70559],[-84.15435,40.70557],[-84.15456,40.70554],[-84.15482,40.7055],[-84.15511,40.70544],[-84.15542,40.70536],[-84.15643,40.70515],[-84.15651,40.70513],[-84.15665,40.70511],[-84.15678,40.7051],[-84.15693,40.70508],[-84.15725,40.70507],[-84.15759,40.70505],[-84.15876,40.70505],[-84.15922,40.70504],[-84.15977,40.70503],[-84.16007,40.70503],[-84.16069,40.70503],[-84.16099,40.70503],[-84.16208,40.70501],[-84.16241,40.705],[-84.16283,40.70499],[-84.16352,40.70497],[-84.16429,40.70495],[-84.16591,40.70491],[-84.16634,40.7049],[-84.16661,40.70489],[-84.16676,40.70489],[-84.16702,40.70488],[-84.17192,40.70478],[-84.17226,40.70477],[-84.17251,40.70476],[-84.1728,40.70475],[-84.17304,40.70474],[-84.17324,40.70472],[-84.17354,40.70467],[-84.1738,40.70461],[-84.17421,40.70453],[-84.17472,40.70441],[-84.17523,40.70429],[-84.17534,40.70426]]],[[[-84.1168,40.70855],[-84.11661,40.70855],[-84.1161,40.70854],[-84.11558,40.70853],[-84.11529,40.70853],[-84.11473,40.70853],[-84.11415,40.70851],[-84.11373,40.70851],[-84.11307,40.7085],[-84.11285,40.7085],[-84.11238,40.7085],[-84.11183,40.7085],[-84.11162,40.7085],[-84.11122,40.7085],[-84.10988,40.70851],[-84.10932,40.70851],[-84.10829,40.70853],[-84.1083,40.7095],[-84.1083,40.71058],[-84.10831,40.71181],[-84.10832,40.71301],[-84.10832,40.71307],[-84.10833,40.7143],[-84.10834,40.71467],[-84.10834,40.71481],[-84.10834,40.71553],[-84.10834,40.71579],[-84.10834,40.71584],[-84.10834,40.71598],[-84.10835,40.71641],[-84.10857,40.71599],[-84.10879,40.71599],[-84.10925,40.71598],[-84.10966,40.71598],[-84.10979,40.71598],[-84.10985,40.71596],[-84.11007,40.71589],[-84.1101,40.71588],[-84.11052,40.71588],[-84.1111,40.71586],[-84.11245,40.71586],[-84.11302,40.71585],[-84.11302,40.7158],[-84.11301,40.71567],[-84.11301,40.71555],[-84.113,40.71399],[-84.113,40.71345],[-84.11299,40.71307],[-84.11299,40.71272],[-84.11299,40.71235],[-84.11299,40.7123],[-84.11325,40.71231],[-84.11348,40.71231],[-84.11333,40.7122],[-84.11235,40.71148],[-84.11232,40.71146],[-84.11232,40.71107],[-84.11363,40.71204],[-84.11454,40.71208],[-84.11472,40.71207],[-84.11473,40.71126],[-84.11551,40.71067],[-84.11571,40.71067],[-84.1158,40.71067],[-84.1168,40.70855]]]]}},{"type":"Feature","properties":{"GEOID":"39003002AFR","NAME":"SHAWNEE E","BASENAME":"SHAWNEE E","VTD":"002AFR","POP100":929,"HU100":433,"AREALAND":"1717481","CENTLAT":"+40.7180083","CENTLON":"-084.1617909"},"geometry":{"type":"Polygon","coordinates":[[[-84.17945,40.71975],[-84.17944,40.71962],[-84.1794,40.71949],[-84.17935,40.71935],[-84.17929,40.71919],[-84.17921,40.71907],[-84.17906,40.71893],[-84.17882,40.71875],[-84.17855,40.71861],[-84.17835,40.71853],[-84.17819,40.71844],[-84.17805,40.71833],[-84.17794,40.71824],[-84.17785,40.7182],[-84.17774,40.71817],[-84.17764,40.71815],[-84.17748,40.71812],[-84.17728,40.71811],[-84.17701,40.71809],[-84.17674,40.71803],[-84.17652,40.71796],[-84.17632,40.71788],[-84.17628,40.71787],[-84.17618,40.71781],[-84.17606,40.71773],[-84.17591,40.71764],[-84.17576,40.71757],[-84.17565,40.71754],[-84.17555,40.71754],[-84.17534,40.71754],[-84.17522,40.71752],[-84.17514,40.71753],[-84.17505,40.71755],[-84.175,40.71758],[-84.17486,40.71767],[-84.17465,40.7177],[-84.1742,40.71774],[-84.17385,40.71776],[-84.17292,40.71785],[-84.17253,40.71787],[-84.17234,40.71787],[-84.17226,40.71786],[-84.1722,40.71784],[-84.17215,40.71782],[-84.17208,40.7178],[-84.17198,40.71779],[-84.1719,40.71778],[-84.17181,40.71773],[-84.17171,40.71767],[-84.17165,40.71764],[-84.17162,40.71763],[-84.17155,40.71763],[-84.17147,40.71763],[-84.17141,40.7176],[-84.17125,40.71753],[-84.17114,40.71746],[-84.17105,40.71742],[-84.17094,40.71735],[-84.17076,40.71724],[-84.1705,40.71709],[-84.17019,40.71695],[-84.17007,40.71689],[-84.16991,40.71685],[-84.16975,40.71684],[-84.16966,40.71682],[-84.16963,40.71679],[-84.16963,40.71675],[-84.16966,40.71669],[-84.1697,40.71657],[-84.16973,40.71646],[-84.16973,40.71639],[-84.1697,40.71633],[-84.16968,40.71616],[-84.16965,40.7161],[-84.16956,40.71603],[-84.16949,40.716],[-84.16935,40.71597],[-84.1691,40.71595],[-84.16894,40.71593],[-84.16868,40.71587],[-84.16854,40.71583],[-84.16842,40.71579],[-84.16832,40.71569],[-84.16822,40.71563],[-84.16812,40.71555],[-84.16802,40.7155],[-84.1679,40.7155],[-84.16765,40.71546],[-84.16752,40.71546],[-84.16742,40.71548],[-84.1673,40.71553],[-84.16717,40.71561],[-84.16706,40.71567],[-84.16697,40.71574],[-84.16686,40.71583],[-84.16655,40.71625],[-84.16644,40.71653],[-84.16632,40.71685],[-84.16615,40.71705],[-84.166,40.71717],[-84.16588,40.71725],[-84.16578,40.71731],[-84.16567,40.71736],[-84.16554,40.7174],[-84.16553,40.7174],[-84.16531,40.7175],[-84.16509,40.71756],[-84.16502,40.71759],[-84.16497,40.7176],[-84.1649,40.71759],[-84.16466,40.7176],[-84.16437,40.71761],[-84.16413,40.71762],[-84.16407,40.71761],[-84.16403,40.71759],[-84.16402,40.71757],[-84.164,40.71755],[-84.16397,40.71754],[-84.16385,40.71754],[-84.16382,40.71755],[-84.16379,40.71758],[-84.16377,40.71759],[-84.16371,40.71761],[-84.1636,40.71763],[-84.16352,40.71764],[-84.16346,40.71764],[-84.16341,40.71762],[-84.16333,40.71761],[-84.16321,40.71761],[-84.16313,40.71761],[-84.16306,40.71762],[-84.16301,40.71763],[-84.16294,40.71765],[-84.16278,40.71768],[-84.16269,40.71768],[-84.16255,40.71767],[-84.16237,40.71768],[-84.16191,40.71765],[-84.1614,40.71762],[-84.16111,40.71759],[-84.16083,40.71758],[-84.16054,40.71755],[-84.16032,40.71752],[-84.16017,40.71746],[-84.15994,40.71735],[-84.15973,40.71723],[-84.15955,40.7171],[-84.15948,40.71704],[-84.15942,40.71696],[-84.15933,40.71676],[-84.15929,40.71659],[-84.1593,40.71646],[-84.15932,40.71634],[-84.15936,40.71628],[-84.15951,40.71608],[-84.15955,40.71597],[-84.1596,40.71582],[-84.15964,40.71566],[-84.15967,40.71546],[-84.15966,40.71539],[-84.15962,40.71525],[-84.15955,40.71512],[-84.15949,40.71503],[-84.15939,40.71496],[-84.15926,40.71483],[-84.15917,40.71478],[-84.15908,40.71474],[-84.15889,40.71463],[-84.15881,40.71457],[-84.15861,40.71444],[-84.15847,40.71436],[-84.15831,40.71427],[-84.15817,40.71419],[-84.15802,40.71408],[-84.15793,40.71402],[-84.15774,40.71388],[-84.15757,40.71373],[-84.15742,40.71359],[-84.15735,40.71347],[-84.15725,40.71333],[-84.15714,40.71321],[-84.15701,40.71304],[-84.15689,40.7129],[-84.15682,40.71282],[-84.15665,40.71264],[-84.15651,40.71248],[-84.15641,40.71235],[-84.15634,40.71222],[-84.15628,40.71212],[-84.15626,40.71203],[-84.15623,40.71192],[-84.15619,40.71171],[-84.15611,40.71154],[-84.15606,40.71144],[-84.15595,40.71135],[-84.15587,40.71133],[-84.15577,40.71129],[-84.15567,40.71127],[-84.15559,40.71126],[-84.15547,40.71124],[-84.15535,40.71123],[-84.15527,40.71124],[-84.15519,40.71126],[-84.15514,40.7113],[-84.15506,40.71131],[-84.1549,40.71133],[-84.15465,40.71133],[-84.15451,40.71132],[-84.15441,40.7113],[-84.1542,40.71122],[-84.15392,40.7111],[-84.15366,40.71104],[-84.15338,40.71097],[-84.15317,40.71094],[-84.1531,40.7109],[-84.15306,40.71086],[-84.15303,40.71074],[-84.153,40.71059],[-84.153,40.7104],[-84.15302,40.7103],[-84.15305,40.71024],[-84.15309,40.71016],[-84.15315,40.71001],[-84.15328,40.70979],[-84.15336,40.70965],[-84.15346,40.70951],[-84.15357,40.7094],[-84.1537,40.7093],[-84.15384,40.7092],[-84.15395,40.70912],[-84.15402,40.70908],[-84.15409,40.70906],[-84.1542,40.70907],[-84.1543,40.70909],[-84.15439,40.70911],[-84.15445,40.70911],[-84.1545,40.70908],[-84.15455,40.70906],[-84.15463,40.70903],[-84.15471,40.70901],[-84.15485,40.70895],[-84.15492,40.70888],[-84.15504,40.7087],[-84.15508,40.70861],[-84.15512,40.70849],[-84.15516,40.70832],[-84.15517,40.70821],[-84.1551,40.70811],[-84.15503,40.70805],[-84.15481,40.70797],[-84.15466,40.70795],[-84.15451,40.70794],[-84.15433,40.70795],[-84.15419,40.70794],[-84.15412,40.70792],[-84.15406,40.70787],[-84.15404,40.70781],[-84.15402,40.70772],[-84.15401,40.70756],[-84.15399,40.70732],[-84.15399,40.70709],[-84.15406,40.70692],[-84.15412,40.7067],[-84.15417,40.7065],[-84.1542,40.70634],[-84.15419,40.70625],[-84.15414,40.70618],[-84.15403,40.7061],[-84.15393,40.70602],[-84.15389,40.70594],[-84.15394,40.70559],[-84.1525,40.70569],[-84.15146,40.70576],[-84.15149,40.7063],[-84.15148,40.70649],[-84.15148,40.70676],[-84.15148,40.70698],[-84.15148,40.70762],[-84.15148,40.70778],[-84.15149,40.708],[-84.15151,40.70967],[-84.15151,40.71015],[-84.15153,40.71147],[-84.15154,40.71182],[-84.15155,40.71274],[-84.15156,40.71355],[-84.15157,40.71497],[-84.15157,40.71558],[-84.15158,40.71588],[-84.15158,40.71625],[-84.15161,40.71862],[-84.15162,40.71915],[-84.15162,40.72015],[-84.15164,40.72117],[-84.15165,40.72216],[-84.15165,40.7222],[-84.15169,40.72289],[-84.15192,40.72288],[-84.15239,40.72285],[-84.15284,40.72283],[-84.15338,40.72282],[-84.15401,40.72281],[-84.15741,40.72277],[-84.15877,40.72276],[-84.15945,40.72276],[-84.16025,40.72275],[-84.16089,40.72275],[-84.16127,40.72274],[-84.16175,40.72274],[-84.16226,40.72274],[-84.16239,40.72274],[-84.16387,40.72272],[-84.16593,40.72269],[-84.16842,40.72269],[-84.16896,40.72267],[-84.17067,40.72267],[-84.17201,40.72266],[-84.17308,40.72267],[-84.17356,40.72267],[-84.17376,40.72267],[-84.17379,40.72253],[-84.17385,40.72235],[-84.17397,40.72218],[-84.17406,40.72207],[-84.17418,40.72197],[-84.17428,40.72193],[-84.17445,40.72189],[-84.17462,40.72186],[-84.17484,40.72183],[-84.17508,40.72179],[-84.17534,40.72176],[-84.17566,40.72176],[-84.17635,40.72165],[-84.17658,40.72158],[-84.17684,40.7215],[-84.17716,40.7214],[-84.17757,40.72127],[-84.17773,40.72122],[-84.17783,40.72117],[-84.17792,40.72111],[-84.17799,40.72109],[-84.1781,40.72108],[-84.17821,40.72106],[-84.17828,40.72101],[-84.17839,40.72094],[-84.17857,40.7208],[-84.17878,40.72065],[-84.179,40.72048],[-84.17911,40.72039],[-84.1792,40.72032],[-84.17925,40.72024],[-84.17936,40.72001],[-84.17942,40.71988],[-84.17945,40.71975]]]}},{"type":"Feature","properties":{"GEOID":"39003002AFS","NAME":"SHAWNEE F","BASENAME":"SHAWNEE F","VTD":"002AFS","POP100":1081,"HU100":390,"AREALAND":"2291573","CENTLAT":"+40.7108182","CENTLON":"-084.1660097"},"geometry":{"type":"Polygon","coordinates":[[[-84.17787,40.71181],[-84.17785,40.71173],[-84.17778,40.71165],[-84.17773,40.7116],[-84.17769,40.71159],[-84.17763,40.71158],[-84.17754,40.71158],[-84.17745,40.71159],[-84.1773,40.71161],[-84.17716,40.71163],[-84.177,40.71165],[-84.17663,40.71166],[-84.17631,40.71167],[-84.17605,40.71167],[-84.1758,40.71167],[-84.17565,40.71166],[-84.17549,40.71163],[-84.17545,40.71077],[-84.17543,40.71006],[-84.17541,40.70978],[-84.17539,40.70936],[-84.1754,40.70909],[-84.17538,40.7087],[-84.17534,40.70834],[-84.17533,40.7082],[-84.17531,40.70794],[-84.17531,40.70763],[-84.17523,40.70429],[-84.17472,40.70441],[-84.17421,40.70453],[-84.1738,40.70461],[-84.17354,40.70467],[-84.17324,40.70472],[-84.17304,40.70474],[-84.1728,40.70475],[-84.17251,40.70476],[-84.17226,40.70477],[-84.17192,40.70478],[-84.16702,40.70488],[-84.16676,40.70489],[-84.16661,40.70489],[-84.16634,40.7049],[-84.16591,40.70491],[-84.16429,40.70495],[-84.16352,40.70497],[-84.16283,40.70499],[-84.16241,40.705],[-84.16208,40.70501],[-84.16099,40.70503],[-84.16069,40.70503],[-84.16007,40.70503],[-84.15977,40.70503],[-84.15922,40.70504],[-84.15876,40.70505],[-84.15759,40.70505],[-84.15725,40.70507],[-84.15693,40.70508],[-84.15678,40.7051],[-84.15665,40.70511],[-84.15651,40.70513],[-84.15643,40.70515],[-84.15542,40.70536],[-84.15511,40.70544],[-84.15482,40.7055],[-84.15456,40.70554],[-84.15435,40.70557],[-84.15412,40.70559],[-84.15394,40.70559],[-84.15389,40.70594],[-84.15393,40.70602],[-84.15403,40.7061],[-84.15414,40.70618],[-84.15419,40.70625],[-84.1542,40.70634],[-84.15417,40.7065],[-84.15412,40.7067],[-84.15406,40.70692],[-84.15399,40.70709],[-84.15399,40.70732],[-84.15401,40.70756],[-84.15402,40.70772],[-84.15404,40.70781],[-84.15406,40.70787],[-84.15412,40.70792],[-84.15419,40.70794],[-84.15433,40.70795],[-84.15451,40.70794],[-84.15466,40.70795],[-84.15481,40.70797],[-84.15503,40.70805],[-84.1551,40.70811],[-84.15517,40.70821],[-84.15516,40.70832],[-84.15512,40.70849],[-84.15508,40.70861],[-84.15504,40.7087],[-84.15492,40.70888],[-84.15485,40.70895],[-84.15471,40.70901],[-84.15463,40.70903],[-84.15455,40.70906],[-84.1545,40.70908],[-84.15445,40.70911],[-84.15439,40.70911],[-84.1543,40.70909],[-84.1542,40.70907],[-84.15409,40.70906],[-84.15402,40.70908],[-84.15395,40.70912],[-84.15384,40.7092],[-84.1537,40.7093],[-84.15357,40.7094],[-84.15346,40.70951],[-84.15336,40.70965],[-84.15328,40.70979],[-84.15315,40.71001],[-84.15309,40.71016],[-84.15305,40.71024],[-84.15302,40.7103],[-84.153,40.7104],[-84.153,40.71059],[-84.15303,40.71074],[-84.15306,40.71086],[-84.1531,40.7109],[-84.15317,40.71094],[-84.15338,40.71097],[-84.15366,40.71104],[-84.15392,40.7111],[-84.1542,40.71122],[-84.15441,40.7113],[-84.15451,40.71132],[-84.15465,40.71133],[-84.1549,40.71133],[-84.15506,40.71131],[-84.15514,40.7113],[-84.15519,40.71126],[-84.15527,40.71124],[-84.15535,40.71123],[-84.15547,40.71124],[-84.15559,40.71126],[-84.15567,40.71127],[-84.15577,40.71129],[-84.15587,40.71133],[-84.15595,40.71135],[-84.15606,40.71144],[-84.15611,40.71154],[-84.15619,40.71171],[-84.15623,40.71192],[-84.15626,40.71203],[-84.15628,40.71212],[-84.15634,40.71222],[-84.15641,40.71235],[-84.15651,40.71248],[-84.15665,40.71264],[-84.15682,40.71282],[-84.15689,40.7129],[-84.15701,40.71304],[-84.15714,40.71321],[-84.15725,40.71333],[-84.15735,40.71347],[-84.15742,40.71359],[-84.15757,40.71373],[-84.15774,40.71388],[-84.15793,40.71402],[-84.15802,40.71408],[-84.15817,40.71419],[-84.15831,40.71427],[-84.15847,40.71436],[-84.15861,40.71444],[-84.15881,40.71457],[-84.15889,40.71463],[-84.15908,40.71474],[-84.15917,40.71478],[-84.15926,40.71483],[-84.15939,40.71496],[-84.15949,40.71503],[-84.15955,40.71512],[-84.15962,40.71525],[-84.15966,40.71539],[-84.15967,40.71546],[-84.15964,40.71566],[-84.1596,40.71582],[-84.15955,40.71597],[-84.15951,40.71608],[-84.15936,40.71628],[-84.15932,40.71634],[-84.1593,40.71646],[-84.15929,40.71659],[-84.15933,40.71676],[-84.15942,40.71696],[-84.15948,40.71704],[-84.15955,40.7171],[-84.15973,40.71723],[-84.15994,40.71735],[-84.16017,40.71746],[-84.16032,40.71752],[-84.16054,40.71755],[-84.16083,40.71758],[-84.16111,40.71759],[-84.1614,40.71762],[-84.16191,40.71765],[-84.16237,40.71768],[-84.16255,40.71767],[-84.16269,40.71768],[-84.16278,40.71768],[-84.16294,40.71765],[-84.16301,40.71763],[-84.16306,40.71762],[-84.16313,40.71761],[-84.16321,40.71761],[-84.16333,40.71761],[-84.16341,40.71762],[-84.16346,40.71764],[-84.16352,40.71764],[-84.1636,40.71763],[-84.16371,40.71761],[-84.16377,40.71759],[-84.16379,40.71758],[-84.16382,40.71755],[-84.16385,40.71754],[-84.16397,40.71754],[-84.164,40.71755],[-84.16402,40.71757],[-84.16403,40.71759],[-84.16407,40.71761],[-84.16413,40.71762],[-84.16437,40.71761],[-84.16466,40.7176],[-84.1649,40.71759],[-84.16497,40.7176],[-84.16502,40.71759],[-84.16509,40.71756],[-84.16531,40.7175],[-84.16553,40.7174],[-84.16554,40.7174],[-84.16567,40.71736],[-84.16578,40.71731],[-84.16588,40.71725],[-84.166,40.71717],[-84.16615,40.71705],[-84.16632,40.71685],[-84.16644,40.71653],[-84.16655,40.71625],[-84.16686,40.71583],[-84.16697,40.71574],[-84.16706,40.71567],[-84.16717,40.71561],[-84.1673,40.71553],[-84.16742,40.71548],[-84.16752,40.71546],[-84.16765,40.71546],[-84.1679,40.7155],[-84.16802,40.7155],[-84.16812,40.71555],[-84.16822,40.71563],[-84.16832,40.71569],[-84.16842,40.71579],[-84.16854,40.71583],[-84.16868,40.71587],[-84.16894,40.71593],[-84.1691,40.71595],[-84.16935,40.71597],[-84.16949,40.716],[-84.16956,40.71603],[-84.16965,40.7161],[-84.16968,40.71616],[-84.1697,40.71633],[-84.16973,40.71639],[-84.16973,40.71646],[-84.1697,40.71657],[-84.16966,40.71669],[-84.16963,40.71675],[-84.16963,40.71679],[-84.16966,40.71682],[-84.16975,40.71684],[-84.16991,40.71685],[-84.17007,40.71689],[-84.17019,40.71695],[-84.1705,40.71709],[-84.17076,40.71724],[-84.17094,40.71735],[-84.17105,40.71742],[-84.17114,40.71746],[-84.17125,40.71753],[-84.17141,40.7176],[-84.17147,40.71763],[-84.17155,40.71763],[-84.17162,40.71763],[-84.17165,40.71764],[-84.17171,40.71767],[-84.17181,40.71773],[-84.1719,40.71778],[-84.17198,40.71779],[-84.17208,40.7178],[-84.17215,40.71782],[-84.1722,40.71784],[-84.17226,40.71786],[-84.17234,40.71787],[-84.17253,40.71787],[-84.17292,40.71785],[-84.17385,40.71776],[-84.1742,40.71774],[-84.17465,40.7177],[-84.17486,40.71767],[-84.175,40.71758],[-84.17505,40.71755],[-84.17514,40.71753],[-84.17522,40.71752],[-84.17534,40.71754],[-84.17574,40.71656],[-84.17563,40.71651],[-84.17558,40.71648],[-84.17557,40.71645],[-84.1756,40.71643],[-84.17565,40.71639],[-84.17569,40.71637],[-84.17572,40.71635],[-84.17573,40.71632],[-84.17575,40.71627],[-84.17581,40.71621],[-84.17588,40.71613],[-84.17596,40.71606],[-84.17608,40.71596],[-84.17621,40.71587],[-84.17634,40.71579],[-84.17637,40.71576],[-84.1764,40.71568],[-84.17643,40.71565],[-84.17648,40.71561],[-84.17655,40.7156],[-84.17659,40.71559],[-84.17662,40.71557],[-84.17669,40.71551],[-84.17675,40.71547],[-84.1768,40.71545],[-84.17684,40.71544],[-84.17689,40.71544],[-84.177,40.71542],[-84.17696,40.7154],[-84.17691,40.71531],[-84.17687,40.71531],[-84.17683,40.71531],[-84.17679,40.71532],[-84.17676,40.71533],[-84.17674,40.71532],[-84.17674,40.7153],[-84.17673,40.71528],[-84.17671,40.71528],[-84.17667,40.71527],[-84.17666,40.71525],[-84.17665,40.71521],[-84.17666,40.71518],[-84.17669,40.71517],[-84.17673,40.71518],[-84.17675,40.71516],[-84.17675,40.71515],[-84.17673,40.71511],[-84.1767,40.71507],[-84.1767,40.71503],[-84.17673,40.71502],[-84.17677,40.715],[-84.17678,40.71497],[-84.17678,40.71492],[-84.17676,40.71487],[-84.17673,40.71485],[-84.1767,40.71483],[-84.17669,40.7148],[-84.17672,40.71479],[-84.17679,40.71479],[-84.17688,40.71479],[-84.17691,40.71479],[-84.17693,40.71475],[-84.17695,40.71469],[-84.17693,40.71465],[-84.17687,40.71461],[-84.17684,40.71458],[-84.17686,40.71456],[-84.1769,40.71453],[-84.17693,40.71449],[-84.17697,40.71447],[-84.17701,40.71447],[-84.17705,40.71448],[-84.17709,40.71448],[-84.17715,40.71446],[-84.17725,40.71442],[-84.1773,40.71439],[-84.17744,40.71431],[-84.1775,40.71425],[-84.1775,40.7142],[-84.17746,40.71408],[-84.17743,40.714],[-84.17741,40.71396],[-84.17743,40.71392],[-84.17746,40.7139],[-84.17748,40.71386],[-84.17747,40.71377],[-84.17748,40.71369],[-84.17748,40.71364],[-84.17745,40.71362],[-84.17739,40.7136],[-84.17735,40.71357],[-84.17736,40.71352],[-84.1774,40.71349],[-84.17744,40.71344],[-84.17745,40.71341],[-84.17746,40.71336],[-84.17749,40.71333],[-84.17754,40.71326],[-84.17754,40.71322],[-84.17752,40.71319],[-84.17756,40.71306],[-84.17759,40.71293],[-84.17758,40.71286],[-84.17762,40.71281],[-84.17765,40.71275],[-84.17766,40.71267],[-84.17763,40.71261],[-84.17761,40.71256],[-84.17762,40.71246],[-84.17759,40.71243],[-84.1776,40.71239],[-84.17764,40.71237],[-84.17768,40.71234],[-84.1777,40.7123],[-84.17768,40.71227],[-84.17768,40.71225],[-84.17769,40.71219],[-84.17773,40.71211],[-84.17778,40.71202],[-84.1778,40.71194],[-84.17779,40.71189],[-84.17783,40.71185],[-84.17787,40.71181]]]}},{"type":"Feature","properties":{"GEOID":"39003002AFT","NAME":"SHAWNEE G","BASENAME":"SHAWNEE G","VTD":"002AFT","POP100":1001,"HU100":399,"AREALAND":"9193095","CENTLAT":"+40.7067604","CENTLON":"-084.2016902"},"geometry":{"type":"Polygon","coordinates":[[[-84.22307,40.71463],[-84.22306,40.71436],[-84.22307,40.7139],[-84.22306,40.71358],[-84.22306,40.71328],[-84.22306,40.71286],[-84.22306,40.71244],[-84.22305,40.71202],[-84.22303,40.71159],[-84.22303,40.71134],[-84.22302,40.71021],[-84.22302,40.70993],[-84.22302,40.7099],[-84.223,40.70951],[-84.223,40.70906],[-84.22299,40.70856],[-84.22298,40.70842],[-84.22298,40.70806],[-84.22297,40.70754],[-84.22297,40.70704],[-84.22296,40.70656],[-84.22294,40.7056],[-84.22294,40.70496],[-84.22294,40.70483],[-84.22292,40.70309],[-84.22292,40.70275],[-84.22292,40.70252],[-84.22291,40.70116],[-84.2229,40.70046],[-84.2229,40.70006],[-84.22289,40.69967],[-84.22288,40.69926],[-84.22288,40.69902],[-84.22289,40.69887],[-84.22287,40.69838],[-84.22287,40.69807],[-84.22286,40.69726],[-84.22285,40.69645],[-84.22285,40.69567],[-84.22285,40.69527],[-84.22284,40.69487],[-84.22284,40.69368],[-84.22285,40.69343],[-84.22193,40.69363],[-84.22178,40.69367],[-84.22087,40.69387],[-84.22025,40.69402],[-84.21989,40.6941],[-84.2193,40.69424],[-84.21895,40.69433],[-84.2189,40.69434],[-84.21849,40.69443],[-84.21812,40.69452],[-84.21752,40.69465],[-84.21609,40.69496],[-84.21602,40.69498],[-84.21561,40.69507],[-84.21552,40.69509],[-84.21538,40.69512],[-84.21482,40.69525],[-84.21405,40.69542],[-84.21328,40.6956],[-84.21253,40.69578],[-84.21164,40.69596],[-84.21014,40.69629],[-84.20901,40.69656],[-84.20836,40.69668],[-84.20741,40.69689],[-84.206,40.6972],[-84.20467,40.69751],[-84.2039,40.69768],[-84.20389,40.69707],[-84.20389,40.69687],[-84.20389,40.69671],[-84.20388,40.69612],[-84.20384,40.69341],[-84.20225,40.69341],[-84.19834,40.69343],[-84.19512,40.69345],[-84.19363,40.69346],[-84.19317,40.69346],[-84.19234,40.6935],[-84.19186,40.6935],[-84.19078,40.6935],[-84.19026,40.69351],[-84.19012,40.69351],[-84.18959,40.69352],[-84.18888,40.69352],[-84.18743,40.69352],[-84.18529,40.69353],[-84.18488,40.69354],[-84.18451,40.69354],[-84.18347,40.69354],[-84.18266,40.69354],[-84.18206,40.69355],[-84.18143,40.69354],[-84.18081,40.69355],[-84.18016,40.69355],[-84.17976,40.69354],[-84.17626,40.69355],[-84.17592,40.69355],[-84.1751,40.69357],[-84.17514,40.69577],[-84.17518,40.69735],[-84.18,40.69731],[-84.18,40.69763],[-84.18156,40.69768],[-84.18309,40.69694],[-84.1839,40.69695],[-84.1839,40.69656],[-84.18745,40.69664],[-84.18764,40.69645],[-84.18763,40.69648],[-84.18761,40.69652],[-84.18762,40.69657],[-84.18762,40.69685],[-84.18762,40.69691],[-84.18764,40.69723],[-84.18702,40.69724],[-84.18629,40.69725],[-84.1852,40.69725],[-84.185,40.69726],[-84.18489,40.69731],[-84.18481,40.69737],[-84.18475,40.69746],[-84.18472,40.6976],[-84.18472,40.69766],[-84.18474,40.69791],[-84.18475,40.69815],[-84.18477,40.69838],[-84.1848,40.69876],[-84.1848,40.69885],[-84.1848,40.69897],[-84.18479,40.6992],[-84.1848,40.69976],[-84.1848,40.69984],[-84.1848,40.69989],[-84.18481,40.70003],[-84.18484,40.70023],[-84.18492,40.70084],[-84.18493,40.70097],[-84.18494,40.70118],[-84.18498,40.70127],[-84.18503,40.70132],[-84.18509,40.70139],[-84.18512,40.70149],[-84.18512,40.70156],[-84.1851,40.70165],[-84.18508,40.70171],[-84.18505,40.70177],[-84.18501,40.70183],[-84.18499,40.70193],[-84.18499,40.70197],[-84.18501,40.70202],[-84.18504,40.70208],[-84.18486,40.70212],[-84.18489,40.7037],[-84.18489,40.70379],[-84.1849,40.70383],[-84.18492,40.70395],[-84.18492,40.7042],[-84.18492,40.70471],[-84.18493,40.70505],[-84.18494,40.70531],[-84.18494,40.70555],[-84.18495,40.70582],[-84.18495,40.70603],[-84.18496,40.70632],[-84.18496,40.70676],[-84.18496,40.7069],[-84.18497,40.70721],[-84.18498,40.70752],[-84.18499,40.70778],[-84.18499,40.70793],[-84.18499,40.70814],[-84.185,40.70838],[-84.185,40.70851],[-84.18501,40.70866],[-84.18501,40.70894],[-84.18502,40.70944],[-84.18502,40.70981],[-84.18501,40.71033],[-84.18504,40.71122],[-84.18505,40.71156],[-84.18508,40.71234],[-84.18508,40.71242],[-84.18509,40.71263],[-84.18509,40.7129],[-84.1851,40.7131],[-84.18511,40.71337],[-84.1851,40.71366],[-84.18511,40.71415],[-84.18513,40.71474],[-84.18513,40.71509],[-84.18514,40.71541],[-84.18515,40.71671],[-84.18515,40.71681],[-84.18514,40.71691],[-84.18514,40.71776],[-84.18514,40.71795],[-84.18514,40.71797],[-84.18515,40.71854],[-84.18516,40.71925],[-84.18517,40.71969],[-84.18519,40.72041],[-84.1852,40.7222],[-84.1852,40.72232],[-84.1852,40.72262],[-84.18662,40.72262],[-84.18708,40.72262],[-84.1879,40.72262],[-84.18828,40.72262],[-84.18916,40.72262],[-84.18974,40.72262],[-84.18993,40.72262],[-84.19008,40.72262],[-84.19063,40.72261],[-84.19182,40.72261],[-84.19244,40.7226],[-84.19286,40.72261],[-84.19324,40.72261],[-84.19424,40.72261],[-84.19498,40.72261],[-84.19595,40.72261],[-84.19661,40.72261],[-84.19775,40.72261],[-84.19825,40.72261],[-84.19858,40.7226],[-84.1987,40.7226],[-84.19885,40.72258],[-84.19895,40.72257],[-84.19913,40.72255],[-84.19927,40.72253],[-84.19952,40.72249],[-84.19978,40.72243],[-84.20007,40.72236],[-84.20032,40.72229],[-84.20053,40.72221],[-84.20077,40.72212],[-84.20097,40.72203],[-84.20108,40.72198],[-84.20128,40.72187],[-84.20148,40.72176],[-84.20166,40.72165],[-84.20195,40.72146],[-84.20224,40.72126],[-84.20244,40.72112],[-84.20262,40.72099],[-84.20277,40.72088],[-84.2039,40.72009],[-84.20424,40.71984],[-84.20476,40.71949],[-84.2053,40.71911],[-84.20578,40.71879],[-84.206,40.71865],[-84.20613,40.71858],[-84.20635,40.71846],[-84.20649,40.71841],[-84.20668,40.71833],[-84.20696,40.71822],[-84.20724,40.71813],[-84.20742,40.71808],[-84.2077,40.71801],[-84.20798,40.71796],[-84.20858,40.71785],[-84.20893,40.71779],[-84.20956,40.71767],[-84.21138,40.71729],[-84.21253,40.71703],[-84.21306,40.71691],[-84.21519,40.71643],[-84.21778,40.71583],[-84.22108,40.71508],[-84.22242,40.71478],[-84.22307,40.71463]]]}},{"type":"Feature","properties":{"GEOID":"39003002AFU","NAME":"SHAWNEE H","BASENAME":"SHAWNEE H","VTD":"002AFU","POP100":1088,"HU100":435,"AREALAND":"2585096","CENTLAT":"+40.6898769","CENTLON":"-084.1846935"},"geometry":{"type":"Polygon","coordinates":[[[-84.20384,40.69341],[-84.20384,40.69333],[-84.20382,40.69167],[-84.20381,40.69088],[-84.20381,40.69068],[-84.20378,40.68847],[-84.20377,40.68811],[-84.20376,40.68741],[-84.20376,40.68728],[-84.20375,40.68611],[-84.20312,40.68611],[-84.20015,40.68615],[-84.19623,40.68616],[-84.19387,40.68618],[-84.19179,40.68618],[-84.19021,40.68619],[-84.18906,40.68619],[-84.18849,40.6862],[-84.1881,40.68623],[-84.18721,40.68623],[-84.18574,40.68623],[-84.18557,40.68623],[-84.1846,40.68622],[-84.18435,40.68622],[-84.18363,40.68623],[-84.18358,40.68623],[-84.18015,40.68626],[-84.17965,40.68626],[-84.17888,40.68627],[-84.175,40.68629],[-84.17456,40.6863],[-84.17423,40.6863],[-84.17325,40.68631],[-84.17205,40.68632],[-84.17185,40.68632],[-84.1714,40.68633],[-84.16977,40.68634],[-84.16939,40.68634],[-84.16872,40.68635],[-84.16677,40.68636],[-84.16551,40.68636],[-84.16552,40.68711],[-84.16552,40.68756],[-84.16555,40.68905],[-84.16555,40.6893],[-84.16555,40.68991],[-84.16556,40.69002],[-84.16555,40.69068],[-84.16556,40.69134],[-84.16557,40.69173],[-84.16557,40.69202],[-84.16558,40.69233],[-84.16558,40.69235],[-84.16558,40.69255],[-84.16558,40.69289],[-84.16558,40.69305],[-84.16559,40.69309],[-84.16559,40.69361],[-84.16663,40.69361],[-84.16735,40.6936],[-84.1676,40.6936],[-84.16832,40.6936],[-84.1751,40.69357],[-84.17592,40.69355],[-84.17626,40.69355],[-84.17976,40.69354],[-84.18016,40.69355],[-84.18081,40.69355],[-84.18143,40.69354],[-84.18206,40.69355],[-84.18266,40.69354],[-84.18347,40.69354],[-84.18451,40.69354],[-84.18488,40.69354],[-84.18529,40.69353],[-84.18743,40.69352],[-84.18888,40.69352],[-84.18959,40.69352],[-84.19012,40.69351],[-84.19026,40.69351],[-84.19078,40.6935],[-84.19186,40.6935],[-84.19234,40.6935],[-84.19317,40.69346],[-84.19363,40.69346],[-84.19512,40.69345],[-84.19834,40.69343],[-84.20225,40.69341],[-84.20384,40.69341]]]}},{"type":"Feature","properties":{"GEOID":"39003002AFV","NAME":"SHAWNEE I","BASENAME":"SHAWNEE I","VTD":"002AFV","POP100":1041,"HU100":393,"AREALAND":"21212872","CENTLAT":"+40.6731858","CENTLON":"-084.1888891"},"geometry":{"type":"Polygon","coordinates":[[[-84.22285,40.69343],[-84.22284,40.69323],[-84.22283,40.69279],[-84.22283,40.69197],[-84.22282,40.69103],[-84.2228,40.68596],[-84.22279,40.68566],[-84.22279,40.68552],[-84.22279,40.68522],[-84.22278,40.68491],[-84.22278,40.6841],[-84.22277,40.68389],[-84.22277,40.68386],[-84.22277,40.68307],[-84.22276,40.68229],[-84.22276,40.68187],[-84.2228,40.68159],[-84.22281,40.68147],[-84.22281,40.6814],[-84.22281,40.68061],[-84.22282,40.67975],[-84.22281,40.67947],[-84.22281,40.67921],[-84.22281,40.67903],[-84.2228,40.67827],[-84.22279,40.67748],[-84.22278,40.67673],[-84.22277,40.67589],[-84.22277,40.67515],[-84.22276,40.67438],[-84.22275,40.67358],[-84.22274,40.67276],[-84.22272,40.67194],[-84.22272,40.67137],[-84.22271,40.67111],[-84.22271,40.6703],[-84.22271,40.66956],[-84.22271,40.66951],[-84.22271,40.66924],[-84.2227,40.66873],[-84.22269,40.66794],[-84.22269,40.66774],[-84.22268,40.66733],[-84.22268,40.66696],[-84.22253,40.66688],[-84.22257,40.66688],[-84.22268,40.66683],[-84.22268,40.66671],[-84.22268,40.66654],[-84.22265,40.66428],[-84.22275,40.65695],[-84.21122,40.65696],[-84.20754,40.65705],[-84.20351,40.65705],[-84.20348,40.65705],[-84.18959,40.6571],[-84.18536,40.65712],[-84.18435,40.65712],[-84.16521,40.65714],[-84.15267,40.65729],[-84.15223,40.65729],[-84.15088,40.65731],[-84.15088,40.65919],[-84.15089,40.66172],[-84.15089,40.66216],[-84.1509,40.66286],[-84.1509,40.66346],[-84.1509,40.66379],[-84.15091,40.66458],[-84.15092,40.66495],[-84.15092,40.66544],[-84.15092,40.66584],[-84.15092,40.66589],[-84.15092,40.66601],[-84.15092,40.66622],[-84.15093,40.66696],[-84.15093,40.66744],[-84.15094,40.66935],[-84.15094,40.66944],[-84.15094,40.66973],[-84.15092,40.67001],[-84.15092,40.67018],[-84.15096,40.67106],[-84.15097,40.67174],[-84.15098,40.67246],[-84.15099,40.67298],[-84.151,40.67381],[-84.15101,40.67478],[-84.15103,40.67524],[-84.15104,40.6766],[-84.15105,40.67721],[-84.15108,40.6789],[-84.15108,40.67913],[-84.15109,40.67979],[-84.1511,40.68036],[-84.1511,40.68074],[-84.15113,40.68249],[-84.15112,40.68293],[-84.15113,40.68421],[-84.15114,40.68509],[-84.15114,40.68562],[-84.15115,40.68645],[-84.15369,40.68641],[-84.15465,40.68641],[-84.15471,40.68641],[-84.15584,40.68641],[-84.15597,40.68641],[-84.15678,40.68639],[-84.15829,40.6864],[-84.15956,40.68639],[-84.16,40.68638],[-84.16064,40.68637],[-84.16196,40.68636],[-84.1642,40.68636],[-84.16551,40.68636],[-84.16677,40.68636],[-84.16872,40.68635],[-84.16939,40.68634],[-84.16977,40.68634],[-84.1714,40.68633],[-84.17185,40.68632],[-84.17205,40.68632],[-84.17325,40.68631],[-84.17423,40.6863],[-84.17456,40.6863],[-84.175,40.68629],[-84.17888,40.68627],[-84.17965,40.68626],[-84.18015,40.68626],[-84.18358,40.68623],[-84.18363,40.68623],[-84.18435,40.68622],[-84.1846,40.68622],[-84.18557,40.68623],[-84.18574,40.68623],[-84.18721,40.68623],[-84.1881,40.68623],[-84.18849,40.6862],[-84.18906,40.68619],[-84.19021,40.68619],[-84.19179,40.68618],[-84.19387,40.68618],[-84.19623,40.68616],[-84.20015,40.68615],[-84.20312,40.68611],[-84.20375,40.68611],[-84.20376,40.68728],[-84.20376,40.68741],[-84.20377,40.68811],[-84.20378,40.68847],[-84.20381,40.69068],[-84.20381,40.69088],[-84.20382,40.69167],[-84.20384,40.69333],[-84.20384,40.69341],[-84.20388,40.69612],[-84.20389,40.69671],[-84.20389,40.69687],[-84.20389,40.69707],[-84.2039,40.69768],[-84.20467,40.69751],[-84.206,40.6972],[-84.20741,40.69689],[-84.20836,40.69668],[-84.20901,40.69656],[-84.21014,40.69629],[-84.21164,40.69596],[-84.21253,40.69578],[-84.21328,40.6956],[-84.21405,40.69542],[-84.21482,40.69525],[-84.21538,40.69512],[-84.21552,40.69509],[-84.21561,40.69507],[-84.21602,40.69498],[-84.21609,40.69496],[-84.21752,40.69465],[-84.21812,40.69452],[-84.21849,40.69443],[-84.2189,40.69434],[-84.21895,40.69433],[-84.2193,40.69424],[-84.21989,40.6941],[-84.22025,40.69402],[-84.22087,40.69387],[-84.22178,40.69367],[-84.22193,40.69363],[-84.22285,40.69343]]]}},{"type":"Feature","properties":{"GEOID":"39003002AGB","NAME":"SHAWNEE J","BASENAME":"SHAWNEE J","VTD":"002AGB","POP100":1175,"HU100":505,"AREALAND":"2023459","CENTLAT":"+40.6933185","CENTLON":"-084.1638718"},"geometry":{"type":"Polygon","coordinates":[[[-84.18,40.69763],[-84.18,40.69731],[-84.17518,40.69735],[-84.17514,40.69577],[-84.1751,40.69357],[-84.16832,40.6936],[-84.1676,40.6936],[-84.16735,40.6936],[-84.16663,40.69361],[-84.16559,40.69361],[-84.16559,40.69309],[-84.16558,40.69305],[-84.16558,40.69289],[-84.16558,40.69255],[-84.16558,40.69235],[-84.16558,40.69233],[-84.16557,40.69202],[-84.16557,40.69173],[-84.16556,40.69134],[-84.16555,40.69068],[-84.16556,40.69002],[-84.16555,40.68991],[-84.16555,40.6893],[-84.16555,40.68905],[-84.16552,40.68756],[-84.16552,40.68711],[-84.16551,40.68636],[-84.1642,40.68636],[-84.16196,40.68636],[-84.16064,40.68637],[-84.16,40.68638],[-84.15956,40.68639],[-84.15829,40.6864],[-84.15678,40.68639],[-84.15597,40.68641],[-84.15584,40.68641],[-84.15471,40.68641],[-84.15465,40.68641],[-84.15369,40.68641],[-84.15115,40.68645],[-84.15114,40.68562],[-84.15114,40.68509],[-84.15113,40.68421],[-84.15112,40.68293],[-84.15113,40.68249],[-84.1511,40.68074],[-84.1511,40.68036],[-84.15109,40.67979],[-84.15075,40.67979],[-84.15005,40.67979],[-84.14862,40.67984],[-84.14795,40.67987],[-84.14795,40.68015],[-84.14797,40.68185],[-84.1481,40.68192],[-84.14771,40.68237],[-84.14809,40.68256],[-84.14765,40.68309],[-84.14769,40.68311],[-84.14771,40.68312],[-84.14792,40.68323],[-84.14787,40.68327],[-84.14776,40.68342],[-84.14752,40.68371],[-84.14785,40.68389],[-84.14836,40.68418],[-84.14823,40.6845],[-84.14809,40.68489],[-84.14777,40.68574],[-84.1475,40.68644],[-84.14747,40.68651],[-84.14758,40.68651],[-84.14875,40.68648],[-84.14908,40.68648],[-84.14933,40.68647],[-84.14997,40.68646],[-84.14997,40.68692],[-84.15057,40.68691],[-84.15059,40.68841],[-84.1512,40.68841],[-84.15121,40.68861],[-84.15122,40.68927],[-84.15124,40.68988],[-84.15369,40.68985],[-84.15366,40.68826],[-84.15375,40.68826],[-84.15597,40.68823],[-84.1574,40.68822],[-84.16061,40.68819],[-84.16064,40.68819],[-84.16072,40.68819],[-84.16073,40.68845],[-84.16074,40.68887],[-84.16078,40.68991],[-84.16046,40.6901],[-84.15309,40.69451],[-84.1531,40.69573],[-84.15361,40.69572],[-84.15799,40.69566],[-84.15837,40.69564],[-84.15888,40.69565],[-84.16008,40.69562],[-84.16083,40.69561],[-84.16083,40.69601],[-84.16085,40.69838],[-84.16086,40.69927],[-84.16253,40.69926],[-84.16795,40.69921],[-84.16895,40.6992],[-84.17042,40.6992],[-84.17044,40.7009],[-84.17117,40.70089],[-84.17141,40.70089],[-84.17295,40.70088],[-84.17295,40.70095],[-84.17295,40.70335],[-84.1753,40.70335],[-84.17529,40.70328],[-84.17529,40.70285],[-84.17528,40.70205],[-84.17527,40.70168],[-84.17527,40.701],[-84.17527,40.70095],[-84.17998,40.70087],[-84.18,40.69763]]]}},{"type":"Feature","properties":{"GEOID":"39003002AGC","NAME":"SHAWNEE K","BASENAME":"SHAWNEE K","VTD":"002AGC","POP100":1134,"HU100":535,"AREALAND":"4773911","CENTLAT":"+40.6797595","CENTLON":"-084.1398712"},"geometry":{"type":"Polygon","coordinates":[[[-84.15109,40.67979],[-84.15108,40.67913],[-84.15108,40.6789],[-84.15105,40.67721],[-84.15104,40.6766],[-84.15103,40.67524],[-84.15101,40.67478],[-84.151,40.67381],[-84.15099,40.67298],[-84.15098,40.67246],[-84.15097,40.67174],[-84.15096,40.67106],[-84.15092,40.67018],[-84.15092,40.67001],[-84.15094,40.66973],[-84.15094,40.66944],[-84.15094,40.66935],[-84.15093,40.66744],[-84.15093,40.66696],[-84.15092,40.66622],[-84.15092,40.66601],[-84.15092,40.66589],[-84.15092,40.66584],[-84.15092,40.66544],[-84.15092,40.66495],[-84.15091,40.66458],[-84.14989,40.66459],[-84.14962,40.6646],[-84.14694,40.66462],[-84.14591,40.66464],[-84.1445,40.66465],[-84.14395,40.66465],[-84.14379,40.66465],[-84.14276,40.66465],[-84.14197,40.66466],[-84.14106,40.66467],[-84.14022,40.66468],[-84.13955,40.66468],[-84.13889,40.66469],[-84.13799,40.6647],[-84.13725,40.66469],[-84.13691,40.6647],[-84.13548,40.6647],[-84.13515,40.6647],[-84.13411,40.6647],[-84.13412,40.66583],[-84.13413,40.66624],[-84.13415,40.66702],[-84.13415,40.66718],[-84.13415,40.66729],[-84.13416,40.66757],[-84.13416,40.66786],[-84.13416,40.66802],[-84.13416,40.66815],[-84.13415,40.6696],[-84.13416,40.66977],[-84.13421,40.66999],[-84.13429,40.67021],[-84.13444,40.67049],[-84.13455,40.67074],[-84.13476,40.67114],[-84.13494,40.67147],[-84.13505,40.67171],[-84.13507,40.67177],[-84.13509,40.67185],[-84.13512,40.67204],[-84.13513,40.67223],[-84.13513,40.67229],[-84.1351,40.67241],[-84.13508,40.67252],[-84.13505,40.67265],[-84.13502,40.67274],[-84.13481,40.67323],[-84.13454,40.6738],[-84.13436,40.67419],[-84.13407,40.67481],[-84.13387,40.67524],[-84.13376,40.67547],[-84.13364,40.67573],[-84.13324,40.6766],[-84.13315,40.67678],[-84.13281,40.67751],[-84.13271,40.67774],[-84.13263,40.67792],[-84.13242,40.67837],[-84.13197,40.67937],[-84.13162,40.68004],[-84.13119,40.68102],[-84.13105,40.68129],[-84.13091,40.68161],[-84.13078,40.68188],[-84.13061,40.68226],[-84.13052,40.68245],[-84.13022,40.68309],[-84.13002,40.68354],[-84.12997,40.68365],[-84.12989,40.68384],[-84.12981,40.68399],[-84.12944,40.68482],[-84.12934,40.68505],[-84.12902,40.6857],[-84.12882,40.68612],[-84.12855,40.68671],[-84.12838,40.68707],[-84.1283,40.68724],[-84.12748,40.68899],[-84.12734,40.68928],[-84.12706,40.68987],[-84.1266,40.69087],[-84.12651,40.69105],[-84.12626,40.6916],[-84.12622,40.6917],[-84.12561,40.69298],[-84.12556,40.69309],[-84.12551,40.69321],[-84.12511,40.69405],[-84.12609,40.69404],[-84.12747,40.69402],[-84.12795,40.69402],[-84.13206,40.69396],[-84.13307,40.69396],[-84.13454,40.69394],[-84.13482,40.69394],[-84.1363,40.69391],[-84.13736,40.6939],[-84.13795,40.69389],[-84.13883,40.69388],[-84.13974,40.69387],[-84.14008,40.69386],[-84.1403,40.69386],[-84.1406,40.69386],[-84.14063,40.69386],[-84.14156,40.69385],[-84.1424,40.69384],[-84.1429,40.69383],[-84.14418,40.69382],[-84.14466,40.69382],[-84.14569,40.69381],[-84.14654,40.6938],[-84.14651,40.69216],[-84.14647,40.69015],[-84.14642,40.68814],[-84.14641,40.68749],[-84.14638,40.68651],[-84.14638,40.6859],[-84.14623,40.68591],[-84.1461,40.68591],[-84.14607,40.68399],[-84.14606,40.68313],[-84.14634,40.68317],[-84.14633,40.68225],[-84.1463,40.67923],[-84.1482,40.6792],[-84.14821,40.67964],[-84.1482,40.67983],[-84.14795,40.67983],[-84.14795,40.67987],[-84.14862,40.67984],[-84.15005,40.67979],[-84.15075,40.67979],[-84.15109,40.67979]]]}},{"type":"Feature","properties":{"GEOID":"39003002AGD","NAME":"SHAWNEE L","BASENAME":"SHAWNEE L","VTD":"002AGD","POP100":1231,"HU100":547,"AREALAND":"11736649","CENTLAT":"+40.6794292","CENTLON":"-084.1216899"},"geometry":{"type":"Polygon","coordinates":[[[-84.15091,40.66458],[-84.1509,40.66379],[-84.1509,40.66346],[-84.1509,40.66286],[-84.15089,40.66216],[-84.15089,40.66172],[-84.15088,40.65919],[-84.15088,40.65731],[-84.15013,40.65733],[-84.14997,40.65733],[-84.14968,40.65733],[-84.14943,40.65734],[-84.14893,40.65734],[-84.14842,40.65735],[-84.14817,40.65735],[-84.14792,40.65735],[-84.14766,40.65735],[-84.14732,40.65736],[-84.14617,40.65737],[-84.14612,40.65737],[-84.14562,40.65737],[-84.14513,40.65738],[-84.14471,40.65738],[-84.14388,40.65739],[-84.14215,40.6574],[-84.14127,40.65741],[-84.14053,40.65744],[-84.13965,40.65748],[-84.13749,40.65751],[-84.13587,40.65754],[-84.13582,40.65754],[-84.13553,40.65755],[-84.13476,40.65755],[-84.13467,40.65755],[-84.13405,40.65753],[-84.13183,40.65763],[-84.13153,40.65764],[-84.13147,40.65764],[-84.13122,40.65764],[-84.1312,40.65764],[-84.13092,40.65764],[-84.12566,40.65765],[-84.12214,40.65765],[-84.10791,40.65794],[-84.10792,40.65961],[-84.10792,40.66014],[-84.10792,40.66096],[-84.10793,40.66109],[-84.10794,40.66181],[-84.10794,40.66217],[-84.10794,40.66325],[-84.10795,40.66488],[-84.10796,40.66573],[-84.10798,40.66709],[-84.10803,40.66944],[-84.10804,40.66997],[-84.10803,40.67065],[-84.10805,40.67096],[-84.10804,40.67139],[-84.10806,40.67224],[-84.10807,40.6727],[-84.10807,40.6731],[-84.10807,40.67326],[-84.10807,40.67371],[-84.10807,40.67398],[-84.10808,40.67421],[-84.10807,40.67442],[-84.10807,40.67463],[-84.10807,40.67469],[-84.10809,40.67509],[-84.1081,40.67595],[-84.1081,40.67607],[-84.10811,40.6765],[-84.10811,40.67707],[-84.10811,40.67743],[-84.10812,40.67755],[-84.10813,40.6784],[-84.10813,40.67877],[-84.10814,40.67913],[-84.10815,40.67944],[-84.10814,40.67978],[-84.10814,40.68012],[-84.10814,40.68026],[-84.10815,40.6804],[-84.10814,40.68056],[-84.10815,40.68098],[-84.10815,40.68122],[-84.10815,40.68146],[-84.10816,40.68189],[-84.10816,40.682],[-84.10816,40.68214],[-84.10816,40.68228],[-84.10815,40.68254],[-84.10814,40.68285],[-84.10814,40.68291],[-84.10814,40.68298],[-84.10814,40.68315],[-84.10814,40.68345],[-84.10814,40.68374],[-84.10815,40.68404],[-84.10815,40.68433],[-84.10816,40.68462],[-84.10816,40.68499],[-84.10817,40.68525],[-84.10817,40.68582],[-84.10817,40.68588],[-84.10817,40.68602],[-84.10817,40.68616],[-84.10817,40.68639],[-84.10817,40.68651],[-84.10818,40.68667],[-84.10817,40.687],[-84.10817,40.68767],[-84.10818,40.68804],[-84.10817,40.68841],[-84.10818,40.68877],[-84.10818,40.68913],[-84.10819,40.68977],[-84.10819,40.68982],[-84.10819,40.69087],[-84.10819,40.69362],[-84.1082,40.69422],[-84.1082,40.69506],[-84.1082,40.69508],[-84.1082,40.69513],[-84.1082,40.69528],[-84.1082,40.69575],[-84.1082,40.69628],[-84.10821,40.69683],[-84.10821,40.69724],[-84.10821,40.69744],[-84.10821,40.69776],[-84.10822,40.6985],[-84.10822,40.69861],[-84.10822,40.69864],[-84.10822,40.69884],[-84.10822,40.70117],[-84.10822,40.70222],[-84.10824,40.70355],[-84.10824,40.70437],[-84.10823,40.70522],[-84.10825,40.70606],[-84.10825,40.70688],[-84.10826,40.70734],[-84.10827,40.70769],[-84.10829,40.70853],[-84.10932,40.70851],[-84.10988,40.70851],[-84.11122,40.7085],[-84.11162,40.7085],[-84.11183,40.7085],[-84.11238,40.7085],[-84.11285,40.7085],[-84.11307,40.7085],[-84.11373,40.70851],[-84.11415,40.70851],[-84.11473,40.70853],[-84.11529,40.70853],[-84.11558,40.70853],[-84.1161,40.70854],[-84.11661,40.70855],[-84.1168,40.70855],[-84.11718,40.70856],[-84.11772,40.70857],[-84.11806,40.70858],[-84.11825,40.70858],[-84.11838,40.70857],[-84.1185,40.70855],[-84.11831,40.70893],[-84.11813,40.70933],[-84.11756,40.71056],[-84.11748,40.71072],[-84.11729,40.71113],[-84.11709,40.71156],[-84.11693,40.71191],[-84.11679,40.71221],[-84.11674,40.71231],[-84.1166,40.7126],[-84.1164,40.71303],[-84.11746,40.71304],[-84.11809,40.71303],[-84.11811,40.71303],[-84.11834,40.71303],[-84.11844,40.71303],[-84.11862,40.71303],[-84.11918,40.71303],[-84.11942,40.71303],[-84.11958,40.71303],[-84.12052,40.71303],[-84.12091,40.71303],[-84.12132,40.71342],[-84.12148,40.71333],[-84.12164,40.71324],[-84.12216,40.71293],[-84.12227,40.71286],[-84.12228,40.71285],[-84.12235,40.71281],[-84.12263,40.71265],[-84.12294,40.71246],[-84.12293,40.71235],[-84.12288,40.71179],[-84.12282,40.71048],[-84.12281,40.70988],[-84.12282,40.70951],[-84.12282,40.70923],[-84.12281,40.7086],[-84.12331,40.70861],[-84.12522,40.70863],[-84.12684,40.70865],[-84.12767,40.70866],[-84.12769,40.70827],[-84.12763,40.70424],[-84.12751,40.70123],[-84.12179,40.70125],[-84.12201,40.70078],[-84.12307,40.69849],[-84.12311,40.69841],[-84.12334,40.69793],[-84.12342,40.69774],[-84.12354,40.69749],[-84.12367,40.69723],[-84.12375,40.69704],[-84.12391,40.69671],[-84.12399,40.69652],[-84.1241,40.69627],[-84.12415,40.69617],[-84.12441,40.6956],[-84.12467,40.69502],[-84.12511,40.69405],[-84.12551,40.69321],[-84.12556,40.69309],[-84.12561,40.69298],[-84.12622,40.6917],[-84.12626,40.6916],[-84.12651,40.69105],[-84.1266,40.69087],[-84.12706,40.68987],[-84.12734,40.68928],[-84.12748,40.68899],[-84.1283,40.68724],[-84.12838,40.68707],[-84.12855,40.68671],[-84.12882,40.68612],[-84.12902,40.6857],[-84.12934,40.68505],[-84.12944,40.68482],[-84.12981,40.68399],[-84.12989,40.68384],[-84.12997,40.68365],[-84.13002,40.68354],[-84.13022,40.68309],[-84.13052,40.68245],[-84.13061,40.68226],[-84.13078,40.68188],[-84.13091,40.68161],[-84.13105,40.68129],[-84.13119,40.68102],[-84.13162,40.68004],[-84.13197,40.67937],[-84.13242,40.67837],[-84.13263,40.67792],[-84.13271,40.67774],[-84.13281,40.67751],[-84.13315,40.67678],[-84.13324,40.6766],[-84.13364,40.67573],[-84.13376,40.67547],[-84.13387,40.67524],[-84.13407,40.67481],[-84.13436,40.67419],[-84.13454,40.6738],[-84.13481,40.67323],[-84.13502,40.67274],[-84.13505,40.67265],[-84.13508,40.67252],[-84.1351,40.67241],[-84.13513,40.67229],[-84.13513,40.67223],[-84.13512,40.67204],[-84.13509,40.67185],[-84.13507,40.67177],[-84.13505,40.67171],[-84.13494,40.67147],[-84.13476,40.67114],[-84.13455,40.67074],[-84.13444,40.67049],[-84.13429,40.67021],[-84.13421,40.66999],[-84.13416,40.66977],[-84.13415,40.6696],[-84.13416,40.66815],[-84.13416,40.66802],[-84.13416,40.66786],[-84.13416,40.66757],[-84.13415,40.66729],[-84.13415,40.66718],[-84.13415,40.66702],[-84.13413,40.66624],[-84.13412,40.66583],[-84.13411,40.6647],[-84.13515,40.6647],[-84.13548,40.6647],[-84.13691,40.6647],[-84.13725,40.66469],[-84.13799,40.6647],[-84.13889,40.66469],[-84.13955,40.66468],[-84.14022,40.66468],[-84.14106,40.66467],[-84.14197,40.66466],[-84.14276,40.66465],[-84.14379,40.66465],[-84.14395,40.66465],[-84.1445,40.66465],[-84.14591,40.66464],[-84.14694,40.66462],[-84.14962,40.6646],[-84.14989,40.66459],[-84.15091,40.66458]]]}},{"type":"Feature","properties":{"GEOID":"39003002AGI","NAME":"SPENCER A","BASENAME":"SPENCER A","VTD":"002AGI","POP100":869,"HU100":338,"AREALAND":"57869942","CENTLAT":"+40.7334981","CENTLON":"-084.3650997"},"geometry":{"type":"Polygon","coordinates":[[[-84.39719,40.78658],[-84.39718,40.78387],[-84.39718,40.78381],[-84.39716,40.78093],[-84.39716,40.77937],[-84.39713,40.77698],[-84.39712,40.77607],[-84.39711,40.7748],[-84.39711,40.77366],[-84.39709,40.77209],[-84.39711,40.77132],[-84.3971,40.76952],[-84.39711,40.76711],[-84.39712,40.76542],[-84.39711,40.76505],[-84.39702,40.75803],[-84.39701,40.75763],[-84.39701,40.75736],[-84.39701,40.75723],[-84.39702,40.75527],[-84.39706,40.75271],[-84.39708,40.75031],[-84.39708,40.75004],[-84.39706,40.7474],[-84.39705,40.74675],[-84.39703,40.74435],[-84.39702,40.74378],[-84.39702,40.74311],[-84.39702,40.74131],[-84.39703,40.73978],[-84.39703,40.73923],[-84.39703,40.73869],[-84.39702,40.73789],[-84.39702,40.73759],[-84.39702,40.73746],[-84.39702,40.73726],[-84.39703,40.7365],[-84.39703,40.73584],[-84.39703,40.73582],[-84.39704,40.73348],[-84.39705,40.7329],[-84.39706,40.7294],[-84.39706,40.72895],[-84.39704,40.72858],[-84.39702,40.7283],[-84.39699,40.72765],[-84.39699,40.72743],[-84.39699,40.72668],[-84.39698,40.72616],[-84.39698,40.72566],[-84.39698,40.72545],[-84.39697,40.72524],[-84.39697,40.72476],[-84.39696,40.72385],[-84.39695,40.72285],[-84.39695,40.72139],[-84.39694,40.71457],[-84.39694,40.71411],[-84.39694,40.71406],[-84.39695,40.71383],[-84.39695,40.71365],[-84.39692,40.71014],[-84.39689,40.70745],[-84.39689,40.70713],[-84.39688,40.70681],[-84.39689,40.70412],[-84.39687,40.70252],[-84.39686,40.70161],[-84.39686,40.69953],[-84.39686,40.69925],[-84.39685,40.69778],[-84.39683,40.69589],[-84.39683,40.69525],[-84.39683,40.69461],[-84.39682,40.69419],[-84.39682,40.69395],[-84.39683,40.6931],[-84.39682,40.69225],[-84.39678,40.68493],[-84.37761,40.68495],[-84.37495,40.68495],[-84.36606,40.68503],[-84.36571,40.68503],[-84.36501,40.68503],[-84.36469,40.68504],[-84.36463,40.68504],[-84.35273,40.68509],[-84.33929,40.68508],[-84.33929,40.6856],[-84.33866,40.6856],[-84.31821,40.68566],[-84.31824,40.68773],[-84.31825,40.68851],[-84.31825,40.68931],[-84.31826,40.69006],[-84.31828,40.6914],[-84.31829,40.69293],[-84.31829,40.69385],[-84.3183,40.69427],[-84.31831,40.69514],[-84.31831,40.69549],[-84.31832,40.69607],[-84.31834,40.69756],[-84.31836,40.6983],[-84.31837,40.6989],[-84.31837,40.69963],[-84.31838,40.7002],[-84.31838,40.70079],[-84.31839,40.70141],[-84.3184,40.70242],[-84.31844,40.70358],[-84.31848,40.70585],[-84.31849,40.70744],[-84.3185,40.70843],[-84.31848,40.70951],[-84.31848,40.71011],[-84.31849,40.71055],[-84.3185,40.71209],[-84.3185,40.71275],[-84.3185,40.71344],[-84.31851,40.71411],[-84.31851,40.71466],[-84.32025,40.71465],[-84.32164,40.71464],[-84.33629,40.71454],[-84.3365,40.71454],[-84.33655,40.71454],[-84.3383,40.71454],[-84.33954,40.71454],[-84.33952,40.71928],[-84.33953,40.72221],[-84.33976,40.73307],[-84.33981,40.73491],[-84.3398,40.73502],[-84.33974,40.736],[-84.33974,40.73602],[-84.3395,40.73666],[-84.3395,40.73816],[-84.33949,40.74769],[-84.33953,40.75005],[-84.33984,40.75005],[-84.33984,40.75058],[-84.33977,40.75783],[-84.33986,40.76398],[-84.33987,40.76956],[-84.34,40.77211],[-84.34004,40.77381],[-84.33993,40.77969],[-84.34004,40.78566],[-84.34002,40.78686],[-84.34002,40.78695],[-84.34946,40.78683],[-84.35213,40.7868],[-84.35288,40.78678],[-84.35511,40.78676],[-84.35897,40.78676],[-84.36105,40.7868],[-84.36556,40.78678],[-84.37494,40.78677],[-84.37834,40.78671],[-84.38387,40.78668],[-84.38773,40.78664],[-84.39719,40.78658]],[[-84.36603,40.7068],[-84.36603,40.70691],[-84.36599,40.70691],[-84.3654,40.70691],[-84.36353,40.70692],[-84.36346,40.70691],[-84.36343,40.7069],[-84.36339,40.70688],[-84.36337,40.70686],[-84.36336,40.70683],[-84.36335,40.7068],[-84.36334,40.70675],[-84.36334,40.70669],[-84.36335,40.70646],[-84.36336,40.70624],[-84.36335,40.70622],[-84.36333,40.7062],[-84.36331,40.70618],[-84.36327,40.70615],[-84.36324,40.70613],[-84.36321,40.70612],[-84.36319,40.70612],[-84.36306,40.70612],[-84.36276,40.70612],[-84.36268,40.70613],[-84.36268,40.70665],[-84.36127,40.70668],[-84.36126,40.70856],[-84.36342,40.70856],[-84.36342,40.70889],[-84.36341,40.71051],[-84.36004,40.71052],[-84.35857,40.71053],[-84.35857,40.71071],[-84.35859,40.71234],[-84.35858,40.71341],[-84.35859,40.71386],[-84.3586,40.71416],[-84.35858,40.71549],[-84.35858,40.71553],[-84.35807,40.71552],[-84.35393,40.71552],[-84.35394,40.71657],[-84.35104,40.71652],[-84.35054,40.71651],[-84.35003,40.71652],[-84.34991,40.71653],[-84.34978,40.71653],[-84.34945,40.71653],[-84.34924,40.71652],[-84.34908,40.71652],[-84.34908,40.71654],[-84.34908,40.71675],[-84.34908,40.71686],[-84.34907,40.71693],[-84.34906,40.71702],[-84.34904,40.71711],[-84.34901,40.71719],[-84.34721,40.71719],[-84.34658,40.71719],[-84.34629,40.71719],[-84.34567,40.71719],[-84.34583,40.71691],[-84.34604,40.71652],[-84.34555,40.71652],[-84.34554,40.71619],[-84.34554,40.71542],[-84.34553,40.71464],[-84.34553,40.71457],[-84.34553,40.7145],[-84.34553,40.71446],[-84.34553,40.71422],[-84.34552,40.71357],[-84.34552,40.71334],[-84.34551,40.71275],[-84.34557,40.70995],[-84.34556,40.70991],[-84.34557,40.70905],[-84.34557,40.70815],[-84.34557,40.70782],[-84.34558,40.70721],[-84.34486,40.70721],[-84.34486,40.70675],[-84.34249,40.70675],[-84.3425,40.70725],[-84.34152,40.70727],[-84.34054,40.70728],[-84.33955,40.70729],[-84.33954,40.70697],[-84.33955,40.70619],[-84.33948,40.70455],[-84.33948,40.7045],[-84.33949,40.70444],[-84.33987,40.70444],[-84.34002,40.70444],[-84.34001,40.70376],[-84.34003,40.70376],[-84.34053,40.70376],[-84.34051,40.70361],[-84.3405,40.70349],[-84.3405,40.70338],[-84.34067,40.70337],[-84.34185,40.70337],[-84.34241,40.70336],[-84.34269,40.70336],[-84.34298,40.70336],[-84.34296,40.70068],[-84.34295,40.70044],[-84.34471,40.70044],[-84.34494,40.70043],[-84.34493,40.69966],[-84.34495,40.69966],[-84.34518,40.69966],[-84.34519,40.70043],[-84.34687,40.70043],[-84.3469,40.70076],[-84.34693,40.70114],[-84.34702,40.70186],[-84.34706,40.70237],[-84.34709,40.70264],[-84.34712,40.70272],[-84.34715,40.70281],[-84.34721,40.70292],[-84.34737,40.70312],[-84.34755,40.70333],[-84.35057,40.70333],[-84.35105,40.70333],[-84.35226,40.70099],[-84.35234,40.70085],[-84.35472,40.70085],[-84.35498,40.70085],[-84.35549,40.70085],[-84.35689,40.70085],[-84.35802,40.70085],[-84.35826,40.70085],[-84.35851,40.70085],[-84.3582,40.70144],[-84.35862,40.70146],[-84.35949,40.70142],[-84.35963,40.70142],[-84.35982,40.70142],[-84.36003,40.70142],[-84.36248,40.70143],[-84.3635,40.70143],[-84.36343,40.70388],[-84.36341,40.70439],[-84.36558,40.70438],[-84.36601,40.70438],[-84.36603,40.7068]]]}},{"type":"Feature","properties":{"GEOID":"39003002AGK","NAME":"SPENCERVILLE A","BASENAME":"SPENCERVILLE A","VTD":"002AGK","POP100":1133,"HU100":476,"AREALAND":"1296858","CENTLAT":"+40.7069540","CENTLON":"-084.3483910"},"geometry":{"type":"Polygon","coordinates":[[[-84.35793,40.70102],[-84.35802,40.70085],[-84.35689,40.70085],[-84.35549,40.70085],[-84.35498,40.70085],[-84.35472,40.70085],[-84.35234,40.70085],[-84.35226,40.70099],[-84.35105,40.70333],[-84.35057,40.70333],[-84.34755,40.70333],[-84.34737,40.70312],[-84.34721,40.70292],[-84.34715,40.70281],[-84.34712,40.70272],[-84.34709,40.70264],[-84.34706,40.70237],[-84.34702,40.70186],[-84.34693,40.70114],[-84.3469,40.70076],[-84.34687,40.70043],[-84.34519,40.70043],[-84.34518,40.69966],[-84.34495,40.69966],[-84.34493,40.69966],[-84.34494,40.70043],[-84.34471,40.70044],[-84.34295,40.70044],[-84.34296,40.70068],[-84.34298,40.70336],[-84.34269,40.70336],[-84.34241,40.70336],[-84.34185,40.70337],[-84.34067,40.70337],[-84.3405,40.70338],[-84.3405,40.70349],[-84.34051,40.70361],[-84.34053,40.70376],[-84.34003,40.70376],[-84.34001,40.70376],[-84.34002,40.70444],[-84.33987,40.70444],[-84.33949,40.70444],[-84.33948,40.7045],[-84.33948,40.70455],[-84.33955,40.70619],[-84.33954,40.70697],[-84.33955,40.70729],[-84.34054,40.70728],[-84.34152,40.70727],[-84.3425,40.70725],[-84.34249,40.70675],[-84.34486,40.70675],[-84.34486,40.70721],[-84.34558,40.70721],[-84.34557,40.70782],[-84.34557,40.70815],[-84.34557,40.70905],[-84.34556,40.70991],[-84.34557,40.70995],[-84.34551,40.71275],[-84.34552,40.71334],[-84.34552,40.71357],[-84.34553,40.71422],[-84.34553,40.71446],[-84.34553,40.7145],[-84.34553,40.71457],[-84.34553,40.71464],[-84.34554,40.71542],[-84.34554,40.71619],[-84.34555,40.71652],[-84.34604,40.71652],[-84.34583,40.71691],[-84.34567,40.71719],[-84.34629,40.71719],[-84.34658,40.71719],[-84.34721,40.71719],[-84.34901,40.71719],[-84.34904,40.71711],[-84.34906,40.71702],[-84.34907,40.71693],[-84.34908,40.71686],[-84.34908,40.71675],[-84.34908,40.71654],[-84.34908,40.71652],[-84.34909,40.71577],[-84.34909,40.71572],[-84.34909,40.71458],[-84.34909,40.71452],[-84.34909,40.71447],[-84.34909,40.71423],[-84.34907,40.71337],[-84.34943,40.71306],[-84.34964,40.71287],[-84.35004,40.7125],[-84.35027,40.7123],[-84.3508,40.71181],[-84.351,40.71162],[-84.35124,40.71139],[-84.35171,40.71095],[-84.35211,40.71058],[-84.3523,40.7104],[-84.35255,40.71019],[-84.35285,40.70992],[-84.35342,40.70881],[-84.35345,40.70874],[-84.35406,40.70756],[-84.35467,40.70638],[-84.35501,40.70565],[-84.35518,40.70536],[-84.35526,40.7052],[-84.3553,40.70512],[-84.3558,40.70415],[-84.35591,40.70393],[-84.35602,40.70373],[-84.35613,40.7035],[-84.35634,40.70313],[-84.35643,40.70293],[-84.35648,40.70284],[-84.35658,40.70264],[-84.35669,40.70246],[-84.3568,40.7023],[-84.35692,40.70214],[-84.35706,40.702],[-84.35714,40.70194],[-84.35734,40.70176],[-84.35754,40.70157],[-84.3577,40.70139],[-84.35771,40.70137],[-84.35782,40.70121],[-84.35793,40.70102]]]}},{"type":"Feature","properties":{"GEOID":"39003002AGL","NAME":"SPENCERVILLE B","BASENAME":"SPENCERVILLE B","VTD":"002AGL","POP100":1065,"HU100":421,"AREALAND":"1201680","CENTLAT":"+40.7089596","CENTLON":"-084.3573039"},"geometry":{"type":"Polygon","coordinates":[[[-84.36603,40.70691],[-84.36603,40.7068],[-84.36601,40.70438],[-84.36558,40.70438],[-84.36341,40.70439],[-84.36343,40.70388],[-84.3635,40.70143],[-84.36248,40.70143],[-84.36003,40.70142],[-84.35982,40.70142],[-84.35963,40.70142],[-84.35949,40.70142],[-84.35862,40.70146],[-84.3582,40.70144],[-84.35851,40.70085],[-84.35826,40.70085],[-84.35802,40.70085],[-84.35793,40.70102],[-84.35782,40.70121],[-84.35771,40.70137],[-84.3577,40.70139],[-84.35754,40.70157],[-84.35734,40.70176],[-84.35714,40.70194],[-84.35706,40.702],[-84.35692,40.70214],[-84.3568,40.7023],[-84.35669,40.70246],[-84.35658,40.70264],[-84.35648,40.70284],[-84.35643,40.70293],[-84.35634,40.70313],[-84.35613,40.7035],[-84.35602,40.70373],[-84.35591,40.70393],[-84.3558,40.70415],[-84.3553,40.70512],[-84.35526,40.7052],[-84.35518,40.70536],[-84.35501,40.70565],[-84.35467,40.70638],[-84.35406,40.70756],[-84.35345,40.70874],[-84.35342,40.70881],[-84.35285,40.70992],[-84.35255,40.71019],[-84.3523,40.7104],[-84.35211,40.71058],[-84.35171,40.71095],[-84.35124,40.71139],[-84.351,40.71162],[-84.3508,40.71181],[-84.35027,40.7123],[-84.35004,40.7125],[-84.34964,40.71287],[-84.34943,40.71306],[-84.34907,40.71337],[-84.34909,40.71423],[-84.34909,40.71447],[-84.34909,40.71452],[-84.34909,40.71458],[-84.34909,40.71572],[-84.34909,40.71577],[-84.34908,40.71652],[-84.34924,40.71652],[-84.34945,40.71653],[-84.34978,40.71653],[-84.34991,40.71653],[-84.35003,40.71652],[-84.35054,40.71651],[-84.35104,40.71652],[-84.35394,40.71657],[-84.35393,40.71552],[-84.35807,40.71552],[-84.35858,40.71553],[-84.35858,40.71549],[-84.3586,40.71416],[-84.35859,40.71386],[-84.35858,40.71341],[-84.35859,40.71234],[-84.35857,40.71071],[-84.35857,40.71053],[-84.36004,40.71052],[-84.36341,40.71051],[-84.36342,40.70889],[-84.36342,40.70856],[-84.36126,40.70856],[-84.36127,40.70668],[-84.36268,40.70665],[-84.36268,40.70613],[-84.36276,40.70612],[-84.36306,40.70612],[-84.36319,40.70612],[-84.36321,40.70612],[-84.36324,40.70613],[-84.36327,40.70615],[-84.36331,40.70618],[-84.36333,40.7062],[-84.36335,40.70622],[-84.36336,40.70624],[-84.36335,40.70646],[-84.36334,40.70669],[-84.36334,40.70675],[-84.36335,40.7068],[-84.36336,40.70683],[-84.36337,40.70686],[-84.36339,40.70688],[-84.36343,40.7069],[-84.36346,40.70691],[-84.36353,40.70692],[-84.3654,40.70691],[-84.36599,40.70691],[-84.36603,40.70691]]]}},{"type":"Feature","properties":{"GEOID":"39003002AGN","NAME":"SUGAR CREEK","BASENAME":"SUGAR CREEK","VTD":"002AGN","POP100":1231,"HU100":515,"AREALAND":"62402084","CENTLAT":"+40.8308684","CENTLON":"-084.1668154"},"geometry":{"type":"Polygon","coordinates":[[[-84.22485,40.85931],[-84.22484,40.85863],[-84.22484,40.85793],[-84.22481,40.85655],[-84.22481,40.85586],[-84.2248,40.85516],[-84.22479,40.85446],[-84.22478,40.85376],[-84.22476,40.85307],[-84.22475,40.85237],[-84.22474,40.85106],[-84.2247,40.8499],[-84.2247,40.8497],[-84.2247,40.84896],[-84.22471,40.84844],[-84.22469,40.84816],[-84.22463,40.84564],[-84.22441,40.83681],[-84.22443,40.83655],[-84.22455,40.83423],[-84.22426,40.82358],[-84.22417,40.81658],[-84.22415,40.80796],[-84.22416,40.80788],[-84.22416,40.80765],[-84.22416,40.80735],[-84.22416,40.80709],[-84.22416,40.80676],[-84.22415,40.80645],[-84.22415,40.80614],[-84.22415,40.80601],[-84.22414,40.80554],[-84.22415,40.80488],[-84.22413,40.80463],[-84.22413,40.80452],[-84.22411,40.80412],[-84.22411,40.80384],[-84.22411,40.80379],[-84.22411,40.80349],[-84.2241,40.8029],[-84.22411,40.80261],[-84.2241,40.80247],[-84.22408,40.80205],[-84.22408,40.80179],[-84.22407,40.80154],[-84.22407,40.80125],[-84.22015,40.80135],[-84.21755,40.80153],[-84.21738,40.80154],[-84.21689,40.80155],[-84.21601,40.80156],[-84.2154,40.80157],[-84.2149,40.80157],[-84.21436,40.80158],[-84.21378,40.80159],[-84.21321,40.8016],[-84.21264,40.80161],[-84.21207,40.80161],[-84.21152,40.80161],[-84.21031,40.80164],[-84.20978,40.80164],[-84.20922,40.80165],[-84.20878,40.80165],[-84.20829,40.80165],[-84.20788,40.80165],[-84.20748,40.80166],[-84.20701,40.80167],[-84.20657,40.80168],[-84.20629,40.80168],[-84.20608,40.80169],[-84.20577,40.80169],[-84.20562,40.80169],[-84.20505,40.80169],[-84.20448,40.8017],[-84.20373,40.80158],[-84.20354,40.80157],[-84.20339,40.80155],[-84.19373,40.80135],[-84.18949,40.80154],[-84.18935,40.80155],[-84.17704,40.80155],[-84.17576,40.80156],[-84.17297,40.80158],[-84.17041,40.80161],[-84.16788,40.80162],[-84.16448,40.80164],[-84.16421,40.80166],[-84.16394,40.80168],[-84.16377,40.80171],[-84.1636,40.80173],[-84.16262,40.80175],[-84.16216,40.80177],[-84.16146,40.80178],[-84.16078,40.80179],[-84.15902,40.80183],[-84.15809,40.80185],[-84.15741,40.80187],[-84.15702,40.80188],[-84.15684,40.80189],[-84.15665,40.80188],[-84.1563,40.80188],[-84.15568,40.80187],[-84.15487,40.80185],[-84.15421,40.80184],[-84.15357,40.80183],[-84.15297,40.80182],[-84.15241,40.80181],[-84.15182,40.8018],[-84.15125,40.80178],[-84.15068,40.80177],[-84.15014,40.80176],[-84.14959,40.80176],[-84.14927,40.80176],[-84.14831,40.80174],[-84.14741,40.80175],[-84.14667,40.80176],[-84.14601,40.80176],[-84.14586,40.80176],[-84.1451,40.80176],[-84.14443,40.80177],[-84.14311,40.80179],[-84.14177,40.8018],[-84.14036,40.80182],[-84.13909,40.80184],[-84.1385,40.80185],[-84.13811,40.80186],[-84.13794,40.80188],[-84.13775,40.8019],[-84.13746,40.80192],[-84.13615,40.80193],[-84.13415,40.80197],[-84.13342,40.80198],[-84.13283,40.80198],[-84.13258,40.80199],[-84.13213,40.80199],[-84.13074,40.80202],[-84.13035,40.80203],[-84.12837,40.80209],[-84.11022,40.80269],[-84.1089,40.80275],[-84.10893,40.80294],[-84.10896,40.80311],[-84.109,40.80327],[-84.10915,40.80581],[-84.10918,40.80973],[-84.10921,40.81313],[-84.10925,40.81728],[-84.10926,40.82402],[-84.10926,40.82426],[-84.1092,40.83182],[-84.10924,40.83471],[-84.10924,40.83531],[-84.10929,40.83889],[-84.1093,40.83968],[-84.1093,40.83998],[-84.10932,40.84107],[-84.10932,40.84124],[-84.10934,40.84269],[-84.10938,40.84633],[-84.10938,40.84641],[-84.10945,40.85011],[-84.10946,40.85075],[-84.10949,40.8525],[-84.10952,40.85396],[-84.10953,40.85634],[-84.10959,40.86099],[-84.11521,40.86072],[-84.1169,40.86063],[-84.11908,40.86052],[-84.12497,40.86034],[-84.13033,40.86019],[-84.13046,40.86018],[-84.13792,40.86013],[-84.16654,40.85992],[-84.18744,40.85963],[-84.19221,40.85968],[-84.19284,40.85967],[-84.19319,40.85966],[-84.19336,40.85966],[-84.19342,40.85966],[-84.19587,40.8597],[-84.19827,40.85971],[-84.19829,40.85971],[-84.1983,40.85971],[-84.20557,40.85954],[-84.22479,40.85931],[-84.22485,40.85931]]]}}]}
